"example_id","query_id","query","product_id","product_title","esci_label","image_path"
1816361,92757,"shoes no laces men","B003UHUO60","New Balance Men's 577 V1 Hook and Loop Walking Shoe, Black, 8.5 W US","E","data/esci1500_thumbs/img/B003UHUO60.jpg"
1895887,96955,"spongebob halloween costume","B00E67AHL0","Rubie's Adult Sponge Out of Water Costume Spongebob Deluxe","E","data/esci1500_thumbs/img/B00E67AHL0.jpg"
1822491,93088,"sibley field guide to birds of western north america","0679451218","The Sibley Field Guide to Birds of Western North America","E","data/esci1500_thumbs/img/0679451218.jpg"
1880448,96123,"sony hdr-cx675 stand","B00C9FJLNQ","Sony VCT-VPR1 Compact Remote Control Tripod","E","data/esci1500_thumbs/img/B00C9FJLNQ.jpg"
1895616,96940,"sponge bob games controller","B00014BWQ6","Jakks SpongeBob SquarePants TV Game","E","data/esci1500_thumbs/img/B00014BWQ6.jpg"
1959723,100299,"tach adapter","B00063068W","AUTO METER 9117 Tachometer Adapter, Black","E","data/esci1500_thumbs/img/B00063068W.jpg"
2113545,108260,"verizon samsung galaxy tab fast charger","B081GYSPVM","USB C Wall Charger,25W Super Fast Charger Block and 5FT Type C Charger Cable Fast Charging for Samsung Galaxy S21/S21+/S21 Ultra/S20/S20+/S20 Ultra/S10/Note 20/Note 20 Ultra/Note 10/10 Plus/Z Fold 3","E","data/esci1500_thumbs/img/B081GYSPVM.jpg"
1724727,87933,"roadtripper","B0742D79TX","Bracketron Universal RoadTripper Mount & Charge Set (BT2-927-2)","E","data/esci1500_thumbs/img/B0742D79TX.jpg"
1869395,95570,"soccer balls size 5","B07VD4SK1R","adidas Starlancer V Club Soccer Ball Shock Pink/White 5","E","data/esci1500_thumbs/img/B07VD4SK1R.jpg"
1861395,95159,"smikless grill","B07T9GLNWH","T-fal TG403D52 Compact Smokeless Indoor Sear Capability, Electric Grill, 4 Servings, Black","E","data/esci1500_thumbs/img/B07T9GLNWH.jpg"
1788828,91343,"sealy posturepedic comforter","B071S7ZLX9","Sealy Response Performance 14-Inch Cushion Firm Pillow Top Mattress, Queen,White","E","data/esci1500_thumbs/img/B071S7ZLX9.jpg"
1740762,88765,"round rugs 9ft teal","B078HJFKHM","SAFAVIEH Madison Collection MAD600C Boho Chic Glam Paisley Non-Shedding Dining Room Entryway Foyer Living Room Bedroom Area Rug, 9' x 9' Round, Cream / Light Grey","E","data/esci1500_thumbs/img/B078HJFKHM.jpg"
1963784,100505,"tall modern desk","B073214G9J","Monarch Specialties Computer 70""L Desk Left or Right Facing - White / Cement-Look","E","data/esci1500_thumbs/img/B073214G9J.jpg"
1929332,98776,"styrofoam cups 12 oz","B004NG89SC","DART 12J12 12 oz Foam Cup (Case of 1000)","E","data/esci1500_thumbs/img/B004NG89SC.jpg"
1699305,86638,"reef phantom flip flops men","B08BFYD811","Reef Men's Cushion Dawn Sandals, Bronze, 10","E","data/esci1500_thumbs/img/B08BFYD811.jpg"
2206906,113234,"womens shirt dress","B0792MMGV8","Daily Ritual Women's Jersey Standard-Fit Short-Sleeve V-Neck T-Shirt Dress, Navy, Small","E","data/esci1500_thumbs/img/B0792MMGV8.jpg"
1958026,100219,"tablesaw motor","B006P1MATM","A.O. Smith GF2034 Century Resilient Base Split Phase Electric Motor, 115 Vac, 6.8 A, 1/3 Hp, 1725 RPM","E","data/esci1500_thumbs/img/B006P1MATM.jpg"
1738894,88661,"rosette iron","B0019CVOY4","Kitchen Supply Rosette Iron, Rabbit","E","data/esci1500_thumbs/img/B0019CVOY4.jpg"
1889283,96595,"speck case moto z2 play","B073X6W1RG","Speck Products Presidio Grip Cell Phone Case for MOTOROLA Moto Z2 Play - Marine Blue/Twilight Blue","E","data/esci1500_thumbs/img/B073X6W1RG.jpg"
1905578,97461,"stainless steel water bottles","B00D1DD6OA","Why Use BPA Free Stainless Steel Water Bottles","E","data/esci1500_thumbs/img/B00D1DD6OA.jpg"
1773652,90533,"sanuk sandals","B00OGU4YBG","Sanuk Beer Cozy 2 Charcoal 11","E","data/esci1500_thumbs/img/B00OGU4YBG.jpg"
1935863,99094,"summer infant time to go travel potty","B081NW9YF3","Kalencom Potette Plus 2-in-1 Travel Potty Trainer Seat Pastel Mint","E","data/esci1500_thumbs/img/B081NW9YF3.jpg"
1824179,93178,"sigma mc-11","B01CCL26GK","Sigma Mount Converter MC-11 for Sigma Mounts to Sony E Cameras","E","data/esci1500_thumbs/img/B01CCL26GK.jpg"
1774271,90562,"sara fields kindle books","B08QDSXC43","Primal (Alpha Brotherhood Book 2)","E","data/esci1500_thumbs/img/B08QDSXC43.jpg"
2194299,112552,"women leather boots","B07B1NL8LW","Lucky Brand Women's BASELH2O, Black, 10 Medium US","E","data/esci1500_thumbs/img/B07B1NL8LW.jpg"
1788736,91340,"sealy 13 inch queen mattress","B085T1H52R","Sealy Posturepedic Plus Mattress with Surface-Guard, Tight Top 13-Inch Medium, Queen, Grey","E","data/esci1500_thumbs/img/B085T1H52R.jpg"
1690495,86170,"reclining sofa with drop down table","B06W5SBN17","Beverly Fine Funiture Bonded Leather Drop Down Table, 5, 1 Black, 3 Piece Recliner Set, Sofa, Loveseat and Chair","E","data/esci1500_thumbs/img/B06W5SBN17.jpg"
1797261,91785,"sequin flip ty whimsy blue cat stuffed animals","B07N1FJ38Y","Ty Whimsy Blue Cat Flippable - Reg,Multicolored","E","data/esci1500_thumbs/img/B07N1FJ38Y.jpg"
1744701,88967,"rubber tumbler bottom","B07D4B439X","Simple Modern Boot for Summit and Ascent Bottles - Fits 32oz & 40oz Water Bottles, Fits - Protective Anti-Slip Bottom Bumper Silicone Sleeve, Great for Kids - -Midnight Black (Medium)","E","data/esci1500_thumbs/img/B07D4B439X.jpg"
1693090,86299,"red canvas shoes men","B07M842K3N","Vans Men's Doheny Trainers Sneaker, Red Canvas Oxblood White 8j3, 12","E","data/esci1500_thumbs/img/B07M842K3N.jpg"
1806266,92241,"shandler","B0098OR9N0","Anne Frank Unbound: Media, Imagination, Memory (The Modern Jewish Experience)","E","data/esci1500_thumbs/img/B0098OR9N0.jpg"
1814088,92649,"shlich horses","B074VFLXLP","Schleich Horse Club, 43-Piece Playset, Horse Toys for Girls and Boys 5-12 years old Camper for Secret Club Meetings","E","data/esci1500_thumbs/img/B074VFLXLP.jpg"
1724725,87933,"roadtripper","B087GBBXC7","Bracketron BT56802 BK ROADTRIPPER CAR BT FM Transmitter","E","data/esci1500_thumbs/img/B087GBBXC7.jpg"
1823022,93114,"side table with usb port and outlet","B018FNCBZA","Storage Drawer Table Antique Nutmeg","E","data/esci1500_thumbs/img/B018FNCBZA.jpg"
1677585,85511,"ram horn hoody","B07T442ZPM","Artistic Big Horn Sheep Psychedelic Ram Head Sketch Graphic Zip Hoodie","E","data/esci1500_thumbs/img/B07T442ZPM.jpg"
2179250,111737,"wilson cell amplifier","B01GDZLUJ0","weBoost Drive 4G-X OTR (470210) Truck Cell Phone Signal Booster | U.S. Company | All Networks & Carriers - Verizon, AT&T, T-Mobile, Sprint & More | FCC Approved","E","data/esci1500_thumbs/img/B01GDZLUJ0.jpg"
1846994,94387,"sliding fifth wheel hitch kit","B005CC0K9W","CURT 16560 R16 5th Wheel Roller for Short Bed Trucks, 16,000 lbs","E","data/esci1500_thumbs/img/B005CC0K9W.jpg"
1721956,87796,"rinse aid","B001EPR8TQ","Ecover Rinse Aid, 16 Fl Oz (Pack of 6)","E","data/esci1500_thumbs/img/B001EPR8TQ.jpg"
1665362,84866,"quaker rice cakes chocolate","B00IXJ1QB2","Quaker Rice Crisps, Gluten Free, Caramel, 7.04oz Bags, 6 Count","E","data/esci1500_thumbs/img/B00IXJ1QB2.jpg"
1794307,91625,"self inflating whoopee cushion","B007E9OWGS","Forum Novelties 16"" Mega Fart Whoopee Cushion","E","data/esci1500_thumbs/img/B007E9OWGS.jpg"
1848128,94449,"slime table cloth for party","B01DWP6J04","Creative Converting Party Supplies, 54"" x 96"", Multicolor","E","data/esci1500_thumbs/img/B01DWP6J04.jpg"
1834913,93738,"single paper tray organizer","B000FGY8U2","Rolodex® Wood Tones™ Letter-Size Tray, Black","E","data/esci1500_thumbs/img/B000FGY8U2.jpg"
1864562,95316,"snark tuner violin","B004GYM7IE","Snark Tuner (SN4)","E","data/esci1500_thumbs/img/B004GYM7IE.jpg"
1827585,93368,"silk yogurt","B004HK60VM","Silk Shelf-Stable Soymilk Singles, Very Vanilla, Dairy-Free, Vegan, Non-GMO Project Verified, 8 oz., 18 Pack","E","data/esci1500_thumbs/img/B004HK60VM.jpg"
1658394,84507,"purina one puppy dog food","B008K2YJFW","Purina ONE Senior Dog Food, SmartBlend Vibrant Maturity Adult 7+ Formula - 31.1 lb. Bag","E","data/esci1500_thumbs/img/B008K2YJFW.jpg"
1792118,91511,"sedona guide book","1456509217","Hiking the Vortexes: An easy-to use guide for finding and understanding Sedona's vortexes","E","data/esci1500_thumbs/img/1456509217.jpg"
1726582,88030,"roc face cleansing pads","B00N9GAIR2","Roc Daily Resurfacing Disks, 28 Count (3 Pack)","E","data/esci1500_thumbs/img/B00N9GAIR2.jpg"
1759308,89723,"saint seiya myth cloth","B000LC57EQ","Saint Seiya Phoenix Ikki Final Form Bronze Myth Cloth Figure","E","data/esci1500_thumbs/img/B000LC57EQ.jpg"
1917350,98113,"sticker by number books","0843183551","The Original Sticker by Numbers Book","E","data/esci1500_thumbs/img/0843183551.jpg"
1835364,93764,"sink legs","B07PTXWC8Z","TRINITY THA-0307 Basics Stainless Steel w/Faucet Utility Sink","E","data/esci1500_thumbs/img/B07PTXWC8Z.jpg"
1644915,83828,"proud not loud","B07GRPR8DN","Colombians aren't Loud Funny Colombian T-Shirt","E","data/esci1500_thumbs/img/B07GRPR8DN.jpg"
1964040,100517,"tall white bookshelf with cabinet","B01MR6ZVXV","RiverRidge 02-144 Corner Cabinet, White","E","data/esci1500_thumbs/img/B01MR6ZVXV.jpg"
1819014,92905,"shotski board with glasses","B07ZNFT7SY","FUNBOY Giant Inflatable Party Board Retro ShotSki Drink Holder, Luxury Bar Accessory Float, Perfect for a Summer Pool Party","E","data/esci1500_thumbs/img/B07ZNFT7SY.jpg"
1948832,99784,"swiffer wet jet cleaner solution","B004OBIXSW","Swiffer Refill Floor Cleaner, Original, 42.2 Fl Oz (Pack of 2)","E","data/esci1500_thumbs/img/B004OBIXSW.jpg"
1842458,94138,"skinny ripes jean women","B07C8426KS","Wrangler Authentics Boys' Big Boot Cut Jean, Stonewash Indigo, 10","E","data/esci1500_thumbs/img/B07C8426KS.jpg"
2073408,106202,"tye dye shirts for men","B001M9HSU8","Liquid Blue Men's Grateful Dead Sunflower Terrapin Tie Dye T-Shirt, Multi, Medium","E","data/esci1500_thumbs/img/B001M9HSU8.jpg"
1918511,98170,"still eyeliner","B01HE0Q3N6","Anastasia Beverly Hills - Darkside Waterproof Gel Liner","E","data/esci1500_thumbs/img/B01HE0Q3N6.jpg"
1839490,93980,"skechers outlet para dama","B01EOQC8ZK","Skechers Sport Women's Microburst One up Fashion Sneaker,Black,8.5 M US","E","data/esci1500_thumbs/img/B01EOQC8ZK.jpg"
1865190,95351,"snoopy baseball","B072KDHQBG","Timex Unisex TW2R41400 Weekender 38mm Peanuts Snoopy Nylon Slip-Thru Strap Watch","E","data/esci1500_thumbs/img/B072KDHQBG.jpg"
1719392,87668,"rigid pro pack","B0029NY9X0","Ridgid WD4522 4.5 Gallon Pro Pack Portable Wet/Dry Vacuum","E","data/esci1500_thumbs/img/B0029NY9X0.jpg"
1749976,89240,"rustic corner cabinet for dining room","B009FFIUSK","Coaster Home Furnishings 4-Shelf Corner Curio Cabinet Golden Brown","E","data/esci1500_thumbs/img/B009FFIUSK.jpg"
1982211,101411,"template carpentrr","B08DMX6KL1","Woodworking Projects for Beginners: The ultimate step-by-step guide to master the essential woodworking skills, with all the techniques, tips, and tools for woodworkers","E","data/esci1500_thumbs/img/B08DMX6KL1.jpg"
1884782,96358,"south shore espresso changing table","B00BM1UBI2","South Shore Little Small 1-Drawer Changing Table with Cube Storage, Pure White","E","data/esci1500_thumbs/img/B00BM1UBI2.jpg"
1818591,92881,"shorts overalls for women loose fit","B07NSQJ2HM","COVER GIRL Women's Plus Size Juniors Cute Denim Overall Shorts Slim fit Bib Strap Sexy, Classic Blue, 2XL","E","data/esci1500_thumbs/img/B07NSQJ2HM.jpg"
1724338,87910,"rn grad","B00Q7OMCPO","Nike Kid's Grade School Free RN 2018 Running Shoes, Black/White, 7 Big Kid","E","data/esci1500_thumbs/img/B00Q7OMCPO.jpg"
1768530,90249,"samsung rgby ii","B003P2VNAQ","Samsung Rugby II, Black (AT&T)","E","data/esci1500_thumbs/img/B003P2VNAQ.jpg"
1761870,89853,"saltlife tank top shirts for men","B07RJKL25R","Saltwater Life Fishing Tank Top","E","data/esci1500_thumbs/img/B07RJKL25R.jpg"
1751511,89321,"rv propane tank cover","B003DNFLUU","Classic Accessories Over Drive RV Tank Cover, Double 30/7.5 Gallon Tanks, Grey","E","data/esci1500_thumbs/img/B003DNFLUU.jpg"
1771479,90418,"sandalias de mujer guess plataforma","B08W2N4R3B","Guess Women's Felecia Heeled Sandal, Natural Multi, 7.5","E","data/esci1500_thumbs/img/B08W2N4R3B.jpg"
1944723,99562,"sushi rolls not gender roles","B07HRF6J3L","Sushi Rolls Not Gender Roles Shirt Cute Sushi Feminism Gift","E","data/esci1500_thumbs/img/B07HRF6J3L.jpg"
1947791,99727,"swedish firesteel","B07NQHP4KS","Light My Fire Ferro Rod Fire Starter - Flint and Steel Fire Starter Kit - Magnesium Fire Starter 1/4"" Diameter - 3000 Strikes - Fire Starter Survival with Emergency Whistle - Fire Steel Ferro Rod","E","data/esci1500_thumbs/img/B07NQHP4KS.jpg"
1799943,91924,"setting soray","B019VY6R3O","Wet n Wild Photofocus Setting Spray, 301A Seal The Deal, 1.52 Fluid Ounce","E","data/esci1500_thumbs/img/B019VY6R3O.jpg"
1748751,89178,"running shoes for girls size 3.5","B07HG4GCGJ","New Balance Fresh Foam Arishi V2 Lace-up Running Shoe, Light Aluminum/Rainbow, 3.5 US Little Kid","E","data/esci1500_thumbs/img/B07HG4GCGJ.jpg"
1728985,88164,"rodilleras para motocross","B079P24676","EVS Sports Men's Knee Brace (RS9 Pair) (Black, Medium), 2 Pack - RS9-BK-MP","E","data/esci1500_thumbs/img/B079P24676.jpg"
1646202,83893,"ps3 uncharted collection","B001JKTC9A","Uncharted 2: Among Thieves - Playstation 3","E","data/esci1500_thumbs/img/B001JKTC9A.jpg"
1675402,85385,"rain system","B075KN7XBK","Delta Faucet Pivotal TempAssure Matte Black Shower Faucet with Matte Black Rain Shower Head, Rainfall Shower Head, Matte Black Shower System, Matte Black T17T299-BL","E","data/esci1500_thumbs/img/B075KN7XBK.jpg"
1755794,89541,"sabatouer game","0735367795","Mudpuppy Burger Bear Bonanza Game – Fun, Easy to Play Card Game for Families – Ideal for 2-4 Players, Kids Card Game for Ages 5+ – Instruction Included","E","data/esci1500_thumbs/img/0735367795.jpg"
1788830,91343,"sealy posturepedic comforter","B072J2Y964","Sealy Essentials Spring Osage Bed Mattress Conventional, Queen, White,2017 Model: Firm","E","data/esci1500_thumbs/img/B072J2Y964.jpg"
1814093,92649,"shlich horses","B07LB4947D","Schleich Horse Club, 4-Piece Playset, Horse Toys for Girls and Boys 5-12 years old Sofia and Blossom","E","data/esci1500_thumbs/img/B07LB4947D.jpg"
1909875,97698,"star wars special edition dvd","B0007UVX22","Star Wars Weapons and End Times Warfare 3 DVD Special Edition - Dr. Leonard Horowitz","E","data/esci1500_thumbs/img/B0007UVX22.jpg"
1670503,85134,"r gps","B0866B9ZK9","Timex Metropolitan R AMOLED Smartwatch with GPS & Heart Rate 42mm – Rose Gold-Tone with Blush Silicone Strap","E","data/esci1500_thumbs/img/B0866B9ZK9.jpg"
1687520,86018,"ream white card stock","B009ZMMH78","Springhill White 8.5” x 11” Cardstock Paper, 90lb, 163gsm, 250 Sheets (1 Ream) – Premium Lightweight Cardstock, Printer Paper with Smooth Finish for Greeting Cards, Flyers, Scrapbooking – 015101R","E","data/esci1500_thumbs/img/B009ZMMH78.jpg"
1909399,97669,"star wars imperial assault expansion","B01D1GR0KM","Star Wars Imperial Assault Board Game The Bespin Gambit EXPANSION | Strategy Game | Battle Game for Adults and Teens | Ages 14+ | 1-5 Players | Avg. Playtime 1-2 Hours | Made by Fantasy Flight Games","E","data/esci1500_thumbs/img/B01D1GR0KM.jpg"
1702671,86813,"reight","B07PLV6866","In Good Hands Compilation: Six Short M/M Erotic Tales (Doctor's Orders)","E","data/esci1500_thumbs/img/B07PLV6866.jpg"
1755777,89541,"sabatouer game","B07VCVQSHM","AMIGO Saboteur Mother Lode Bonus Pack Card Game with Saboteur, Saboteur 2 & Secret Collectors’ Card—Amazon Exclusive Blue","E","data/esci1500_thumbs/img/B07VCVQSHM.jpg"
1837311,93868,"size 12 jean shorts womens","B077J7S4D1","Silver Jeans Co. Women's Mid Rise Boyfriend Shorts, Light wash, 31W","E","data/esci1500_thumbs/img/B077J7S4D1.jpg"
1643171,83739,"protective shorts fox","B00E9STEA6","Fox Racing Men's Titan Race Motocross Short, Charcoal, Small","E","data/esci1500_thumbs/img/B00E9STEA6.jpg"
1788727,91340,"sealy 13 inch queen mattress","B079KDMGGP","Sealy Posturepedic Hybrid Performance Kelburn 13-Inch Medium Firm Cooling Mattress, Queen, Made in USA, 10 Year Warranty","E","data/esci1500_thumbs/img/B079KDMGGP.jpg"
1887488,96497,"spanx yoga pants for women","B07FT4JMQ3","Amazon Brand - Core 10 Women's Size Spectrum Yoga Bootcut Pant-32, Navy Plus, 1X","E","data/esci1500_thumbs/img/B07FT4JMQ3.jpg"
1903669,97347,"st. ives under $5","B000UVY8IE","St Ives Scrub, Fresh Skin Apricot 6 oz","E","data/esci1500_thumbs/img/B000UVY8IE.jpg"
1822824,93105,"side post battery for a","B0060YHLHU","Schumacher Zinc-Plated Top Terminal and Post Washer Set","E","data/esci1500_thumbs/img/B0060YHLHU.jpg"
1923165,98434,"stranger things puzzle for kids","1983937835","Stranger Things Trivia Crossword Word Search Activity Puzzle Book: TV Series Cast & Characters Edition","E","data/esci1500_thumbs/img/1983937835.jpg"
1936565,99132,"sun cloud sunglasses","B006Y2BRHS","Suncloud Conductor Polarized Sunglasses, Tortoise Frame, Brown Lens","E","data/esci1500_thumbs/img/B006Y2BRHS.jpg"
1807411,92303,"shark silicone","B07SKXBVBQ","Mobi 12 Shark Bites Sausage Roll Silicone Baking Mold, Blue","E","data/esci1500_thumbs/img/B07SKXBVBQ.jpg"
1870118,95611,"sock donner","B072J9RX5Z","Allstar Innovations - Sock Slider - The Easy on, Easy off Sock Aid Kit & Shoe Horn | Pain Free No Bending, Stretching or Straining System that Packs up for Convenient Travel, As Seen on TV","E","data/esci1500_thumbs/img/B072J9RX5Z.jpg"
1976381,101129,"techincs turntable","B000EI2I76","Marantz TT-15S1 Manual Belt-Drive Premium Turntable with Cartridge Included | Floating Motor for Low-Vibration & Low-Resonance | A Smart, Stylish Option for Vintage Vinyl Records","E","data/esci1500_thumbs/img/B000EI2I76.jpg"
1728718,88149,"rode procaster","B00KQPGRRE","Rode NT-USB Versatile Studio-Quality USB Cardioid Condenser Microphone,Black","E","data/esci1500_thumbs/img/B00KQPGRRE.jpg"
1955582,100102,"t8 black light bulbs 48 inch","B079MMMXBS","GE LED Tube Light Bulbs, 48-Inch T8 LED Bulb (32 Watt Replacement Light Bulb), 1800 Lumen, G13 LED Tube Light Base, Cool White, 6-Pack Tubular LED Light Bulbs","E","data/esci1500_thumbs/img/B079MMMXBS.jpg"
1642576,83707,"propress tool","B08KJ3Y5L5","RIDGID 67063, RP 350 Battery Kit (No Jaws Included), ProPress Tool","E","data/esci1500_thumbs/img/B08KJ3Y5L5.jpg"
1657824,84479,"purell hand sanitizer travel size","B07K7T1XXS","PURELL Hand Sanitizing Wipes, Clean Refreshing Scent, 20 Count Travel Pack (Case of 28 Units) - 9124-28-CMR","E","data/esci1500_thumbs/img/B07K7T1XXS.jpg"
1961710,100395,"tag huer watch men","B018IK869A","TAG Heuer Men's 'Aquaracer' Quartz Stainless Steel Dress Watch, Color:Silver-Toned (Model: WAY1111.BA0928)","E","data/esci1500_thumbs/img/B018IK869A.jpg"
1879222,96058,"sonos play 1","B00V9Z2VXE","SONOS Play:1 2-Room Streaming Music Starter Set Bundle (Gray)","E","data/esci1500_thumbs/img/B00V9Z2VXE.jpg"
1865186,95351,"snoopy baseball","B07P7LYNMS","Peanuts Snoopy Baseball: Play Ball!","E","data/esci1500_thumbs/img/B07P7LYNMS.jpg"
1771860,90435,"sandblaster machine","B000WQGQ96","S-H Industries 40017 Blaster Kit","E","data/esci1500_thumbs/img/B000WQGQ96.jpg"
1842464,94138,"skinny ripes jean women","B07C7P4XYD","Wrangler Authentics Boys' Big Boot Cut Jeans, Stonewash Indigo, 14","E","data/esci1500_thumbs/img/B07C7P4XYD.jpg"
1812061,92543,"shift dress with fringe","B07WKPDGQK","Calvin Klein Women's Sleeveless Shift with Fringe Hem Dress, Black/Cream, 6 Petite","E","data/esci1500_thumbs/img/B07WKPDGQK.jpg"
1681372,85706,"ravens long sleeve shirt","B07VDTKLP9","NFL Baltimore Ravens Boys Long Sleeve TEAM TEE SHIRT, Team Color, 3T","E","data/esci1500_thumbs/img/B07VDTKLP9.jpg"
1774357,90565,"sarah jio books","9759997193","Bogurtlen Kisi","E","data/esci1500_thumbs/img/9759997193.jpg"
2203488,113044,"womens jeans size 14","B0126FQVWM","Democracy Women's ""Ab""solution Itty Bitty Boot Jeans, Indigo, 14","E","data/esci1500_thumbs/img/B0126FQVWM.jpg"
1842788,94157,"skip hop lunch bag","B003939VGE","Skip Hop Kids Lunch Box, Zoo Lunchie, Monkey","E","data/esci1500_thumbs/img/B003939VGE.jpg"
1761869,89853,"saltlife tank top shirts for men","B07RLNNS42","Saltwater Life Fishing Tank Top","E","data/esci1500_thumbs/img/B07RLNNS42.jpg"
1731271,88276,"rolled gold pretzel sticks","B00N4LV5ZG","Rold Gold Pretzels, Classic Sticks, 112 Ounce (Pack of 7)","E","data/esci1500_thumbs/img/B00N4LV5ZG.jpg"
1751736,89335,"rv shower surround","B00OM0YIR0","Lippert Components 210369 White 24"" x 32"" Rectangular Left Handed Shower Pan","E","data/esci1500_thumbs/img/B00OM0YIR0.jpg"
1708410,87108,"replacement golf cleats adidas","B077YMS3S2","adidas Men's Adipower 4ORGED Golf Shoe, Clear Onix/Matte Silver/FTWR White, 13 M US","E","data/esci1500_thumbs/img/B077YMS3S2.jpg"
1928640,98738,"sturdy salt mill","B01CSVZPWG","Peugeot Paris Chef u'Select Stainless Steel 18cm - 7"" Salt Mill","E","data/esci1500_thumbs/img/B01CSVZPWG.jpg"
1970367,100828,"tatcha powder exfoliator","B077WHRDX7","Tatcha The Violet-C Radiance Mask: Creamy Firming Mask with Vitamin C for Soft, Glowing Skin (50 ml / 1.7 oz)","E","data/esci1500_thumbs/img/B077WHRDX7.jpg"
2144663,109871,"water and snow resistant boots","B01EG6WG3W","Skechers USA Men's Segment Melego Ankle Bootie, Dark Brown, 13 2W US","E","data/esci1500_thumbs/img/B01EG6WG3W.jpg"
1914989,97983,"stephanie bower","163159933X","The Complete Urban Sketching Companion: Essential Concepts and Techniques from The Urban Sketching Handbooks--Architecture and Cityscapes, ... with Color (Urban Sketching Handbooks, 10)","E","data/esci1500_thumbs/img/163159933X.jpg"
1731562,88291,"roller skates for girls","B00XA30PJK","Roller Derby Roller Star 600 Women's Roller Skates - White/Purple/Blue - Size 06","E","data/esci1500_thumbs/img/B00XA30PJK.jpg"
1933190,98975,"sugar free cocktail","B07TJ33VSX","Swoon Zero Sugar Simple Syrup - Natural 1:1 Liquid Sugar Substitute - Sweetness from Monk Fruit - Sugar Free, Keto Friendly, Zero Carbs","E","data/esci1500_thumbs/img/B07TJ33VSX.jpg"
1963835,100509,"tall rain boots for women","B07B4S1HJY","UGG Women's Sienna Matte Boot, Black, 8","E","data/esci1500_thumbs/img/B07B4S1HJY.jpg"
1952427,99957,"swivel. recliner","B07DBF73HJ","Amazon Brand – Ravenna Home Pull Recliner with 360-Degree Swivel Glider, Living Room Chair, Grey","E","data/esci1500_thumbs/img/B07DBF73HJ.jpg"
1834914,93738,"single paper tray organizer","B000E7DEA2","Eldon 62555 Nestable Mesh Stacking Side Load Letter Tray Wire,Black","E","data/esci1500_thumbs/img/B000E7DEA2.jpg"
1778094,90767,"sazon without msg","B01N6J54J2","Goya Sazon Seasoning Natural & Complete No Salt, 3.52 Ounce","E","data/esci1500_thumbs/img/B01N6J54J2.jpg"
1676911,85474,"raised toilet seat 4 inch","B002VWJYZW","Drive Medical Raised Toilet Seat with Lock and Lid, Standard Seat, 4""","E","data/esci1500_thumbs/img/B002VWJYZW.jpg"
1933295,98979,"sugar free fiber gummies for adults","B07D7Q7PVD","Amazon Brand - Revly Inulin Fiber 5g - Digestive Health, Supports Regularity - 90 Gummies (3 Gummies per Serving) Vegetarian, Non-GMO (packaging may vary)","E","data/esci1500_thumbs/img/B07D7Q7PVD.jpg"
1717640,87590,"rick atkinson","1250062918","D-Day: The Invasion of Normandy, 1944 [The Young Readers Adaptation]","E","data/esci1500_thumbs/img/1250062918.jpg"
1964880,100563,"tan extender lotion","B000FCR7MM","Australian Gold Moisturer Lock Tan Extender Lotion, Enriched with Vitamin E, Aloe Vera, 16 Fl Oz","E","data/esci1500_thumbs/img/B000FCR7MM.jpg"
1980936,101348,"teletubbies mask","B076HZ28XJ","Costume Sunglasses Teletubbies Laa Laa Yellow Sun-Staches Party Favors UV400","E","data/esci1500_thumbs/img/B076HZ28XJ.jpg"
1926322,98613,"striping kit for ariens ikon x #arikxztr39","B004ZKXYUO","Toro Lawn Striping System","E","data/esci1500_thumbs/img/B004ZKXYUO.jpg"
1809671,92421,"sheer leggings for women","B000GTPVIG","Danskin Women's Footless Tight,Black,C/D","E","data/esci1500_thumbs/img/B000GTPVIG.jpg"
1889451,96606,"speck pixel 4xl","B081KKL3K6","Speck Presidio Pro Google Pixel 4 XL Case, Black (131865-1050)","E","data/esci1500_thumbs/img/B081KKL3K6.jpg"
1642260,83688,"propane portable fire pit","B0007R8G0W","Convert-A-Ball FD500 Fire Dancer Portable Patio Fire Pit","E","data/esci1500_thumbs/img/B0007R8G0W.jpg"
1793793,91595,"selena quintanilla","B07MMZDJRL","LA CANANTE LOTERIA CARD Unique Tee Shirt Best Christmas gift","E","data/esci1500_thumbs/img/B07MMZDJRL.jpg"
1893091,96800,"spiderman toys","B07LD8JSC5","Hedstrom Marvel Spider-Man Hopper Ball, Hop Ball for Kids, 15 Inch","E","data/esci1500_thumbs/img/B07LD8JSC5.jpg"
1804122,92131,"seychelles shoes","B07M7DPKLN","Seychelles Women's Blend in Driving Style Loafer, Mustard, 8.5 B US","E","data/esci1500_thumbs/img/B07M7DPKLN.jpg"
1911853,97814,"statue of liberty costume kids","B003CTFBBY","Forum Novelties Patriotic Party Little Miss Liberty Costume, Child Small","E","data/esci1500_thumbs/img/B003CTFBBY.jpg"
1711210,87259,"resveratrol complex 60 caps","B0019H141C","Doctor's Best, Trans-Resveratrol with Resvinol, Non-GMO, Vegan, Gluten Free, Soy Free, 100 mg, 60 Veggie Caps (DRB-00171)","E","data/esci1500_thumbs/img/B0019H141C.jpg"
1742090,88831,"roxy boots for women","B0839TWY8R","Roxy Women's Classic Boots Fashion, Brown, 8","E","data/esci1500_thumbs/img/B0839TWY8R.jpg"
1644976,83830,"provada packs","B00JV27MJU","Boveda 72% RH 2-Way Humidity Control – Restores & Maintains Humidity – All In One Solution For Humidification- Patented Technology for Cigar Humidors – Convenient & Versatile - 10 Count Resealable Bag","E","data/esci1500_thumbs/img/B00JV27MJU.jpg"
1892987,96793,"spiderman shirt women","B07HNZM85R","Marvel Spider-man Left Chest Pocket T-Shirt","E","data/esci1500_thumbs/img/B07HNZM85R.jpg"
1780677,90899,"schlage interior door latch","B005DXKNT2","SCHLAGE Lock Company F10AND609ADD Addison Collection SCHLAGE Passage Knob, Antique Brass","E","data/esci1500_thumbs/img/B005DXKNT2.jpg"
1830992,93541,"silver nitrate sticks for wounds","B07C8FFPW6","Silver Nitrate Caustic Sticks 6"" 10/ps","E","data/esci1500_thumbs/img/B07C8FFPW6.jpg"
1946864,99678,"sweater caps for boys","B002G9UEFY","Carhartt Men's Knit Cuffed Beanie, Bright Orange, One Size","E","data/esci1500_thumbs/img/B002G9UEFY.jpg"
1774360,90565,"sarah jio books","B0081KZ8BM","Blackberry Winter: A Novel","E","data/esci1500_thumbs/img/B0081KZ8BM.jpg"
1749316,89205,"rush inhibitor tuf glide","B004UVP68Q","Sentry Gear Care Kit","E","data/esci1500_thumbs/img/B004UVP68Q.jpg"
1912862,97862,"steampunk shoes","B01IRX44SA","Ellie Shoes Women's 414-Mary Boot, Brown, 9 M US","E","data/esci1500_thumbs/img/B01IRX44SA.jpg"
1668977,85053,"quickbooks without subscription","B07FZ5HZLM","[Old Version] QuickBooks Desktop Pro 2019 with Enhanced Payroll [PC Disc]","E","data/esci1500_thumbs/img/B07FZ5HZLM.jpg"
1793314,91573,"seiko sportura watches for men","B000IBMLCG","Seiko Men's SPC001 Sportura Retrograde Chronograph Watch","E","data/esci1500_thumbs/img/B000IBMLCG.jpg"
1780583,90893,"schinn spin bike","B07Z44W7M4","Sunny Health & Fitness Exercise Cycle Bike SF-B1879…","E","data/esci1500_thumbs/img/B07Z44W7M4.jpg"
1963867,100509,"tall rain boots for women","B00K1XBWIU","Hunter Women's Original Tall Gloss Rain Boot,Black,6 B(M) US","E","data/esci1500_thumbs/img/B00K1XBWIU.jpg"
2004515,102663,"thick sterling silver hoop earrings","B00S5VKNGM","Sterling Silver Filigree Oval Hoop Earrings","E","data/esci1500_thumbs/img/B00S5VKNGM.jpg"
1945288,99591,"suzi without a paddle opi nail polish","B08QM1SPXR","OPI GelColor, Suzi Calls the Paparazzi, Pink Gel Nail Polish, Hollywood Collection, 0.5 fl oz","E","data/esci1500_thumbs/img/B08QM1SPXR.jpg"
1836645,93832,"sit stand desk","B07WDV1GDV","Standing Desk Home Office Desk Dual Monitor 32 Inches Adjustable Height Steel Coverter Stand Up Desk with Keyboard Tray Ergonomic Home Office Computer Desk Workstation,Black","E","data/esci1500_thumbs/img/B07WDV1GDV.jpg"
1731262,88276,"rolled gold pretzel sticks","B07X4TJ1GH","Amazon Brand - Happy Belly Pretzel Sticks, 16 oz","E","data/esci1500_thumbs/img/B07X4TJ1GH.jpg"
1682206,85747,"raw vegan not gross","1624141714","The Rawsome Vegan Cookbook: A Balance of Raw and Lightly-Cooked, Gluten-Free Plant-Based Meals for Healthy Living","E","data/esci1500_thumbs/img/1624141714.jpg"
1656479,84417,"pure bite","B0058R11OO","Purebites Duck Freeze Dried Dog Treats, Made in USA, 2.6Oz","E","data/esci1500_thumbs/img/B0058R11OO.jpg"
1680767,85673,"rattan bar chair","B00HO25SXG","Safavieh Home Collection Deltana Beige Indoor/ Outdoor Barstool","E","data/esci1500_thumbs/img/B00HO25SXG.jpg"
1738036,88616,"rose gold phone case iphone 8 plus","B074826HMD","Spigen Tough Armor [2nd Generation] Designed for iPhone 8 Plus Case (2017) / Designed for iPhone 7 Plus Case (2016) - Rose Gold","E","data/esci1500_thumbs/img/B074826HMD.jpg"
1655561,84365,"puppy flea treatment 6 weeks","B018W7G65A","Capstar Green Box Flea Oral Treatment for Large Dogs Over 25lbs. 6 Pill/tablets (CA4925Y07AM)","E","data/esci1500_thumbs/img/B018W7G65A.jpg"
2169813,111223,"white out","B07SMXNDS1","BIC Wite-Out Brand EZ Correct Correction Tape, White, 18-Count, Translucent Dispenser Shows How Much Tape is Remaining","E","data/esci1500_thumbs/img/B07SMXNDS1.jpg"
1714565,87435,"revlon lipstick 845","B0000531XS","Revlon Moon Drops Creme Lipstick, Blase Apricot 702, 0.15 Ounce (4.2 g)","E","data/esci1500_thumbs/img/B0000531XS.jpg"
1796825,91762,"separett composting toilet","B08CHMV5J6","Separett Privy 501 Urine Separating Toilet Kit with Grey Bowl","E","data/esci1500_thumbs/img/B08CHMV5J6.jpg"
1882388,96226,"soporte microfono","B0006IHLFI","Shure A25D Microphone Clip - Break Resistant Stand Adapter for Handheld Wired Mics with ¾” Barrel Diameter","E","data/esci1500_thumbs/img/B0006IHLFI.jpg"
1817849,92842,"short shag hairstyles thin over 50","B008SK3TCU","Hair u wear Raquel Welch Sparkle Wig, R12/26H Honey Pecan by Hairuwear","E","data/esci1500_thumbs/img/B008SK3TCU.jpg"
1775549,90625,"satanic hoodie","B07MPT8FNT","Satan Occult Satanic Lucifer Hoodie Gifts for Men Women","E","data/esci1500_thumbs/img/B07MPT8FNT.jpg"
1932628,98945,"suede cleaner for shoes","B00E91D3SC","Allen Edmonds Suede And Nubuck Cleaning System Beige 3 M US","E","data/esci1500_thumbs/img/B00E91D3SC.jpg"
1948744,99779,"swiffer large","B001F0RBTC","Swiffer (Pack of 3)","E","data/esci1500_thumbs/img/B001F0RBTC.jpg"
1950916,99890,"swiss legend watches women","B00E96ARCC","Swiss Legend Women's 10535-02-BLKRA Trimix Diver Chronograph White Dial White Silicone Watch","E","data/esci1500_thumbs/img/B00E96ARCC.jpg"
1732034,88315,"rolling mop bucket","B00006ICOK","Rubbermaid Commercial Products, WaveBrake - Commercial Industrial Mop Bucket with Side-Press Wringer Combo on Wheels, 35 Quart, Yellow","E","data/esci1500_thumbs/img/B00006ICOK.jpg"
1774269,90562,"sara fields kindle books","B09JDXNJHK","Erröte für Daddy (German Edition)","E","data/esci1500_thumbs/img/B09JDXNJHK.jpg"
1839607,93987,"skechers wide fit shoes","B07568KVJ9","Skechers Men's Relaxed Fit-Elent-Mosen Boat Shoe,charcoal,10.5 M US","E","data/esci1500_thumbs/img/B07568KVJ9.jpg"
1729515,88186,"rog phone 3","B08KH3J78C","Asus ROG Phone 3 ZS661KS / I003DD SD865+, 5G, International Version (No Warranty), 512GB 12GB RAM, Black Glare - GSM Unlocked","E","data/esci1500_thumbs/img/B08KH3J78C.jpg"
1886994,96474,"spanish books for kids ages 6-8","0394851420","Perro grande... Perro pequeño / Big Dog... Little Dog (Spanish and English Edition)","E","data/esci1500_thumbs/img/0394851420.jpg"
1780962,90915,"scholastic preschool workbooks","1338272292","Get Ready for Pre-K Write and Wipe Practice: Scholastic Early Learners (Write and Wipe)","E","data/esci1500_thumbs/img/1338272292.jpg"
1714895,87453,"revolving tree stand","B0080MNB5G","National Tree Company Artificial Christmas Tree Fits 1.25 Inch Pole, Load Weight-100 lb, Rotating Stand","E","data/esci1500_thumbs/img/B0080MNB5G.jpg"
1947670,99722,"sweatshirts for women","B07L13F4YG","Under Armour Women's Rival Fleece Sportstyle Graphic Hoodie, Steel Medium Heather (035)/Black, X-Large","E","data/esci1500_thumbs/img/B07L13F4YG.jpg"
1699312,86638,"reef phantom flip flops men","B07CZ5PRPV","Reef Men's LTHR Ortho Coast Sandal, Brown, 11","E","data/esci1500_thumbs/img/B07CZ5PRPV.jpg"
1682209,85747,"raw vegan not gross","1250066905","Raw. Vegan. Not Gross.: All Vegan and Mostly Raw Recipes for People Who Love to Eat","E","data/esci1500_thumbs/img/1250066905.jpg"
1724448,87915,"ro tel mild diced tomatoes & green chilies","B0039KG412","ROTEL Chili Fixin's Seasoned Diced Tomatoes and Green Chilies, 10 Ounce, 12 Pack","E","data/esci1500_thumbs/img/B0039KG412.jpg"
1913598,97906,"steelseries mouse white","B00BALXTGA","SteelSeries Sensei Laser Gaming Mouse [RAW] Frost Blue Edition","E","data/esci1500_thumbs/img/B00BALXTGA.jpg"
2260183,115909,"zuru robo alive","B071NMC7X2","Robo Alive Lurking Lizard Battery-Powered Robotic Toy (Green + Blue) by ZURU","E","data/esci1500_thumbs/img/B071NMC7X2.jpg"
1695634,86440,"red paper printer","B00006IDQW","Neenah Astrobrights 30% Recycled Bright Color Paper, 8 1/2in x 11in, 24 Lb, FSC Certified, Re-Entry Red, Ream of 500 Sheets, 21558","E","data/esci1500_thumbs/img/B00006IDQW.jpg"
1781940,90971,"schwinn predator parts","B07L77BWW5","Schwinn Predator Team 24 Freestyle BMX Cruiser Bike, Throwback 1983 Design, Single-Speed Drivetrain, Hi-Ten Steel Frame, Rattrap Pedals, Front and Rear Caliper Brakes, 24-Inch Gum Wall Tires, Chrome","E","data/esci1500_thumbs/img/B07L77BWW5.jpg"
1803915,92124,"sexy toystory for man","B085T5FV57","Forced Arousing Forbidden Taboo Erotica - Sex Short Stories Bundle","E","data/esci1500_thumbs/img/B085T5FV57.jpg"
1857134,94939,"small traffic cones 4 inches","B00KRU1UIE","BlueDot Trading 4” RC Racing Agility Cones, Orange – Set of 10","E","data/esci1500_thumbs/img/B00KRU1UIE.jpg"
1722347,87816,"ripped high waistef black jeans","B07DXSZY45","Levi's Women's 721 High Rise Skinny Jeans, Roll Out, 28 (US 6)","E","data/esci1500_thumbs/img/B07DXSZY45.jpg"
1684928,85885,"rca mini compact fridge","B00INXG9MY","Compact Ice Maker, Red","E","data/esci1500_thumbs/img/B00INXG9MY.jpg"
1871518,95679,"sofa for kids boys","B076MH69S4","Delta Children High Back Upholstered Chair, Dc Comics Batman","E","data/esci1500_thumbs/img/B076MH69S4.jpg"
1652782,84224,"puma active top for women","B01LX3EU39","PUMA Women's Dancer Drapey Tank Top, Sparkling Cosmo Heather, M","E","data/esci1500_thumbs/img/B01LX3EU39.jpg"
1789476,91373,"seasoning shaker","B00ZQG7VDM","WINCO Dredge with snap on Lids, Clear","E","data/esci1500_thumbs/img/B00ZQG7VDM.jpg"
1759151,89714,"sailor moon volume 3 and 4","1612623964","Sailor Moon Box Set (Vol. 1-6)","E","data/esci1500_thumbs/img/1612623964.jpg"
1974864,101046,"teacher tablet","B003U6SCTC","School Smart - 85325 Chart Tablet, 24 x 32 Inches, Unruled, 25 Sheets","E","data/esci1500_thumbs/img/B003U6SCTC.jpg"
1961909,100405,"tai chi","1590309421","The Harvard Medical School Guide to Tai Chi: 12 Weeks to a Healthy Body, Strong Heart, and Sharp Mind (Harvard Health Publications)","E","data/esci1500_thumbs/img/1590309421.jpg"
1755751,89539,"sabatoge prime","1621360482","Sabotage: How Insecurity Destroys Everything","E","data/esci1500_thumbs/img/1621360482.jpg"
1742120,88831,"roxy boots for women","B07KGWYHQF","Roxy Women's Yates Fashion Boot, Cheetah Print, 6.5 M US","E","data/esci1500_thumbs/img/B07KGWYHQF.jpg"
1845183,94290,"sleep harmony pillow youth","B07CMK551C","Tempur-Pedic Symphony Pillow Luxury Soft Feel, Standard, White","E","data/esci1500_thumbs/img/B07CMK551C.jpg"
1899051,97115,"spring scissors for kids","B08GXZ38RK","Baker Ross E7376 Kids Safety Scissors - Pack of 3, Soft Grip and Spring Loaded for Kids Arts and Crafts Activties","E","data/esci1500_thumbs/img/B08GXZ38RK.jpg"
1689374,86117,"recessed box without flange","B003JUFNIC","Legrand, Home Office & Theater, In Wall TV Power Kit, White, 5.1, HT2103WHV1","E","data/esci1500_thumbs/img/B003JUFNIC.jpg"
1944695,99562,"sushi rolls not gender roles","B084BKQXJ9","Feminism Sushi Rolls Not Gender Roles Funny Feminist Theory T-Shirt","E","data/esci1500_thumbs/img/B084BKQXJ9.jpg"
1752942,89404,"ryobi planer hpl51 blades","B002UVTQE8","POWERTEC 3-1/4"" HSS Blades for Bosch, B&D, Craftsman, DeWalt, Hitachi, Ryobi, and Most Hand-Held Planer","E","data/esci1500_thumbs/img/B002UVTQE8.jpg"
1933306,98979,"sugar free fiber gummies for adults","B00BMEVSOA","Vitafusion Fibre Well Fibre Supplement Gummies, 90 Gummies","E","data/esci1500_thumbs/img/B00BMEVSOA.jpg"
1808315,92350,"shayla black wicked lovers series","B009KUO21Y","Ours to Love (Wicked Lovers series Book 7)","E","data/esci1500_thumbs/img/B009KUO21Y.jpg"
1939467,99284,"suntuf polycarbonate roof panels","B07L3LTV2D","Suntuf Solar Control Silver 72""x26"" (10 Pack)","E","data/esci1500_thumbs/img/B07L3LTV2D.jpg"
1760604,89789,"sally green","0147511933","Half Wild (The Half Bad Trilogy)","E","data/esci1500_thumbs/img/0147511933.jpg"
1681375,85706,"ravens long sleeve shirt","B07FNF59Z6","ZUBAZ Men's NFL Long Sleeve T, Team Color, X-Large","E","data/esci1500_thumbs/img/B07FNF59Z6.jpg"
1791322,91469,"sectional sofa beige","B079C6TX76","Homelegance Clumber 82"" Reversible Sectional with Accent Pillows, Beige","E","data/esci1500_thumbs/img/B079C6TX76.jpg"
1983368,101476,"tennis practice net","B0002X8SOU","Club Champ Indoor / Outdoor Multi-Sport Easy Net, White , 8' x 10'","E","data/esci1500_thumbs/img/B0002X8SOU.jpg"
1922855,98415,"stranger things","1984817426","Stranger Things: Worlds Turned Upside Down: The Official Behind-the-Scenes Companion","E","data/esci1500_thumbs/img/1984817426.jpg"
1857649,94964,"small wheel cart for printer","B075SWRC34","VASAGLE Industrial Under Desk Printer Stand, 2-Tier Mobile Machine Cart with Shelf, Heavy Duty Storage Rack for Office and Home, Black UOPS02B","E","data/esci1500_thumbs/img/B075SWRC34.jpg"
1902001,97271,"sram battery charger","B0186OR6RG","SRAM eTap Battery Charger Black, One Size","E","data/esci1500_thumbs/img/B0186OR6RG.jpg"
1759146,89714,"sailor moon volume 3 and 4","1703201094","Sailor Moon Coloring Book: Over 50 Sailor Moon Illustration Funny Coloring Book for Japanese Anime Fans - Vol 2","E","data/esci1500_thumbs/img/1703201094.jpg"
1959718,100299,"tach adapter","B00062YWNI","AUTO METER 3209 Tachometer Shock Mounting Adapter","E","data/esci1500_thumbs/img/B00062YWNI.jpg"
1692413,86259,"red and white stripe sheet","B005TMLVW0","Red and White Striped Tablecloth Roll (100 ft) Circus Carnival Party Supplies - 1 Roll","E","data/esci1500_thumbs/img/B005TMLVW0.jpg"
2200199,112868,"womens blush slip","B07S8VLVQ5","Roxy Women's Yvonne Slip On Sport Sandal, Blush, 8 M US","E","data/esci1500_thumbs/img/B07S8VLVQ5.jpg"
2109732,108065,"vegan pancakes","B07PKR5PM1","Birch Benders Plant Protein Pancake & Waffle Mix, Vegan, 10g Plant-Based Protein, Whole Grains, Just Add Water, 3 Pack, 14 Oz","E","data/esci1500_thumbs/img/B07PKR5PM1.jpg"
1860176,95095,"smartbones large","B00LO1O0WI","Smart Bone Functional Sticks Skin and Coat Dog Chews, 16 pieces/pack","E","data/esci1500_thumbs/img/B00LO1O0WI.jpg"
2201396,112931,"womens cotton tshirts short sleeve","B0775M7RQB","Amazon Essentials Women's 2-Pack Classic-Fit Short-Sleeve Crewneck T-Shirt, Bright Pink/White, Large","E","data/esci1500_thumbs/img/B0775M7RQB.jpg"
1900079,97170,"spyro switch","B07BXMWG8L","Spyro Trilogy Reignited (PS4)","E","data/esci1500_thumbs/img/B07BXMWG8L.jpg"
1659708,84580,"purple mad pack","B01M9JRPQW","National Geographic Play Sand - 6 LBS of Sand with Castle Molds (Purple) - A Kinetic Sensory Activity","E","data/esci1500_thumbs/img/B01M9JRPQW.jpg"
1935733,99087,"summer edith wharton","0375757287","Ethan Frome & Summer (Modern Library Classics)","E","data/esci1500_thumbs/img/0375757287.jpg"
1702666,86812,"rei rain pants women","B001Q7JFRA","Columbia Women's Standard Storm Surge Waterproof Rain Pant, Black, X-Large","E","data/esci1500_thumbs/img/B001Q7JFRA.jpg"
1682217,85748,"raw vegan not gross cookbook by laura miller","1647399661","The Vegetarian Family Cookbook: 100 Simple Kid-Friendly Recipes to Enjoy Together","E","data/esci1500_thumbs/img/1647399661.jpg"
1865198,95351,"snoopy baseball","B071XCYGZN","Enesco Peanuts by Jim Shore Snoopy Beagle at Bat Figurine, 7.5 Inch, Multicolor","E","data/esci1500_thumbs/img/B071XCYGZN.jpg"
1717634,87590,"rick atkinson","1250037816","The Guns at Last Light: The War in Western Europe, 1944-1945 (The Liberation Trilogy, 3)","E","data/esci1500_thumbs/img/1250037816.jpg"
1849135,94501,"slip silk pillowcase for hair and skin","B01JZWLLIS","Slip Silk King Pillowcase, Pink (20"" x 36"") - 100% Pure 22 Momme Mulberry Silk Pillowcase - Silk Pillowcase for Skin and Health Benefits","E","data/esci1500_thumbs/img/B01JZWLLIS.jpg"
1684979,85888,"rcbs 257 reloading dies","B000N8JXF2","RCBS #4 Shell Holder Green","E","data/esci1500_thumbs/img/B000N8JXF2.jpg"
1678852,85571,"ranger storage box","B00EXFF21K","Kolpin Gen 2 KXP Saddle Storage - 4413","E","data/esci1500_thumbs/img/B00EXFF21K.jpg"
1892730,96779,"spiderman gloves for kids","B00HZH71AS","Rubie's Marvel, Ultimate Spider-Man Child Gloves , Red","E","data/esci1500_thumbs/img/B00HZH71AS.jpg"
1653281,84245,"puma rs shoes for men","B07RSYGQ1N","PUMA unisex adult Rs-x Sneaker, Puma Black-galaxy Blue, 8.5 US","E","data/esci1500_thumbs/img/B07RSYGQ1N.jpg"
1920790,98302,"storage bin 52qt with lid","B00BJ04QAU","KIS Clear Omni Underbed Box , 52-Quart/50-Liter (7-Pack)","E","data/esci1500_thumbs/img/B00BJ04QAU.jpg"
1658801,84528,"purple back","B07VYFQTG3","ONIVA - a Picnic Time brand Ventura Portable Reclining Stadium Seat, (Purple)","E","data/esci1500_thumbs/img/B07VYFQTG3.jpg"
1936553,99132,"sun cloud sunglasses","B08R12HTVP","Suncloud Beyond Polarized Sunglasses, Transparent Gray/Polarized Sienna Mirror, One Size","E","data/esci1500_thumbs/img/B08R12HTVP.jpg"
1935649,99082,"summer dresses","B07CJDF2NX","ECOWISH Womens Dresses Summer Casual V-Neck Floral Print Geometric Pattern Belted Dress Black XXX-Large","E","data/esci1500_thumbs/img/B07CJDF2NX.jpg"
1644193,83797,"protein powder without sugar","B07L8YLV55","Quest Nutrition Chocolate Milkshake Protein Powder, High Protein, Low Carb, Gluten Free, Soy Free, 48 Ounce (Pack of 1)","E","data/esci1500_thumbs/img/B07L8YLV55.jpg"
1916386,98061,"steve madden platform sandal","B07GTF7L95","Madden Girl Women's Cybell Sandal, Black Fabric, 7.5","E","data/esci1500_thumbs/img/B07GTF7L95.jpg"
1977845,101205,"teen devotional bible for girls","1424560411","A Little God Time for Teens: 365 Daily Devotions (Faux Leather Gift Edition) – Motivational Devotions for Teen Girls, Perfect Gift for Teenage Girls, Birthdays, Holidays, and More","E","data/esci1500_thumbs/img/1424560411.jpg"
1947648,99722,"sweatshirts for women","B07N4PHG83","Amazon Brand - Daily Ritual Women's Terry Cotton and Modal Long Sleeve Crew Neck Sweatshirt, Black,Small","E","data/esci1500_thumbs/img/B07N4PHG83.jpg"
1672234,85223,"rack mount raid","B0046A8FIE","Sans Digital Rackmount eSATA External Hard Drive Enclosure ER104UT+B","E","data/esci1500_thumbs/img/B0046A8FIE.jpg"
1699674,86658,"reflective boots","B0714F5HB4","Crocs Kids' Handle It Rain Boots , Navy, 13 Little Kid","E","data/esci1500_thumbs/img/B0714F5HB4.jpg"
1916116,98045,"stero for truck\","B075MTNPDM","Pioneer MVH-S310BT Built-in Bluetooth, MIXTRAX, USB, Spotify, iPhone, Android Smart Sync, Car Digital Media Receiver w/Pandora Premium Trial + (4) 6.5"" 2 Way Speaker Bundle","E","data/esci1500_thumbs/img/B075MTNPDM.jpg"
1890625,96665,"spek ipad case","B01D3BDT0K","Speck Products StyleFolio Case and Stand for 9.7-inch iPad Pro (Fits iPad Air 2, 1), 77233-5410","E","data/esci1500_thumbs/img/B01D3BDT0K.jpg"
1894518,96879,"spiralizer","B074PHBQX3","BELLA 4-in-1 Automatic Electric Spiralizer & Slicer, Quickly Prep Healthy Veggie or Fruit Spaghetti, Noodles or Ribbons, Easy To Clean, Recipe Book Included, White","E","data/esci1500_thumbs/img/B074PHBQX3.jpg"
1946702,99669,"sweat pants outfits for women loose fit plus size","B01LWLX16H","Gildan Women's Open Bottom Sweatpants, Navy, Large","E","data/esci1500_thumbs/img/B01LWLX16H.jpg"
1921935,98364,"storybook stuffed animals","B0848GQLZN","Wild Republic EcoKins Giraffe Stuffed Animal 12 inch, Eco Friendly Gifts for Kids, Plush Toy, Handcrafted Using 16 Recycled Plastic Water Bottles","E","data/esci1500_thumbs/img/B0848GQLZN.jpg"
1833473,93661,"simplehuman foam refill","B01MA40HD0","simplehuman 10 Fl. Oz Cartridges Lavender Foam Hand Soap, 2 Pack, 20","E","data/esci1500_thumbs/img/B01MA40HD0.jpg"
1796061,91721,"senokot s 100 tablets","B0768NSCQ4","Senokot Tablets - All Natural Ingredient for Fast Relief of Constipation Due to Slow Bowel Motion - 100 Tablets","E","data/esci1500_thumbs/img/B0768NSCQ4.jpg"
1731256,88276,"rolled gold pretzel sticks","B07C1N5C2L","Rold Gold Pretzel Sticks, 1 Ounce (Pack of 40)","E","data/esci1500_thumbs/img/B07C1N5C2L.jpg"
1693004,86294,"red boys rain boots","B07DQ5SQ9Y","Kamik Girls Fireman Rain Boot, RED, 12 Little Kid","E","data/esci1500_thumbs/img/B07DQ5SQ9Y.jpg"
1808502,92360,"she cow story","0987453661","Cows","E","data/esci1500_thumbs/img/0987453661.jpg"
1690508,86170,"reclining sofa with drop down table","B07GRDDQRQ","Signature Design by Ashley Wurstrow Power Reclining Sofa with Adjustable Headrest Umber","E","data/esci1500_thumbs/img/B07GRDDQRQ.jpg"
1793298,91573,"seiko sportura watches for men","B0792GGKPP","Seiko Men's Sport Watches Stainless Steel Japanese-Quartz Leather Calfskin Strap, Brown, 22 (Model: SNE487)","E","data/esci1500_thumbs/img/B0792GGKPP.jpg"
1983379,101477,"tennis pumas for men","B0721LTGXF","PUMA Men's Smash V2 Sneaker, Peacoat-White, 10 M US","E","data/esci1500_thumbs/img/B0721LTGXF.jpg"
1761987,89860,"saltwater sandals toddler","B004XVUYYO","Salt Water Sandals by Hoy Shoe Sun-San-Sharks,Blue/Navy,8 M US Toddler","E","data/esci1500_thumbs/img/B004XVUYYO.jpg"
1652906,84229,"puma bucket bag","B072R2YZDT","PUMA Evercat No. 1 Logo Duffel Bag","E","data/esci1500_thumbs/img/B072R2YZDT.jpg"
1802405,92050,"sexy cat girl figures","B01FXKXABC","Orcatoys Fairy Tail: Erza Scarlet White Cat Gravure Version PVC Figure (1:6 Scale)","E","data/esci1500_thumbs/img/B01FXKXABC.jpg"
1986009,101608,"tervis tumbler 24 oz without lid","B013JK2LN6","Tervis Sequins Flip Flops Made in USA Double Walled Insulated Tumbler, 24 oz, Clear","E","data/esci1500_thumbs/img/B013JK2LN6.jpg"
1884144,96320,"soundbar waterproof speaker","B07JKZ614C","4” Waterproof Off-Road Bluetooth Speakers - 800W Power w/ Amplified Speaker System for ATV/UTV, Aux (3.5mm) Input Jack, Marine Grade Weatherproof, Great for Use w/ all 12V Vehicles - Pyle PLUTV43BTA","E","data/esci1500_thumbs/img/B07JKZ614C.jpg"
1945303,99591,"suzi without a paddle opi nail polish","B003IKRHTQ","OPI Nail Lacquer, Squeaker of the House, Brown Nail Polish, Washington DC Collection, 0.5 fl oz","E","data/esci1500_thumbs/img/B003IKRHTQ.jpg"
1813782,92635,"shirts for young adults women","B086G3TPPB","IZOD Juniors Uniform Short Sleeve Performance Polo, White, 11/13","E","data/esci1500_thumbs/img/B086G3TPPB.jpg"
1735119,88470,"root spray dark blonde","B0714115Q8","Toppik Root Touch Up Spray , Medium Blonde, 2.8 oz","E","data/esci1500_thumbs/img/B0714115Q8.jpg"
1924445,98507,"streamlight flashlight charger","B00AIY1N0O","Streamlight 74102 Strion Charger/Holder, Gray","E","data/esci1500_thumbs/img/B00AIY1N0O.jpg"
1936556,99132,"sun cloud sunglasses","B01NAICDF1","Suncloud Rambler Polarized Sunglasses","E","data/esci1500_thumbs/img/B01NAICDF1.jpg"
1950449,99865,"swing dress","B07YGJMNGJ","Amazon Essentials Women's Short-Sleeve V-Neck Swing Dress, Green Navy Abstract Floral, Medium","E","data/esci1500_thumbs/img/B07YGJMNGJ.jpg"
1863353,95256,"snacks variety pack without peanuts","B07D45W364","Pirate's Booty Aged White Cheddar Cheese Puffs, 24ct, 0.5oz Snack Size Bags, Gluten Free, Healthy Kids Snacks","E","data/esci1500_thumbs/img/B07D45W364.jpg"
1687512,86018,"ream white card stock","B006P1ER8O","Neenah Exact Vellum Bristol, 8.5"" x 11"", 67 lb/147 gsm, White, 94 Brightness, 250 Sheets (80211)","E","data/esci1500_thumbs/img/B006P1ER8O.jpg"
1917323,98113,"sticker by number books","1645580369","Brain Games - Sticker by Number: Nature - 2 Books in 1 (42 Images to Sticker)","E","data/esci1500_thumbs/img/1645580369.jpg"
1883138,96262,"sopranos","B00L5QX1FO","The Sopranos: The Complete Series (Blu-ray + Digital HD)","E","data/esci1500_thumbs/img/B00L5QX1FO.jpg"
1838664,93942,"skateboard pads","B002WTUXUE","Triple Eight Saver Series Pad Set with Kneesavers, Elbowsavers and Wristsavers, Small, Black","E","data/esci1500_thumbs/img/B002WTUXUE.jpg"
1679137,85588,"raptor 660 handlebars","B000WJ4UH8","ProTaper SE Handlebar - Raptor ATV Sport Bend - Jet Black 2146D JET BLACK","E","data/esci1500_thumbs/img/B000WJ4UH8.jpg"
1740823,88767,"round running boards","B001FCRADM","ARIES 202009 3-Inch Round Black Steel Nerf Bars, No-Drill, Select Toyota Tacoma","E","data/esci1500_thumbs/img/B001FCRADM.jpg"
1666431,84921,"queen bedf","B07ZQYLLB8","LUCID Upholstered Bed with Square Tufted Headboard -Linen Inspired Fabric –Sturdy Wood Build –No Box Spring Required Platform, Queen, Pearl","E","data/esci1500_thumbs/img/B07ZQYLLB8.jpg"
1900601,97200,"square makeup remover pads","B0006Q01PC","Intrinsics Petite Silken Wipes - 2""x2"", 4-ply Blend of Soft Fibers, 200 Count","E","data/esci1500_thumbs/img/B0006Q01PC.jpg"
1668968,85053,"quickbooks without subscription","B08FRTZJ55","QuickBooks Desktop Pro 2021 Accounting Software for Small Business with Shortcut Guide [PC Download]","E","data/esci1500_thumbs/img/B08FRTZJ55.jpg"
1694297,86366,"red girl polo shirt","B01DGL6S3W","French Toast Girls Short Sleeve Stretch Pique Polo, Red, Small/6/6x,Little Girls","E","data/esci1500_thumbs/img/B01DGL6S3W.jpg"
1842457,94138,"skinny ripes jean women","B07C7P52S4","Wrangler Authentics Boys Boot Cut Jean, Fresh Indigo Flex, 14 Husky","E","data/esci1500_thumbs/img/B07C7P52S4.jpg"
1900741,97209,"square shop vac with wheels","B01J9LEI4E","Stanley SL18115P Wet/Dry Vacuum, 5 Gallon, 4 Horsepower, 4.0 HP AC, Black","E","data/esci1500_thumbs/img/B01J9LEI4E.jpg"
1792399,91525,"seed organizer","B0027ACBKI","ArtBin 0365500 6990AB Super Satchel Double Deep, Portable Art & Craft Organizer with Handle, [1] Plastic Storage Case, Clear with Gold Accents, 0, Clear & Gold","E","data/esci1500_thumbs/img/B0027ACBKI.jpg"
1732264,88329,"rolling totes with wheels and handle for women","B01M8OCE3G","Travelpro Platinum Elite Underseat Spinner Tote Bag with USB Port, Shadow Black, 16-Inch","E","data/esci1500_thumbs/img/B01M8OCE3G.jpg"
2086048,106867,"uniform skorts skirts for girls","B01BDX6BAA","Amy Byer Girls' Size 7-16 Knit Skater Skirt with Foldover Waist, Black, Medium","E","data/esci1500_thumbs/img/B01BDX6BAA.jpg"
1641471,83643,"prolab caffeine tablets","B00169RZUW","PROLAB Advanced Caffeine Tablets, 60-Count","E","data/esci1500_thumbs/img/B00169RZUW.jpg"
1793945,91603,"self adhesive laminating roll","B07DGMQBY4","ORACAL High Gloss Self-Adhesive Clear Lamination Vinyl Roll for Die-Cutter and Plotter Machines Including Yellow Detailer Squeegee (17.9"" x 48"")","E","data/esci1500_thumbs/img/B07DGMQBY4.jpg"
1742181,88835,"roxy long sleeve swimsuit girls","B07XPNRK2N","Roxy womens Fashion Long Sleeve Rashguard Rash Guard Shirt, Anthracite Zilla Sample, Small US","E","data/esci1500_thumbs/img/B07XPNRK2N.jpg"
1780676,90899,"schlage interior door latch","B007NZM828","Schlage F40 V PLY 619 Plymouth Door Knob Bed & Bath Privacy Lock, Satin Nickel","E","data/esci1500_thumbs/img/B007NZM828.jpg"
2081387,106606,"under armour compression pants men","B01A09MPFI","DRSKIN Men’s Compression Pants Tights Leggings Sports Baselayer Running Workout Active Yoga Dry Thermal Wintergear (S, DMBB04) Black","E","data/esci1500_thumbs/img/B01A09MPFI.jpg"
1802962,92077,"sexy lab coat costume","B00VT1N7F4","Music Legs Women's Sexy Surgeon, White, Small/Medium","E","data/esci1500_thumbs/img/B00VT1N7F4.jpg"
1902439,97288,"ssd","B0719D9YL7","PNY CS900 240GB 3D NAND 2.5"" SATA III Internal Solid State Drive (SSD) - (SSD7CS900-240-RB)","E","data/esci1500_thumbs/img/B0719D9YL7.jpg"
1900363,97187,"square d homeline panel","B00P1Q0VMA","Square D by Schneider Electric HOM1224L125PRB Homeline 125-Amp 12-Space 24-Circuit Outdoor Main Lugs Load Center with Cover, Plug-on Neutral Ready","E","data/esci1500_thumbs/img/B00P1Q0VMA.jpg"
1660773,84641,"purse","B01M1GZKY0","Baggallini womens Pocket Crossbody With Rfid Cross Body Handbag, Pewter Floral, One Size US","E","data/esci1500_thumbs/img/B01M1GZKY0.jpg"
1887007,96474,"spanish books for kids ages 6-8","1483816559","Carson Dellosa Beginning Spanish Workbook—Grade 1 Spanish Learning for Kids, Spanish Vocabulary Builder With Numbers, Colors, Songs, Common Words (80 pgs) (Brighter Child: Grades 1)","E","data/esci1500_thumbs/img/1483816559.jpg"
1789477,91373,"seasoning shaker","B0027I1P2A","Elizabeth Karmel’s Adjustable Dry Rub Shaker with Holes for Medium and Coarse Grind Seasonings, Stainless Steel, 1-Cup Capacity","E","data/esci1500_thumbs/img/B0027I1P2A.jpg"
1971373,100876,"taylor made golf club sets for men right handed stiff flex","B08QSLCFVT","TaylorMade SIM 2 Max Driver Mens Right Hand Graphite Stiff 9 Degree KuroKage Silver","E","data/esci1500_thumbs/img/B08QSLCFVT.jpg"
2221522,113991,"wrangler mens pullover","B01L8GRSZO","Wrangler Authentics Men's Long Sleeve Waffle Henley, Caviar, Medium","E","data/esci1500_thumbs/img/B01L8GRSZO.jpg"
1742884,88869,"royal blue table cloths rectangle","B07Q3TZD19","Eurmax USA 6Ft Rectangular Fitted Spandex Tablecovers Wedding Patio Table Covers Event Stretchable Tablecover (Royal Blue)","E","data/esci1500_thumbs/img/B07Q3TZD19.jpg"
1804130,92131,"seychelles shoes","B07BRZPSN4","Seychelles So Blue Bootie Black Suede 8 M","E","data/esci1500_thumbs/img/B07BRZPSN4.jpg"
1898331,97081,"spray foam","B07J4631VQ","Red Devil 090806 Foam & Fill Large Gaps & Cracks Expanding Polyurethane Sealant, 8 oz, Off- White","E","data/esci1500_thumbs/img/B07J4631VQ.jpg"
1909652,97684,"star wars nativity set","B018SR8W5G","Star Wars Ceramic Salt and Pepper Shakers - Darth Vader & Stormtrooper - Take your Meals to the Darkside!","E","data/esci1500_thumbs/img/B018SR8W5G.jpg"
2171699,111330,"white star trooper","B00265F22I","Rubies Star Wars Clone Wars Child's Clone Trooper Deluxe Captain Rex Costume, Large","E","data/esci1500_thumbs/img/B00265F22I.jpg"
1764645,90015,"samsung eg920","B00XQ51VH2","Samsung - Stereo Headsets 3.5mm - Extra Eargels included (S,M)","E","data/esci1500_thumbs/img/B00XQ51VH2.jpg"
1689999,86148,"recipe cook3 ring binder","B00EE9TKZY","C.R. Gibson Vertical Recipe Keeper Flip Stand, Perfect Setting","E","data/esci1500_thumbs/img/B00EE9TKZY.jpg"
1940523,99341,"super red riding hood","1680524488","Little Red Riding Hood","E","data/esci1500_thumbs/img/1680524488.jpg"
1689364,86117,"recessed box without flange","B00L4PYK4M","DATA COMM Electronics 45-0051-WH Recessed AV/HDMI Cable Conceal Plate with Expandable Media Box and Dual Power Receptacle","E","data/esci1500_thumbs/img/B00L4PYK4M.jpg"
1696823,86509,"red toddler boys shirt","B00K19DG60","Soffe boys 5.2 Oz Tee, Red, 4T","E","data/esci1500_thumbs/img/B00K19DG60.jpg"
1904900,97420,"stainless steel brew 16qt","B0030T1KR0","Excelsteel 16 Quart Stainless Steel Stockpot With Encapsulated Base","E","data/esci1500_thumbs/img/B0030T1KR0.jpg"
1868971,95545,"soap foam brush","B079X76S27","Unger 2-in-1 Bath and Tile Scrubber Brush Tool","E","data/esci1500_thumbs/img/B079X76S27.jpg"
1661387,84673,"push pop variety pack","B003YTX2GS","Baby Bottle Pop Candy 20 Pack NET WT 17 oz (480 g)","E","data/esci1500_thumbs/img/B003YTX2GS.jpg"
1987005,101661,"tetra small pond filter with fountain and likes","B003JVR1J0","TetraFauna ReptoFilter Filter Cartridges 3 Count, Size Large, Filter Cartridge Refills","E","data/esci1500_thumbs/img/B003JVR1J0.jpg"
1665106,84853,"qsc speakers","B07978NQ67","QSC KS112 Active 12"" Subwoofer","E","data/esci1500_thumbs/img/B07978NQ67.jpg"
1761669,89843,"salt spreader for snow","B0000AWYNN","Buyers Products TGS05B SaltDogg 10.79 Cubic Feet Tailgate Salt Spreader","E","data/esci1500_thumbs/img/B0000AWYNN.jpg"
1975225,101065,"teal bowl","B00WJ0YJW4","Coza Design- Eco Friendly Plastic Bowl for cereal, dessert, ice cream, soup (Microwave and Dishwasher Safe) (17 oz., Green)","E","data/esci1500_thumbs/img/B00WJ0YJW4.jpg"
1652860,84227,"puma boxers black","B00FKDY1KC","PUMA Men's 3-Pack Boxer Brief, Black, Large","E","data/esci1500_thumbs/img/B00FKDY1KC.jpg"
1815797,92731,"shoes casual men","B07F1QZD15","New Balance Men's 608 V5 Casual Comfort Cross Trainer, Chocolate Brown/White, 10 W US","E","data/esci1500_thumbs/img/B07F1QZD15.jpg"
2255350,115676,"zesty paws 8 in 1 multivitamin bites","B01NHETZCR","Zesty Paws Cranberry for Dogs - UT Incontinence Support + Immune Health Dog Antioxidant - Urinary Tract UTI & Kidney + Bladder Support - D-Mannose + Organic Marshmallow & Licorice - 90 Chew Treats","E","data/esci1500_thumbs/img/B01NHETZCR.jpg"
1656467,84417,"pure bite","B01GCJQ3ZI","Purebites Chicken Breast For Dogs, 6.2Oz / 175G - Value Size","E","data/esci1500_thumbs/img/B01GCJQ3ZI.jpg"
1800633,91962,"sew barbie clothes","B07KQS46WH","Simplicity S8865 Doll Clothes Sewing Patterns for 11.5"" Dolls, Code 8865","E","data/esci1500_thumbs/img/B07KQS46WH.jpg"
1800843,91973,"sewing basket without accessories","B093SVQTF1","Korbond Sewing Basket, Cotton, Yellow, Extra Large XL","E","data/esci1500_thumbs/img/B093SVQTF1.jpg"
1975054,101057,"teak oil for shower stool","B001GJ58O2","STAR BRITE Teak Oil - 16 OZ (081616)","E","data/esci1500_thumbs/img/B001GJ58O2.jpg"
1874362,95816,"sojag gazebos","B07P79RHHW","Sojag 10' x 10' Dakota Hardtop Gazebo Outdoor Sun Shelter, Black,Brown","E","data/esci1500_thumbs/img/B07P79RHHW.jpg"
1713201,87362,"reusable cotton candy stick cons","B07NRYSDJ9","Perfectware Cotton Candy Cones 200ct","E","data/esci1500_thumbs/img/B07NRYSDJ9.jpg"
1844269,94237,"skylanders amiibo","B0141GSM8A","Skylanders SuperChargers Starter Pack (Dark Edition with Stealth Elf) - Wii U","E","data/esci1500_thumbs/img/B0141GSM8A.jpg"
1971382,100876,"taylor made golf club sets for men right handed stiff flex","B082PNBRX7","TaylorMade SIM MAX-D Driver, UST Mamiya Helium 5 Shaft, 10.5 Degree Loft, Right Hand, Regular Flex , Black, Titanium, Blue","E","data/esci1500_thumbs/img/B082PNBRX7.jpg"
1824180,93178,"sigma mc-11","B01C7A3W7S","SIGMA マウントコンバーター MC-11 キヤノンEF-E用 キヤノン⇔ソニーEマウント","E","data/esci1500_thumbs/img/B01C7A3W7S.jpg"
1926686,98634,"strong airsoft guns","B074ND9SYY","HK Heckler & Koch G36 C AEG Automatic 6mm BB Rifle Airsoft Gun, Competition Series, Dark Earth Brown","E","data/esci1500_thumbs/img/B074ND9SYY.jpg"
1773654,90533,"sanuk sandals","B00HHGT1JQ","Sanuk Beer Cozy Light Dark Brown 13","E","data/esci1500_thumbs/img/B00HHGT1JQ.jpg"
1744754,88970,"rubber worms for bass fishing","B00UFWIBCM","Yum Lures YDG411 Dinger Fishing Bait, Pumpkin Pepper/Green Flake, 4""","E","data/esci1500_thumbs/img/B00UFWIBCM.jpg"
1837306,93868,"size 12 jean shorts womens","B071GKKGRL","PHOENISING Women's Sexy Stretchy Fabric Hot Pants Distressed Denim Shorts, Size 2-16","E","data/esci1500_thumbs/img/B071GKKGRL.jpg"
1963862,100509,"tall rain boots for women","B00EAIY77U","Kamik Women's Olivia Rain Boot, Charcoal W PINK BOTTOM, 9 M US","E","data/esci1500_thumbs/img/B00EAIY77U.jpg"
1850490,94565,"slytherin tie","B083TNQM46","Disguise unisex adult Slytherin Costume Accessory, Green & Gray, Size US","E","data/esci1500_thumbs/img/B083TNQM46.jpg"
1692335,86256,"red and white dots doormat","B077VSXHVR","DII Square Cotton Tablecloth for Independence Day, July 4th Party, Summer BBQ and Outdoor Picnics - 52x52"", Red White and Blue Star Check","E","data/esci1500_thumbs/img/B077VSXHVR.jpg"
1642495,83702,"propet shoes women wide width","B07N2ZQ936","Propet Women's Travelbound Sneaker, Light Taupe, 6 Wide","E","data/esci1500_thumbs/img/B07N2ZQ936.jpg"
1703297,86844,"releev cold sore treatment","B00SYDJVKA","RELEEV Oral Care Treatment 0.10 Oz","E","data/esci1500_thumbs/img/B00SYDJVKA.jpg"
1645751,83870,"ps move","B002I0K6X6","Playstation Move Navigation Controller","E","data/esci1500_thumbs/img/B002I0K6X6.jpg"
1839201,93966,"skechers cleo bewitch","B01MYXTZY0","Skechers womens Cleo Bewitched - Engineered Knit Skimmer Ballet Flat, Black, 7.5 US","E","data/esci1500_thumbs/img/B01MYXTZY0.jpg"
2106057,107892,"vans shoes for girls","B00KCRS0E4","Vans VWWX6BT Kids Authentic Shoes, Black/True White, 3 M US Little Kid","E","data/esci1500_thumbs/img/B00KCRS0E4.jpg"
1912611,97848,"steam mop disposable pads","B07CZD7R34","Steam Mop,LIGHT 'N' EASY Floor Steamers for Hardwood and Tile,Lightweight Steam Mops for Laminate Floor,Carpet Steamer,Wood Floor Mop Steam Cleaners,7618ANW","E","data/esci1500_thumbs/img/B07CZD7R34.jpg"
1646201,83893,"ps3 uncharted collection","B009CYJ8SA","PS3 250GB Uncharted 3: Game of the Year Bundle","E","data/esci1500_thumbs/img/B009CYJ8SA.jpg"
1725568,87978,"roblox costumes for boys","B083TMX76R","Minecraft Skeleton Costume for Kids, Video Game Inspired Character Outfit, Classic Child Size Large (10-12) Gray","E","data/esci1500_thumbs/img/B083TMX76R.jpg"
1733813,88407,"roof tiles","B004FLN7UK","JTT Scenery Products Plastic Pattern Sheets: Spanish Tile","E","data/esci1500_thumbs/img/B004FLN7UK.jpg"
1698098,86576,"redkin foam","B00VZ3MRES","Redken Stay High 18 High-Hold Gel To Mousse | For All Hair Types | Provides Long-Lasting Volume & Body | 5.2 Oz","E","data/esci1500_thumbs/img/B00VZ3MRES.jpg"
1693012,86294,"red boys rain boots","B00EVZP7CQ","Western Chief Kids Firechief 2 Rainboot (Toddler/Little Kid/Big Kid) Red 12 Little Kid M","E","data/esci1500_thumbs/img/B00EVZP7CQ.jpg"
1794256,91622,"self help book for manipulative girls","B00LD1OITO","Luckiest Girl Alive: A Novel","E","data/esci1500_thumbs/img/B00LD1OITO.jpg"
1779332,90827,"scarf hat set","B07DJ26XFD","Amazon Essentials Women's Cable Knit Hat and Scarf Set, Ivory, One Size","E","data/esci1500_thumbs/img/B07DJ26XFD.jpg"
1814096,92649,"shlich horses","B07G9RG2MQ","SCHLEICH Horse Club, Animal Figurine, Horse Toys for Girls and Boys 5-12 Years Old, Knabstrupper Stallion","E","data/esci1500_thumbs/img/B07G9RG2MQ.jpg"
1782944,91025,"scooby doo toys","B08175VGYQ","Playmobil Scooby-DOO! Mystery Machine","E","data/esci1500_thumbs/img/B08175VGYQ.jpg"
1837293,93868,"size 12 jean shorts womens","B08Z8G3WC7","Wrangler Women's 4"" Rolled Jean Short, Dayton, 12","E","data/esci1500_thumbs/img/B08Z8G3WC7.jpg"
1776730,90692,"sauder craft pro series","B07G9T6SXR","Sauder Cannery Bridge Storage Wall, L: 48.35"" x W: 15.67"" x H: 71.97"", Mystic Oak","E","data/esci1500_thumbs/img/B07G9T6SXR.jpg"
1859366,95051,"smart thermostat that works with alexa","B07VGB9G47","Echo Dot (3rd Gen) - Charcoal Fabric Bundle with Honeywell RTH9585WF1004/W Wi-Fi Smart Color Programmable Thermostat","E","data/esci1500_thumbs/img/B07VGB9G47.jpg"
1965229,100580,"tan towel set","B01GIO6TBK","Luxury Cotton Towel Set- Quick Dry, Zero Twist and Soft 6 Piece Set With 2 Bath Towels, 2 Hand Towels and 2 Washcloths By Lavish Home (Taupe / Black)","E","data/esci1500_thumbs/img/B01GIO6TBK.jpg"
1656871,84436,"pure harmony","B078SVJY95","Weruva Classic Dog Food, Variety Pack, Chicken Free, Just 4 Me, Wet Dog Food, 5.5oz Cans (Pack of 24)","E","data/esci1500_thumbs/img/B078SVJY95.jpg"
1820409,92980,"shower garden hose wand","B082XWG7M3","Sprout 65105-AMZ Melnor 8-Pattern 15"" Watering Wand and QuickConnect Product Adapter Amazon Bundle, Blueberry Blue","E","data/esci1500_thumbs/img/B082XWG7M3.jpg"
1782075,90979,"science bulletin board borders","B07NHHBNQZ","STEAM Straight Border Trim","E","data/esci1500_thumbs/img/B07NHHBNQZ.jpg"
1846218,94343,"sleeveless button front tunic tops with collar for women","B01HP20NXY","Calvin Klein Women's Roll Sleeve Tunic Blouse (Regular and Plus Sizes), Aubergine, Small","E","data/esci1500_thumbs/img/B01HP20NXY.jpg"
1844158,94233,"skycaddie touch","B01D4YXHQ2","SkyCaddie Linxgt Game Tracking Edition, Black, One Size","E","data/esci1500_thumbs/img/B01D4YXHQ2.jpg"
1892698,96777,"spiderman funko pop","B013J4JES2","POP Marvel Salt N' Pepper Shakers - Spider-Man Black Suit Spider-Man","E","data/esci1500_thumbs/img/B013J4JES2.jpg"
1743051,88879,"royal canin labrador retriever","B077YWF5FM","Royal Canin Rottweiler Puppy Breed Specific Dry Dog Food, 30 lb bag","E","data/esci1500_thumbs/img/B077YWF5FM.jpg"
1784016,91083,"scott ward","B01LWTBO8W","THE KNIGHT'S GAMBIT: The Alternate History Novel of the Battleship TIRPITZ and Convoy PQ17. (The Malta Fulcrum WW2 Alternate History Series)","E","data/esci1500_thumbs/img/B01LWTBO8W.jpg"
1905864,97478,"stamina x air rower","B0767CMYW4","Stamina | X Stamina x Amrap Indoor Rowing Machine | Dynamic Air Resistance | Workout Monitor | Wireless Heart Rate Strap Included","E","data/esci1500_thumbs/img/B0767CMYW4.jpg"
1638251,83477,"private label sneaker bag","B07JVC56S6","Under Armour Adult Undeniable Duffle 4.0 Gym Bag , Graphite Medium Heather (040)/Black , Medium","E","data/esci1500_thumbs/img/B07JVC56S6.jpg"
1794562,91641,"self tanning lotions with 5 stars","B00CO83ZIU","Dave's Self Tanner Organic & Natural Medium/Dark Sunless Tanning Anti-Aging Lotion. All Skin Types …","E","data/esci1500_thumbs/img/B00CO83ZIU.jpg"
1783182,91037,"scooter for kids ages 6-12","B01EN6LTWY","Razor A Kick Scooter - Green - FFP","E","data/esci1500_thumbs/img/B01EN6LTWY.jpg"
1665088,84853,"qsc speakers","B0797L1W2J","QSC E110BK","E","data/esci1500_thumbs/img/B0797L1W2J.jpg"
1806187,92238,"shampoo without water","B07GQ5S5WX","Maui Moisture Lightweight Hydration + Hibiscus Water Shampoo for Daily Moisture, No Sulfates, 13 fl oz","E","data/esci1500_thumbs/img/B07GQ5S5WX.jpg"
1878230,96005,"songs only you know","1616953365","Songs Only You Know: A Memoir","E","data/esci1500_thumbs/img/1616953365.jpg"
1663565,84783,"pyrex glass round 2qt contaner","B0157G3IX2","Pyrex Easy Grab Glass Bakeware and Food Container Set, 14-Piece, Clear","E","data/esci1500_thumbs/img/B0157G3IX2.jpg"
1892171,96746,"spider man into the spider verse shirt","B07PMG1TW4","Marvel Spider-Man Into the Spider-Verse Miles City T-Shirt","E","data/esci1500_thumbs/img/B07PMG1TW4.jpg"
1932920,98960,"sugar and sweetner holder","B005J3ZGA2","iDesign Linus Plastic Divided Packet Organizer, Holder for Sugar, Salt, Pepper, Sweeteners, Tea Bags, Spices, 2.25"" x 9"" x 2"", Clear","E","data/esci1500_thumbs/img/B005J3ZGA2.jpg"
2163302,110869,"whey protein without sugar","B00166BBXW","Lean Body Ready-to-Drink Chocolate Protein Shake, 40g Protein, Whey Blend, 0 Sugar, Gluten Free, 22 Vitamins & Minerals, (Recyclable Carton & Lid - Pack of 12) LABRADA","E","data/esci1500_thumbs/img/B00166BBXW.jpg"
1744177,88942,"rubber ducks without holes","B07TT6JV7Q","Playgro 0187479 Bath Duckie Family - Fully Sealed for Baby Infant Toddler Children, Playgro is Encouraging Imagination with STEM/STEM for a Bright Future - Great Start for a World of Learning","E","data/esci1500_thumbs/img/B07TT6JV7Q.jpg"
1881031,96153,"sony rx0","B07Q2DNL98","Sony RX0 II 1” (1.0-type) Sensor Ultra-Compact Camera","E","data/esci1500_thumbs/img/B07Q2DNL98.jpg"
1757133,89608,"safari cat brush","B0002RJMB4","Safari Soft Bristle Brush for Cats","E","data/esci1500_thumbs/img/B0002RJMB4.jpg"
1893857,96841,"spin bike accessory","B00NW882KM","Wahoo Blue SC Speed and Cadence Sensor, Bluetooth / ANT+","E","data/esci1500_thumbs/img/B00NW882KM.jpg"
2101888,107690,"vacuum without beater brush","B08MF9HQVX","Eureka Lightweight Powerful Upright Vacuum Cleaner for Carpet and Hard Floor, PowerSpeed, New Model","E","data/esci1500_thumbs/img/B08MF9HQVX.jpg"
1948533,99769,"sweets gift basket","B076BV6YHW","Broadway Basketeers Sweet and Savory Gift Basket","E","data/esci1500_thumbs/img/B076BV6YHW.jpg"
1910170,97716,"starbucks creamer","B00DS4Q1IK","Starbucks Doubleshot, Espresso + Cream, 6.5 Ounce, 12 Pack","E","data/esci1500_thumbs/img/B00DS4Q1IK.jpg"
1749975,89240,"rustic corner cabinet for dining room","B005Q0EB2C","RiverRidge Ellsworth Collection Tall Corner Cabinet, White","E","data/esci1500_thumbs/img/B005Q0EB2C.jpg"
1941808,99414,"supernatural kindle","B00LE12VX8","Lifting the Veil (Sophie Masterson/ Dixon Security Series Book 1)","S","data/esci1500_thumbs/img/B00LE12VX8.jpg"
1801989,92028,"sex without stress","0743227336","The Sex-Starved Marriage: Boosting Your Marriage Libido: A Couple's Guide","S","data/esci1500_thumbs/img/0743227336.jpg"
1638939,83511,"pro x exfoliating renewal cleanser","B0043OYFKU","Olay Pro-X Advanced Cleansing System + 20 ml Renewal Cleanser, Packaging May Vary","S","data/esci1500_thumbs/img/B0043OYFKU.jpg"
1671885,85206,"rachel ray cookware","B076GZWGP1","Cuisinart Advantage Cookware Set, Medium, Red","S","data/esci1500_thumbs/img/B076GZWGP1.jpg"
1652856,84227,"puma boxers black","B07CSNWJBX","PUMA Men's 3-Pack Cotton Boxer Briefs, Black/White, Large","S","data/esci1500_thumbs/img/B07CSNWJBX.jpg"
1744946,88981,"rubbermaid dish drain","B07R7627QV","Sweet Home Collection Dish Rack Drainer 3 Piece Set with Drying Board and Utensil Holder, 12"" x 19"" x 5"", Bronze","S","data/esci1500_thumbs/img/B07R7627QV.jpg"
1687586,86023,"rear caliper","B075LYD31F","Callahan CCK02571 [2] REAR Original Calipers + [2] OE Rotors + [4] Low Dust Ceramic Brake Pads","S","data/esci1500_thumbs/img/B075LYD31F.jpg"
1839197,93966,"skechers cleo bewitch","B07J3PLBY1","Skechers Women's Cleo-Skokie-Metallic Engineered Knit Skimmer Ballet Flat, Black, 8 M US","S","data/esci1500_thumbs/img/B07J3PLBY1.jpg"
1724334,87910,"rn grad","B07HL48TCN","Under Armour Grade School Surge Sneaker, Black (004)/White, 4 US Unisex Big Kid","S","data/esci1500_thumbs/img/B07HL48TCN.jpg"
1913642,97909,"steens mountain fleece tall","B00LGXZV5Y","Columbia Boys Steens II Fleece Hoodie, Charcoal Heather, Medium","S","data/esci1500_thumbs/img/B00LGXZV5Y.jpg"
1911185,97774,"starter solenoid 18.5 h.p. briggs","B009S9A2ZW","Stens 435-700 Starter Solenoid, Replaces Husqvarna 539101714, Black","S","data/esci1500_thumbs/img/B009S9A2ZW.jpg"
1914676,97966,"step counters","B07CDS3BSM","ECR4Kids Reach-Up Step Stool with Support Handles and Non-Slip, Two Step Counter Height Hardwood Stepping Stool for Kids and Toddlers, Natural Finish , Potty-Training507 - ELR-17429","S","data/esci1500_thumbs/img/B07CDS3BSM.jpg"
1924314,98499,"stream light tlr 8","B0077RHYWQ","Streamlight 69240 TLR-4 Compact Rail Mounted Tactical Light with Laser Sight - 125 Lumens, Black","S","data/esci1500_thumbs/img/B0077RHYWQ.jpg"
1654277,84297,"pumpkin seed oil 500","B0048F5QZM","Puritan's Pride Pumpkin Seed Oil 1000 mg-100 Softgels","S","data/esci1500_thumbs/img/B0048F5QZM.jpg"
1761640,89842,"salt shaker pack for office","B00KJLQK6I","KATE SPADE Charlotte Street Salt and Pepper Shakers, 0.3 LB, Blue","S","data/esci1500_thumbs/img/B00KJLQK6I.jpg"
1707934,87084,"rep fitness power rack","B07SKLTHBB","Circuit Fitness Walk-in Power Cage with Multi-Position Grip Bar AMZ-600CG","S","data/esci1500_thumbs/img/B07SKLTHBB.jpg"
1722900,87843,"ritual without religion","1784980218","Zeal without Burnout","S","data/esci1500_thumbs/img/1784980218.jpg"
1747112,89092,"ruger american compact holster","B002E6P5RG","BLACKHAWK Serpa Sportster Holster, Size 03, Right-Hand, (1911 Gov’t & Most Clones w/ or w/o Standard Rail)","S","data/esci1500_thumbs/img/B002E6P5RG.jpg"
1790084,91408,"seattle mariners socks","B07X67N1ZY","Stance Men's Low Sock Uncommon Golf ST TAB, White, Large","S","data/esci1500_thumbs/img/B07X67N1ZY.jpg"
1822493,93088,"sibley field guide to birds of western north america","0394507614","National Audubon Society Field Guide to North American Trees--W: Western Region (National Audubon Society Field Guides)","S","data/esci1500_thumbs/img/0394507614.jpg"
1695778,86446,"red phone cord coiled","B000067RC1","Belkin Pro Series Coiled Telephone Handset Cord (Black, 25 Feet)","S","data/esci1500_thumbs/img/B000067RC1.jpg"
1735221,88475,"root word dictionary","0816508992","English Words from Latin and Greek Elements","S","data/esci1500_thumbs/img/0816508992.jpg"
1742743,88863,"royal blue sanding sugar edible","B085J35KZH","Celebakes By CK Products Outrageous Orange Sanding Sugar, 4 oz.","S","data/esci1500_thumbs/img/B085J35KZH.jpg"
1909659,97685,"star wars onesie adult","B06XN5KMSQ","Rubie's unisex adult Bb-8 Sized Costumes, As Shown, One Size US","S","data/esci1500_thumbs/img/B06XN5KMSQ.jpg"
1757866,89648,"safety glasses over prescription glasses for women","B000RMFER0","UVEX by Honeywell S2500C Astrospec OTG 3001 Safety Eyewear, Black Frame, Clear UV Extreme Anti-Fog Lens, Uvex S2500C Astrospec OTG 3001 Safety Eyewear, Black Frame, Clear UV Extrem","S","data/esci1500_thumbs/img/B000RMFER0.jpg"
1710546,87223,"resliver mirror kit","B003EELN32","Rust-Oleum 255269 Metallic Accents Paint, 2 oz Trial Size, Sterling Silver","S","data/esci1500_thumbs/img/B003EELN32.jpg"
1964034,100517,"tall white bookshelf with cabinet","B00MNQTMT4","Sauder Palladia Library With Doors, Wind Oak finish","S","data/esci1500_thumbs/img/B00MNQTMT4.jpg"
1833914,93682,"simply smooth magic potion the original","B003O584TM","Simply Smooth Touch of Keratin Smoothing Treatment, 2 oz.","S","data/esci1500_thumbs/img/B003O584TM.jpg"
1939482,99284,"suntuf polycarbonate roof panels","B079FBQLN4","Olympia Patio Cover 10' x 14' Gray Bronze","S","data/esci1500_thumbs/img/B079FBQLN4.jpg"
1908040,97593,"star diagnostic","B08DV5NR93","LAUNCH Scan Tool CRP Touch PRO Elite 2021 Newest All System Diagnostic Scanner Tool, 7 Reset Services Oil SAS EBP BMS DPF ABS Bleeding Throttle Adaptation Auto VIN 7.0 Android, One-Click Free Update","S","data/esci1500_thumbs/img/B08DV5NR93.jpg"
1720516,87719,"ring cleaning pen","B017IFOM9E","CONNOISSEURS Connoiseurs Sonic Dazzle Stik Jewelry Cleaner Appliance","S","data/esci1500_thumbs/img/B017IFOM9E.jpg"
1743053,88879,"royal canin labrador retriever","B07FZ61R5J","JustFoodForDogs DIY Human Quality Dog Food, Nutrient Blend Base Mix for Dogs - Chicken and White Rice Recipe (225 Grams)","S","data/esci1500_thumbs/img/B07FZ61R5J.jpg"
1717235,87569,"rice warmer commercial","B0002AYZUO","Aroma Housewares 60-Cup (Cooked) (30-Cup UNCOOKED) Commercial Rice Cooker (ARC-1033E)","S","data/esci1500_thumbs/img/B0002AYZUO.jpg"
1676910,85474,"raised toilet seat 4 inch","B0009STN42","DMI Raised Toilet Seat, Toilet Seat Riser, Seat Cushion and Toilet Seat Cover to Add Extra Padding to the Toilet Seat while Relieving Pressure, 4 Inch Pad, White","S","data/esci1500_thumbs/img/B0009STN42.jpg"
1799046,91877,"sesame chips","B015O6UBIA","Stacy's Pita Chips, Multigrain, 7.33 Ounce","S","data/esci1500_thumbs/img/B015O6UBIA.jpg"
1936563,99132,"sun cloud sunglasses","B004KGW2YM","Suncloud Aviator Polarized Sunglasses","S","data/esci1500_thumbs/img/B004KGW2YM.jpg"
1685806,85931,"reading glasses without arms","B01GTQCEZW","Foster Grant Men's Paolo Reading Glasses Square, Black/Transparent, 59 mm + 2","S","data/esci1500_thumbs/img/B01GTQCEZW.jpg"
1735099,88470,"root spray dark blonde","B07N6XQ3GJ","Clairol Root Touch-Up by Nice'n Easy Permanent Hair Dye, 7 Dark Blonde Hair Color, 2 Count","S","data/esci1500_thumbs/img/B07N6XQ3GJ.jpg"
1867950,95501,"snzf17","B07945X3LS","Seiko Series 5 Automatic Green Dial Mens Watch SRPB93","S","data/esci1500_thumbs/img/B07945X3LS.jpg"
1946579,99663,"sweat caps for men","B01H8LW9AW","Under Armour Men's Shadow 4.0 Hat, Black (001)/Reflective, One Size Fits All","S","data/esci1500_thumbs/img/B01H8LW9AW.jpg"
1954595,100060,"t strap sandals for women","B07FKDC8W1","Birkenstock Unisex Gizeh Lavender EVA Sandal 41 R EU","S","data/esci1500_thumbs/img/B07FKDC8W1.jpg"
1807264,92294,"shark pet perfect ii","B07CN58HMM","Shark Handheld Vacuum, Gray - LV901","S","data/esci1500_thumbs/img/B07CN58HMM.jpg"
2257062,115757,"ziploc vacuum sealer bags for blankets","B000FWEAY0","Space Bag #WBR-5700 Vacuum Seal Clear Hanging Storage Bag","S","data/esci1500_thumbs/img/B000FWEAY0.jpg"
1965284,100583,"tana french the searcher","B0015DYIOU","The Likeness (Dublin Murder Squad, Book 2)","S","data/esci1500_thumbs/img/B0015DYIOU.jpg"
1938505,99238,"sunglasses used","B005OYDLYE","Ray-Ban RB2132 New Wayfarer Sunglasses, Striped Tortoise/Polarized Crystal Brown, 55 mm","S","data/esci1500_thumbs/img/B005OYDLYE.jpg"
1913878,97922,"steering wheel for xbox one s","B07NZ78X3B","Hyperkin S Wheel Wireless Racing Controller for Xbox One/Xbox Series X - Officially Licensed By Xbox - Xbox One","S","data/esci1500_thumbs/img/B07NZ78X3B.jpg"
1777559,90736,"savvy makeup","B00IDAH8Z4","PUR Cosmetics Chateau Cheeks Powder Blush, Sassy","S","data/esci1500_thumbs/img/B00IDAH8Z4.jpg"
1840189,94017,"sketchbook toned paper 100 sheet","B008D2TVSY","Strathmore 469-8 Hardbound Art Journal,128 Pages, 8.5 by 11"", Toned Tan","S","data/esci1500_thumbs/img/B008D2TVSY.jpg"
1809647,92420,"sheer essence","B01MRR9DI0","Herbal Essences Conditioner, Cucumber and Green Tea, 400 mL (13.5 fl oz) each - pack of 6","S","data/esci1500_thumbs/img/B01MRR9DI0.jpg"
1686022,85941,"reading tote","B078HCC7N4","MICHAEL Michael Kors M Tote Large Top Zip, Black","S","data/esci1500_thumbs/img/B078HCC7N4.jpg"
1948012,99740,"sweet and flirty pink perfume","B002BZZ0LG","Trish McEvoy Nº 9 Blackberry & Vanilla Musk Eau de Parfum, 50 ml / 1.7 fl oz","S","data/esci1500_thumbs/img/B002BZZ0LG.jpg"
1742771,88863,"royal blue sanding sugar edible","B00IE727OI","Wilton Sugar Pearls, 141 gram, Gold","S","data/esci1500_thumbs/img/B00IE727OI.jpg"
1788732,91340,"sealy 13 inch queen mattress","B07VVS1HCD","Sealy 8-Inch Innerspring Bed in a Box, Queen","S","data/esci1500_thumbs/img/B07VVS1HCD.jpg"
1924621,98518,"street blaster boom box","B01M5GVG1A","Pyle Portable Speaker, Boombox, Bluetooth, Rechargeable Battery Digital Sound Amplifier, SD/FM Radio, 2.1 Channel Hi-Fi Active Stereo Speaker System, Built-in Flashing LED Party Lights-PBMSPG16 Black","S","data/esci1500_thumbs/img/B01M5GVG1A.jpg"
1658265,84502,"purina dog chow with lamb","B005KSNW16","Purina Pro Plan High Protein, Small Bites Dog Food, SPORT 27/17 Lamb & Rice Formula - 6 lb. Bag","S","data/esci1500_thumbs/img/B005KSNW16.jpg"
1859941,95080,"smart watch sport waterproof","B00186YU4M","Casio Men's SGW100-1V Twin Sensor Digital Black Watch","S","data/esci1500_thumbs/img/B00186YU4M.jpg"
1879934,96099,"sony camera a7r ii","B0973XSMTQ","Sony Alpha 7R III Mirrorless Camera with 42.4MP Full-Frame High Resolution Sensor, Camera with Front End LSI Image Processor, 4K HDR Video and 3"" LCD Screen","S","data/esci1500_thumbs/img/B0973XSMTQ.jpg"
1679272,85596,"rapunzel erik","B01LZ0QCEJ","Once Upon a Time, A Bit Earlier","S","data/esci1500_thumbs/img/B01LZ0QCEJ.jpg"
1951398,99912,"switch games ryans world","B07D8LQR6Q","Team Sonic Racing - Nintendo Switch","S","data/esci1500_thumbs/img/B07D8LQR6Q.jpg"
1839616,93987,"skechers wide fit shoes","B00DJSRMX8","Skechers mens Afterburn M. Fit fashion sneakers, Charcoal/Black, 9.5 US","S","data/esci1500_thumbs/img/B00DJSRMX8.jpg"
1821177,93019,"shower shoes men size 14","B07DVKFXJZ","New Balance Men's 200 V1 Slide Sandal, Black/Black/White, 14","S","data/esci1500_thumbs/img/B07DVKFXJZ.jpg"
1950009,99843,"swimsuit girls 7-16 pineapple","B07GVX2NZD","Roxy Girls' Kind of Fun Flutter Swim Set, Bright White Sample Small Pineapple, 7","S","data/esci1500_thumbs/img/B07GVX2NZD.jpg"
1708860,87133,"replica ray-bans","B004535STG","Ray-Ban Junior Kids' RJ9052S New Wayfarer Square Sunglasses, Havana/Dark Brown, 47 mm","S","data/esci1500_thumbs/img/B004535STG.jpg"
1663373,84772,"pyra figure","B08963C7LY","McFarlane Toys The Witcher Geralt of Rivia 12"""" Action Figure (13441-4)","S","data/esci1500_thumbs/img/B08963C7LY.jpg"
1751546,89323,"rv radio cd dvd player","B07WTX164Y","Furrion 3-Zone Entertainment System with a built-in DVD Player & 2-Zone Independent Control. Supports CD, DVD, MP3, WMA, MP4, AVI, Radio, USB, Bluetooth 4.0, NFC, HDMI-In, AUX-In & LCD - DV1230-BL","S","data/esci1500_thumbs/img/B07WTX164Y.jpg"
1817062,92797,"shopkins mini brands","B06XJBFZYN","Shopkins Shoppies Shopville Super Mall, Multi Color, 11.81 x 24.01 x 26.71 (56631)","S","data/esci1500_thumbs/img/B06XJBFZYN.jpg"
1727723,88092,"rockford p3 12 inch subwoofer shallow","B001582RZ2","Car Vehicle Subwoofer Audio Speaker - 12 Inch 1200 Watt Power Ultra Slim DVC Subwoofer w/ Dual 2.5” Kapton Voice Coil, 4 Ohm Impedance, 75 Oz Magnet - for Vehicle Stereo Sound System - Pyle PLWCH12D","S","data/esci1500_thumbs/img/B001582RZ2.jpg"
1814107,92649,"shlich horses","B01BPFMQG4","Schleich Farm World Stable with Horses and Accessories 48-piece Educational Playset for Kids Ages 3-8 Multi, 22.4 x 15 x 5.5""","S","data/esci1500_thumbs/img/B01BPFMQG4.jpg"
1725099,87954,"robert iger","B07MZ85NTK","Disney, Leadership & You: House of the Mouse Ideas, Stories & Hope for the Leader in You","S","data/esci1500_thumbs/img/B07MZ85NTK.jpg"
1876521,95920,"sole mender","B01B6QSD7S","GoFit Polar Foot Roller - Cold Massage Relief, 10 x 3 x 3","S","data/esci1500_thumbs/img/B01B6QSD7S.jpg"
1831929,93589,"silverware set 18/8 stainless steel","B00200LIFY","Pfaltzgraff Everyday Simplicity 53-Piece Stainless Steel Flatware Set, Service for 8","S","data/esci1500_thumbs/img/B00200LIFY.jpg"
1658175,84497,"purina 1 beef cat food","B0176CL2S8","Purina Pro Plan Natural, Grain Free Pate Wet Cat Food, TRUE NATURE Natural Beef & Giblets Entree - (24) 3 oz. Pull-Top Cans","S","data/esci1500_thumbs/img/B0176CL2S8.jpg"
1806691,92263,"shapeware for women","B072DV4Z6F","Bali Women’s Shapewear Firm Control Body Shaper with Built-in Minimizer Bra Fajas DF1009","S","data/esci1500_thumbs/img/B072DV4Z6F.jpg"
1969832,100801,"tarte concealer 44h","B077Y31KRD","TARTE Shape Tape Contour Concealer Light Neutral - Full Size","S","data/esci1500_thumbs/img/B077Y31KRD.jpg"
1857339,94950,"small vacuum cleaner steam","B076KKQN8P","BLACK+DECKER Stick Handy Electric Steam Mop Vacuum Cleaner, 220V (Not for USA), Medium, Red","S","data/esci1500_thumbs/img/B076KKQN8P.jpg"
1953965,100026,"t ball pants toddler","B07KZ2GCCV","DeMarini Girls' Pants, Navy, X-Small","S","data/esci1500_thumbs/img/B07KZ2GCCV.jpg"
1909390,97669,"star wars imperial assault expansion","B07CQ91HTH","Star Wars Imperial Assault Board Game Ezra Bridger and Kanan Jarrus ALLY PACK | Strategy Game for Adults and Teens | Ages 14+ | 1-5 Players | Avg. Playtime 1-2 Hours | Made by Fantasy Flight Games","S","data/esci1500_thumbs/img/B07CQ91HTH.jpg"
1981596,101377,"tell no tales sam maggs","1684056241","Marvel Action: Captain Marvel: Cosmic CAT-tastrophe (Book One)","S","data/esci1500_thumbs/img/1684056241.jpg"
1708719,87124,"replacement steel blade case","B001ED1UIS","DEWALT Jigsaw Blades Set with Case, T-Shank, 14-Piece (DW3742C)","S","data/esci1500_thumbs/img/B001ED1UIS.jpg"
1983382,101477,"tennis pumas for men","B01EHMJ5HU","PUMA Men's Cell Surin 2 Sneaker, White Black, 9.5 M US","S","data/esci1500_thumbs/img/B01EHMJ5HU.jpg"
1694055,86352,"red eye liners","B000E9FY2G","Palladio Retractable Waterproof Eyeliner, Richly Pigmented Color and Creamy, Slip Twist Up Pencil Eye Liner, Smudge Proof Long Lasting Application, All Day Wear, No Sharpener Required, Pure Black","S","data/esci1500_thumbs/img/B000E9FY2G.jpg"
1941077,99374,"superfeet wide green","B001FQJ2IY","Superfeet Unisex-Adult 11.5-13 Men / 12.5-14 Women Insole, Orange","S","data/esci1500_thumbs/img/B001FQJ2IY.jpg"
1761737,89844,"salt substitute without potassium","B00473QUGO","Morton Salt Substitute, 3.125 Ounce (Pack of 6)","S","data/esci1500_thumbs/img/B00473QUGO.jpg"
1912993,97870,"steel battery tray","B002UC2Y5A","Extreme Max 3003.2806 Battery Tray Holder with Strap - Group 27","S","data/esci1500_thumbs/img/B002UC2Y5A.jpg"
1664891,84844,"qnap tvs-872xt","B0768PLS29","QNAP TS-431XeU-8G-US 4-Bay 1U Short-Depth Rackmount NAS (8GB RAM Version) with Built-in 10GbE Network","S","data/esci1500_thumbs/img/B0768PLS29.jpg"
1659651,84577,"purple keychain","B0883FCXLG","Vera Bradley Women's Cotton Breakaway Lanyard Keyring, French Paisley, One Size","S","data/esci1500_thumbs/img/B0883FCXLG.jpg"
1953377,100006,"systane balance eye drops for dry eyes","B08MZ6VP92","Systane Complete Lubricant Eye Drops, 3 x 10ml","S","data/esci1500_thumbs/img/B08MZ6VP92.jpg"
1788818,91343,"sealy posturepedic comforter","B07K311J41","Sealy Luxury 100% Cotton Fitted Mattress Pad, Queen, White","S","data/esci1500_thumbs/img/B07K311J41.jpg"
1878550,96022,"sonic socks for boys 4-6 years","B07G5HLN2K","Jefferies Socks Boys' Little Dinosaur and Shark Fuzzy Non-Skid Slipper Socks 2 Pair Pack, Multi, Small","S","data/esci1500_thumbs/img/B07G5HLN2K.jpg"
1981796,101387,"temas new","8482678663","El Tesoro de David I (Colección Salmos/ Collections of Psalms) (Spanish Edition)","S","data/esci1500_thumbs/img/8482678663.jpg"
2113415,108252,"veridesk stand up desk","B07WDV1GDV","Standing Desk Home Office Desk Dual Monitor 32 Inches Adjustable Height Steel Coverter Stand Up Desk with Keyboard Tray Ergonomic Home Office Computer Desk Workstation,Black","S","data/esci1500_thumbs/img/B07WDV1GDV.jpg"
1949363,99808,"swim parkas for women","B008ZEE8OC","Speedo Unisex-Adult Parka Jacket Fleece Lined Team Colors,Navy,Large","S","data/esci1500_thumbs/img/B008ZEE8OC.jpg"
1816423,92761,"shoes trial","B00F57FTIQ","Skechers for Work Women's Relaxed Fit Slip Resistant Work Shoe, Black, 7.5 M US","S","data/esci1500_thumbs/img/B00F57FTIQ.jpg"
1813958,92643,"shiseido white lucent brightening cleansing foam","B094T3D72F","innisfree Tangerine Brightening & Pore Caring Cleanser Face Wash, 5.29 Ounce (Pack of 1)","S","data/esci1500_thumbs/img/B094T3D72F.jpg"
1908106,97596,"star is born cd","B07JX4SG9J","Zoom Karaoke CD+G - Pop Chart Picks 2018 (Part 6) inc. A Star Is Born + FREE Country Gentlemen CD+G","S","data/esci1500_thumbs/img/B07JX4SG9J.jpg"
1741757,88816,"roux fanci-full temporary hair color mousse blonde","B001G13VFI","Roux Fanci-Full Mousse, 26 Golden Spell, 6 Fluid Ounce","S","data/esci1500_thumbs/img/B001G13VFI.jpg"
1912404,97838,"stealth handgun safe","B001H3QGJS","V-Line Compact Keyless Gun Storage Security Locker, Black","S","data/esci1500_thumbs/img/B001H3QGJS.jpg"
1711927,87294,"retirement without borders","B097TQFNZR","Your Future, Your Dreams: How to Retire Anywhere in the World","S","data/esci1500_thumbs/img/B097TQFNZR.jpg"
1759008,89706,"sailor hat women","B071VMXF7F","Dreamgirl Women's Anchors Away, Blue/White, L","S","data/esci1500_thumbs/img/B071VMXF7F.jpg"
1717765,87598,"rico clarinet reeds 2.5 strength (25 pack)","B0002E1UA8","Royal Bass Clarinet Reeds, Strength 2.5, 10-pack","S","data/esci1500_thumbs/img/B0002E1UA8.jpg"
1640325,83584,"professional tire repair kit","B002I52RG0","TL Tooluxe 50002L Universal Heavy Duty Tire Repair Kit | 35 Piece | Repair Punctures and Plug Flats | Automotive | Ideal for Tires on Cars, Trucks, Motorcycles, ATV | Roadside Emergency Tire Fix Kit","S","data/esci1500_thumbs/img/B002I52RG0.jpg"
1824183,93178,"sigma mc-11","B00D9BKLX8","Fotodiox Pro Fusion Smart Adapter Compatible with Canon EOS EF/EF-s Lenses to Select Sony Alpha E-Mount Mirrorless Camera Body","S","data/esci1500_thumbs/img/B00D9BKLX8.jpg"
1696503,86491,"red star sweater","B07T38H5Q2","Star Vixen Women's Petite Long Ladder/Bar Sleeve Hanky Hem Sweater Knit Top, Red Frienze, PL","S","data/esci1500_thumbs/img/B07T38H5Q2.jpg"
1708865,87133,"replica ray-bans","B00EOC0XH0","Ray-Ban RB4175 Clubmaster Square Sunglasses, Black Demishiny/Silver Flash, 57 mm","S","data/esci1500_thumbs/img/B00EOC0XH0.jpg"
1774265,90562,"sara fields kindle books","B094CNRBNF","The Blind Date","S","data/esci1500_thumbs/img/B094CNRBNF.jpg"
2219927,113908,"world map 500 piece jigsaw puzzle for kids","B07MCMJ3C4","Ravensburger 10408 Disney Pixar Toy Story 4 - 100 Piece Jigsaw Puzzle for Kids - Every Piece is Unique - Pieces Fit Together Perfectly,Multicoloured","S","data/esci1500_thumbs/img/B07MCMJ3C4.jpg"
1721597,87783,"ringmaster coat","B06WWJM6MT","Smiffys Women's Sequin Tailcoat Jacket, Ladies, Red, Large","S","data/esci1500_thumbs/img/B06WWJM6MT.jpg"
1698040,86573,"redken blue shampoo and conditioner","B005YNB6VA","Redken All Soft Heavy Cream Super Treatment | Deep Conditioner | for Dry Hair | Hair Treatment For Soft, Smooth Hair | 8.5 Fl Ounce","S","data/esci1500_thumbs/img/B005YNB6VA.jpg"
1788750,91340,"sealy 13 inch queen mattress","B072J2Y964","Sealy Essentials Spring Osage Bed Mattress Conventional, Queen, White,2017 Model: Firm","S","data/esci1500_thumbs/img/B072J2Y964.jpg"
1975403,101075,"teal pencil box","B079WKHK67","Vaultz Locking Supplies & Pencil Box with Key Lock, 5""x 2.5""x 8.5"", Dolphin Blue and Teal (VZ03786)","S","data/esci1500_thumbs/img/B079WKHK67.jpg"
1823502,93142,"sierra circular skill","B004YIALZI","Makita 5007F 7-1/4"" Circular Saw","S","data/esci1500_thumbs/img/B004YIALZI.jpg"
1722817,87839,"rita konig interior design","0804137196","New York School of Interior Design: Home: The Foundations of Enduring Spaces","S","data/esci1500_thumbs/img/0804137196.jpg"
1639526,83542,"procare lace up ankle brace","B000UVXV3C","McDavid 199 Lightweight Laced Ankle Brace, Black, Large","S","data/esci1500_thumbs/img/B000UVXV3C.jpg"
1707830,87078,"renthal drz400 front sprocket","B01B7UX86E","D.I.D MXS-009OEM 520VX2 Gold Chain and 15 Teeth/44 Teeth Sprocket Kit","S","data/esci1500_thumbs/img/B01B7UX86E.jpg"
2150573,110195,"waterproof work boots men slip on","B01ITL897M","WOLVERINE Men's Floorhand Waterproof 10"" Steel Toe Work Boot, Dark Brown, 10 M US","S","data/esci1500_thumbs/img/B01ITL897M.jpg"
1847481,94414,"slim fit satin shirts for men","B00BM48KOG","Van Heusen Men's Poplin Fitted Solid Point Collar Dress Shirt, Black, 17.5"" Neck 34""-35"" Sleeve","S","data/esci1500_thumbs/img/B00BM48KOG.jpg"
1719882,87692,"rimmel french rose nail polish","B00UYJDPZ4","Rimmel London 60 Seconds Super Shine Rita Ora Summer Shades Nail Polish, Rain Rain Go Away - 8 ml","S","data/esci1500_thumbs/img/B00UYJDPZ4.jpg"
1722899,87843,"ritual without religion","185168963X","Without Buddha I Could Not be a Christian","S","data/esci1500_thumbs/img/185168963X.jpg"
1914559,97958,"step 2 naturally playful sand table","B00RK9OIIE","Step2 42 Inch Seaside Umbrella for Sand and Water Table - Kids Durable Beach Camping Garden Outdoor Play Shade","S","data/esci1500_thumbs/img/B00RK9OIIE.jpg"
1678010,85533,"ramina natural hemp cream","B0999NCBMC","Hempvana Original Pain Relief Cream, Maximum Strength, 4 Oz Jar","S","data/esci1500_thumbs/img/B0999NCBMC.jpg"
1921440,98336,"storage patio plastico","B00KY6TTDE","Rubbermaid Decorative Patio Chic Weather Resistant Outdoor Storage Cabinet, Black Oak","S","data/esci1500_thumbs/img/B00KY6TTDE.jpg"
1946321,99648,"swat costume for men","B001CWTWUE","Leg Avenue Police Costume, Black, X-Large","S","data/esci1500_thumbs/img/B001CWTWUE.jpg"
1770665,90371,"san diego comic con action figures red storm trooper","B0050ER0H2","Star Wars 3.75 inch Vintage Figure Ponda Boba","S","data/esci1500_thumbs/img/B0050ER0H2.jpg"
2088872,107018,"unsolved case files game","B07RX8FS87","Sherlock Files Elementary Entries","S","data/esci1500_thumbs/img/B07RX8FS87.jpg"
1984112,101514,"tent leg weights 40lb","B00T5VQFB8","US Weight The Ingot Canopy Weight","S","data/esci1500_thumbs/img/B00T5VQFB8.jpg"
1906174,97497,"stance socks","B07G5HQB3Z","Stance Men's WAIPOUA, Blue, Large","S","data/esci1500_thumbs/img/B07G5HQB3Z.jpg"
1945279,99591,"suzi without a paddle opi nail polish","B07S8P369X","OPI Infinite Shine 2 Long-Wear Lacquer, Suzi Needs a Loch-smith, Orange Long-Lasting Nail Polish, Scotland Collection, 0.5 fl oz","S","data/esci1500_thumbs/img/B07S8P369X.jpg"
1652907,84229,"puma bucket bag","B072R3L36D","PUMA Evercat Equinox Carrysack","S","data/esci1500_thumbs/img/B072R3L36D.jpg"
1767785,90204,"samsung luna pro j3","B07GBX14NZ","Tracfone Carrier-Locked Samsung Galaxy J3 Orbit 4G LTE Prepaid Smartphone - Black - 16GB - Sim Card Included - CDMA","S","data/esci1500_thumbs/img/B07GBX14NZ.jpg"
1676367,85444,"rainbow six siege keyboard and mouse adapter","B07ZPKPFK9","NEXiLUX Mouse Keyboard Converter for Playstation 4 / Xbox One/Switch / PS3 / Xbox 360 - Silver Edition (NXL-95223)","S","data/esci1500_thumbs/img/B07ZPKPFK9.jpg"
1947240,99700,"sweaters for men","B00JUMF76G","Hanes Men's Ultimate Cotton Heavyweight Pullover Hoodie Sweatshirt, Charcoal Heather, X-Large","S","data/esci1500_thumbs/img/B00JUMF76G.jpg"
1969835,100801,"tarte concealer 44h","B01MXWRX85","Tarte Cosmetics Shape Tape Concealer Light Sand - Full Size","S","data/esci1500_thumbs/img/B01MXWRX85.jpg"
1672229,85223,"rack mount raid","B07QRCG5GC","Synology 4 Bay NAS Rackstation RS819 (Diskless)","S","data/esci1500_thumbs/img/B07QRCG5GC.jpg"
1731269,88276,"rolled gold pretzel sticks","B0179D40CY","Snyder's of Hanover Pretzels Variety Pack, 4 Flavors, 36 Individual Snack Bags","S","data/esci1500_thumbs/img/B0179D40CY.jpg"
1791258,91466,"sectional electric","B01JAD0BA6","Signature Design by Ashley - Follett Casual Faux Leather Reclining Sofa - Pull Tab Reclining - Brown","S","data/esci1500_thumbs/img/B01JAD0BA6.jpg"
2178992,111723,"willow breast pump","B087R27MFH","Dr. Brown's Customflow Double Electric Breast Pump","S","data/esci1500_thumbs/img/B087R27MFH.jpg"
1793066,91558,"seiko 031","B00068TJIU","Seiko Men's SKX175 Stainless Steel Automatic Dive Watch","S","data/esci1500_thumbs/img/B00068TJIU.jpg"
1866171,95401,"snow globe castle","B07NF43YFX","Enesco The Wizarding World of Harry Potter Hogwarts Emblem Waterdazzler Waterball, 4.5 Inch, Multicolor","S","data/esci1500_thumbs/img/B07NF43YFX.jpg"
1847010,94388,"sliding glass door curtains gold","B01DBOTHAA","Madison Park Emilia Faux Silk Single Curtain with Privacy Lining, DIY Twist Tab Top, Window Drape for Living Room, Bedroom and Dorm, 50x108, Champagne","S","data/esci1500_thumbs/img/B01DBOTHAA.jpg"
1842840,94159,"skip it ankle toy with counter original","B00IMMFA1W","Toysmith NightZone Orbit Light Up Skip Ball - Colors Vary","S","data/esci1500_thumbs/img/B00IMMFA1W.jpg"
1963971,100514,"tall spotts flags","B07H5R3QCH","GoSports Colorado Regulation Size Solid Wood Cornhole Set - Colorado Flag - Includes Two 4' x 2' Boards, 8 Bean Bags, Carrying Case & Game Rules","S","data/esci1500_thumbs/img/B07H5R3QCH.jpg"
1712687,87337,"retro shoes men","B01MYZIH3G","Reebok men's Reebok Classic Harman Run Casual Sneakers, Us-black/White/Gum, 8.5 US","S","data/esci1500_thumbs/img/B01MYZIH3G.jpg"
1717345,87575,"richard murano","B01HALT6YW","Gutted: Beautiful Horror Stories","S","data/esci1500_thumbs/img/B01HALT6YW.jpg"
1743008,88877,"royal canin dog food mature 8","B07XR5S36G","Royal Canin Small Aging Wet Dog Food, 3 oz pouches 12-count","S","data/esci1500_thumbs/img/B07XR5S36G.jpg"
1908677,97628,"star trek jersey","B0029F1X0K","Rubie's Star Trek The Next Generation Deluxe Lt. Commander Data Adult Costume Shirt, Large","S","data/esci1500_thumbs/img/B0029F1X0K.jpg"
1699675,86658,"reflective boots","B06XNM4VT4","Demonia Women's TORMENT-712 Ankle Boot, SLV Hologram Vegan Leather, 9 M US","S","data/esci1500_thumbs/img/B06XNM4VT4.jpg"
1776576,90683,"saucony jazz mens olive","B07KK2WWPQ","Saucony Men's Jazz Original Vintage Sneaker, tan/navy, 10 M US","S","data/esci1500_thumbs/img/B07KK2WWPQ.jpg"
1855377,94841,"small planner without years","B081TSSMPV","Academic Planner 2020-2021, AT-A-GLANCE Weekly & Monthly Appointment Book, 8-1/2"" x 11, Large, DayMinder, Charcoal (AYC52045)","S","data/esci1500_thumbs/img/B081TSSMPV.jpg"
1916686,98080,"stevens universe season 2","B075FJ2HMK","Steven Universe: Season 3 [Blu-ray]","S","data/esci1500_thumbs/img/B075FJ2HMK.jpg"
1708646,87121,"replacement skeg paddle board","B00VS627F6","Solstice by Swimline Quick Release SUP Skeg","S","data/esci1500_thumbs/img/B00VS627F6.jpg"
1965971,100616,"tank top dress summer","B07JNS4LXN","Amazon Essentials Women's Solid Tank Waisted Maxi Dress, Black, S","S","data/esci1500_thumbs/img/B07JNS4LXN.jpg"
1913322,97890,"steel toe boots for men","B000G390UW","Skechers USA Men's Verdict Men's Boot,Dark Brown,9 M US","S","data/esci1500_thumbs/img/B000G390UW.jpg"
1917343,98113,"sticker by number books","0312504837","Sticker Activity ABC: Over 100 Stickers with Coloring Pages (Sticker Activity Fun)","S","data/esci1500_thumbs/img/0312504837.jpg"
1868178,95510,"so so delicious yogurt","B01BOVLCCI","So Delicious Dairy Free Shelf-Stable Coconutmilk, Unsweetened, Vanilla, Vegan, Non-GMO Project Verified, 1 Quart (Pack of 12)","S","data/esci1500_thumbs/img/B01BOVLCCI.jpg"
1860934,95138,"smartwool reversible headband","B00GMO2LQY","Smartwool The Lid Charcoal Heather","S","data/esci1500_thumbs/img/B00GMO2LQY.jpg"
1926999,98651,"stuart woods the short forever","B0796D79WK","Desperate Measures (A Stone Barrington Novel Book 47)","S","data/esci1500_thumbs/img/B0796D79WK.jpg"
1705013,86936,"reloj timex hombre","B00093CZV0","Timex Men's T5E231 Ironman Classic 100 Black/Yellow Resin Strap Watch","S","data/esci1500_thumbs/img/B00093CZV0.jpg"
1880571,96131,"sony mdr-g45","B000EIKYHC","MAX190316 - Maxell NB-201 Stereo Neckbands Headphone","S","data/esci1500_thumbs/img/B000EIKYHC.jpg"
1716001,87505,"rhec upchurch clothing","B07Y31WKGZ","Raise Hell Eat Cornbread | Redneck Wear Nation T-Shirt","S","data/esci1500_thumbs/img/B07Y31WKGZ.jpg"
1665364,84866,"quaker rice cakes chocolate","B00H3SWYJM","Quaker Rice Cakes, Caramel, 6.5 Oz","S","data/esci1500_thumbs/img/B00H3SWYJM.jpg"
1816560,92768,"shooterlube gun cleaner solvent","B0002YWRG4","Great Stuff 259205GREAT STUFF PRO Foam Cleaner, 12oz","S","data/esci1500_thumbs/img/B0002YWRG4.jpg"
1895431,96929,"sply 350","B0788JHCGY","adidas Originals mens Nmd_r1 Sneaker, Black/Black/Gum, 12 US","S","data/esci1500_thumbs/img/B0788JHCGY.jpg"
1660340,84616,"purple skull trooper costume","B009E40Y4K","Morphsuits Skeleton Costume Kids Halloween Glow In The Dark Costumes L","S","data/esci1500_thumbs/img/B009E40Y4K.jpg"
1751099,89301,"rv caulking sealant","B001R0GUZG","3M Marine Adhesive Sealant 5200 (06504) Permanent Bonding and Sealing for Boats and RVs Above and Below the Waterline Waterproof Repair, Black, 10 fl oz Cartridge","S","data/esci1500_thumbs/img/B001R0GUZG.jpg"
1663390,84772,"pyra figure","B081513VKJ","figma ファイアーエムブレム 風花雪月 エーデルガルト=フォン=フレスベルグ ノンスケール ABS&PVC製 塗装済み可動フィギュア","S","data/esci1500_thumbs/img/B081513VKJ.jpg"
1761464,89833,"salt ebt eligible","B0087ASM6E","Lawry's Seasoned Salt, 40 oz","S","data/esci1500_thumbs/img/B0087ASM6E.jpg"
1642929,83724,"protec bait stations","B00DLKGOYM","J T Eaton 902 Plastic Top Loader Tamper Resistant Bait Station with Side Eyelets, 4-1/2"" Length x 15-1/4"" Width x 12"" Height, for Mice and Rats (Case of 6)","S","data/esci1500_thumbs/img/B00DLKGOYM.jpg"
1941063,99374,"superfeet wide green","B079PS2W2Z","Superfeet Everyday Women's Slim Fit Insoles, Thin and Strong Arch Support Inserts for Stylish Shoes","S","data/esci1500_thumbs/img/B079PS2W2Z.jpg"
1732266,88329,"rolling totes with wheels and handle for women","B07HCMJXJH","DELSEY Paris Chatelet Soft Air Shoulder Bag, Champagne, One Size","S","data/esci1500_thumbs/img/B07HCMJXJH.jpg"
1951332,99909,"switch final fantasy 7","B00184219U","Final Fantasy IV","S","data/esci1500_thumbs/img/B00184219U.jpg"
1838983,93958,"skating rink","B004IQJ5TY","Rollergard Ice Skate Guards, One Size Fits Most, Red","S","data/esci1500_thumbs/img/B004IQJ5TY.jpg"
1902027,97272,"sram caliper mounting bolts","B01B3BBFYE","Sram Bracket Mounting Bolts - Stainless T25 27mm (2 Pcs) - Flat Mount Caliper:","S","data/esci1500_thumbs/img/B01B3BBFYE.jpg"
1880482,96125,"sony hi res bluetooth","B00NW3591W","Sony XBA-Z5 Balanced Armature Hi-Res Audio Stereo Ear Receiver (Japan Import)","S","data/esci1500_thumbs/img/B00NW3591W.jpg"
1786607,91230,"scuba rattle","B017V5TN6S","Scubapro Diving Shaker with Magnet","S","data/esci1500_thumbs/img/B017V5TN6S.jpg"
1843915,94218,"skullgirls","B01HT2TSSQ","New Improved D-Pad - Mad Catz Street Fighter V FightPad PRO for PlayStation4 and PlayStation3 - Black - PlayStation 4","S","data/esci1500_thumbs/img/B01HT2TSSQ.jpg"
1892988,96793,"spiderman shirt women","B07C5H6SGT","Marvel Women's Avengers Infinity Wars Tanks, Black//Spiderman tech, Medium","S","data/esci1500_thumbs/img/B07C5H6SGT.jpg"
1867955,95501,"snzf17","B0045D6570","Seiko 5 SNZH55 Automatic Black Dial Stainless Steel Mens Watch","S","data/esci1500_thumbs/img/B0045D6570.jpg"
1839252,93970,"skechers foam memory","B07BKLKN24","Skechers Womens Summits-Quick Getaway Shoe,Bkg,6.5 Black/Coral","S","data/esci1500_thumbs/img/B07BKLKN24.jpg"
1895142,96913,"split cal king mattress","B0050JL4EW","LUCID Mattress, California King, Medium","S","data/esci1500_thumbs/img/B0050JL4EW.jpg"
1913330,97891,"steel toe jungle boots","B00T3IVPT0","Danner Men's 37352 Jag 4.5"" Waterproof Lifestyle Boot, Steel Gray/Blue Wing - 12 D","S","data/esci1500_thumbs/img/B00T3IVPT0.jpg"
1963629,100497,"tall fescue grass seed 25 lbs","B00ARYP5ZY","Scotts Turf Builder Grass Seed Tall Fescue Mix, 20 lb. - Full Sun and Partial Shade - Resists Heat and Drought, Insects, Disease and Helps Crowd Out Weeds - Seeds up to 5,000 sq. ft.","S","data/esci1500_thumbs/img/B00ARYP5ZY.jpg"
1741747,88815,"routes not taken","1093545313","The Road Not Taken And Selected Poems","S","data/esci1500_thumbs/img/1093545313.jpg"
1739919,88716,"round bed","B07K77447T","Best Pet Supplies Round Bed for Pet, Large, Charcoal (Round)","S","data/esci1500_thumbs/img/B07K77447T.jpg"
1660609,84632,"purple tshirts unisex","B07M5HDXKV","Comfort Colors Men's Adult Short Sleeve Tee, Style 1717, Violet, Medium","S","data/esci1500_thumbs/img/B07M5HDXKV.jpg"
1753708,89441,"s 100 motorcycle cleaner","B000VJR3GO","Pig Spit PSO Spit Original for Use on Motors, Transmissions, Vinyl and Black Plastic Trim Components and Tires, 9 oz, Single","S","data/esci1500_thumbs/img/B000VJR3GO.jpg"
1719385,87668,"rigid pro pack","B07R26XHPL","Ridgid 62718 Red 14 gallon RT1400 Wet/Dry Vacuum, Dark Gray and Red","S","data/esci1500_thumbs/img/B07R26XHPL.jpg"
1778278,90772,"sc aquariums","B018E8HN3G","biOrb HALO 15 Aquarium with MCR Lighting - 4 gallon, White","S","data/esci1500_thumbs/img/B018E8HN3G.jpg"
1904512,97397,"stage 1 baby food banana","B077XGNVZ3","Gerber 1st Foods, Butternut Squash Pureed Baby Food, 2 Count of 2 Ounce (Pack of 8)","S","data/esci1500_thumbs/img/B077XGNVZ3.jpg"
1870104,95610,"sock booties knee high","B07NQR99TT","Timberland Women's Sienna High Waterproof Mid Boot Fashion, Light Taupe Suede, 6 M US","S","data/esci1500_thumbs/img/B07NQR99TT.jpg"
1735214,88475,"root word dictionary","1611450535","Dictionary of Word Origins: The Histories of More Than 8,000 English-Language Words","S","data/esci1500_thumbs/img/1611450535.jpg"
1783535,91058,"scotch adhesive strips","B00347A8EO","Scotch Extreme Interlocking Fasteners, 1 in x 3 in, 2 Sets, Clear, Holds up to 10 lbs (1 set holds 2 lbs)","S","data/esci1500_thumbs/img/B00347A8EO.jpg"
1690001,86148,"recipe cook3 ring binder","B00B2O2VFA","Eccolo World Traveler Recipe Keeper, Vintage Utensils 3 Ring Recipe Binder, 9.5 x 8.5, Grey/Gold","S","data/esci1500_thumbs/img/B00B2O2VFA.jpg"
1640494,83594,"proform dumbbell set","B000MVH5SC","Bayou Fitness Adjustable Dumbbells 5-25 lb (Pair)","S","data/esci1500_thumbs/img/B000MVH5SC.jpg"
1905908,97480,"stamp 7","B0017DA00Y","Trodat Professional Numberer, 8 Digit Self-Inking Numbering Stamp, 3/8 x 2 1/4 Inches (T5558),Black","S","data/esci1500_thumbs/img/B0017DA00Y.jpg"
1985698,101594,"terroir natto silky pack","B00C1G44Q2","Malibu C Scalp Therapy Wellness Remedy, 0.17 oz","S","data/esci1500_thumbs/img/B00C1G44Q2.jpg"
1865117,95346,"snkk45","B001CZJOJ0","Seiko Men's SNKE56 Seiko 5 Automatic Gold Dial Gold-Tone Stainless Steel Watch","S","data/esci1500_thumbs/img/B001CZJOJ0.jpg"
1880468,96125,"sony hi res bluetooth","B08286VLNB","Sony NW-A55/B Walkman NW-A55 Hi-Res 16GB MP3 Player, Grayish Black","S","data/esci1500_thumbs/img/B08286VLNB.jpg"
1869497,95574,"soccer cleats toddler size 9","B004JROQWI","Vizari Youth/Jr Striker FG Soccer Cleats | Soccer Cleats Boys | Kids Soccer Cleats | Outoor Soccer Shoes | Black/Silver 9","S","data/esci1500_thumbs/img/B004JROQWI.jpg"
1885704,96407,"spa blue throw pillows","B08FTNYWBK","Amazon Basics Shaggy Long Fur Faux Fur Throw Pillow Covers, 18""x18"", Pack of 2 - Teal Blue","S","data/esci1500_thumbs/img/B08FTNYWBK.jpg"
1782410,90998,"scion tc muffler","B0049J9IY2","Walker Exhaust Quiet-Flow 50061 Exhaust Muffler Assembly","S","data/esci1500_thumbs/img/B0049J9IY2.jpg"
1682219,85748,"raw vegan not gross cookbook by laura miller","1646117190","21-Day Vegan Raw Food Diet Plan: 75 Satisfying Recipes to Revitalize Your Body","S","data/esci1500_thumbs/img/1646117190.jpg"
1692252,86253,"red and grey striped shirt","B07NVZWZNM","Nautica Women Easy Comfort V-Neck Striped Supersoft Stretch Cotton T-Shirt, Red, Medium","S","data/esci1500_thumbs/img/B07NVZWZNM.jpg"
1691930,86238,"red active mesh shorts men","B07B8JCM5X","Starter Men's 10"" Dazzle Basketball Short with Pockets, Team Red, Large","S","data/esci1500_thumbs/img/B07B8JCM5X.jpg"
1693088,86299,"red canvas shoes men","B07HQWB4JC","Lugz Men's Flip Sneaker, Black, 10 D US","S","data/esci1500_thumbs/img/B07HQWB4JC.jpg"
1740694,88760,"round rib racks for smoking","B000AXQAIS","Steven Raichlen Best of Barbecue Nonstick Ultimate Rib Rack","S","data/esci1500_thumbs/img/B000AXQAIS.jpg"
1774288,90562,"sara fields kindle books","B07Q1ZG3TV","Hunted by the Feral Alpha (Feral Alphas Book 1)","S","data/esci1500_thumbs/img/B07Q1ZG3TV.jpg"
1872913,95746,"soft joie","B07VC5LQPS","Joie Women's Soleine Sweater, Ice, S","S","data/esci1500_thumbs/img/B07VC5LQPS.jpg"
1750330,89259,"rustic picture frames 12x16","B0049OCVF0","Craig Frames FM74DKW 16 by 20-Inch Picture Frame, Smooth Finish, 2-Inch Wide, Dark Brown","S","data/esci1500_thumbs/img/B0049OCVF0.jpg"
1722894,87843,"ritual without religion","180186716X","Buddhism for Beginners: A plain and simple Introduction to Zen Buddhism for busy People - discover why Buddhism is true (even without Beliefs)","S","data/esci1500_thumbs/img/180186716X.jpg"
1900078,97170,"spyro switch","B07L43F2T6","Crash™ Team Racing Nitro-Fueled (Nintendo Switch)","S","data/esci1500_thumbs/img/B07L43F2T6.jpg"
1846662,94369,"slide slippers men","B071HVTKBG","adidas Men's Adilette Comfort Slides, Black/Core White, 11","S","data/esci1500_thumbs/img/B071HVTKBG.jpg"
1696417,86485,"red snorkel filter","B00MX8SJ8M","PolarPro Aqua Filter 3-Pack: Red Filter, Magenta, Snorkel Filter-for GoPro Hero4","S","data/esci1500_thumbs/img/B00MX8SJ8M.jpg"
1913637,97909,"steens mountain fleece tall","B07KCFL1LQ","Columbia Men's Steens Mountain Half Zip, Collegiate Navy/Scout Blue, Medium","S","data/esci1500_thumbs/img/B07KCFL1LQ.jpg"
1649695,84072,"pudding keycaps hyper x","B07QGRPGGJ","ASUS ROG Gaming Keycap Set - Textured Side-Lit Design for FPS & MOBA Gaming | Accurate Keypress with Strong Grip | Compatible with Cherry MX Switches | Includes Keycap-Puller Tool for Easy Installatio","S","data/esci1500_thumbs/img/B07QGRPGGJ.jpg"
1847684,94424,"slim leg jumpsuits for women","B07DW3H3RF","BELONGSCI Women Sleeveless Jumpsuit with Belt V-Neck Wide Leg Long (Rose, S)","S","data/esci1500_thumbs/img/B07DW3H3RF.jpg"
1916142,98046,"stet game","1454926538","Bridgman's Complete Guide to Drawing From Life","S","data/esci1500_thumbs/img/1454926538.jpg"
1653286,84246,"puma rxs men toys","B07RW4LKY2","PUMA Women's RS-0 Sneaker, White Black-High Rise, 8.5 M US","S","data/esci1500_thumbs/img/B07RW4LKY2.jpg"
1926258,98611,"striped tee shirt men long sleeve","B07HB8BKMQ","Amazon Essentials Men's Big & Tall Long-Sleeve Pocket T-Shirt, Bright Blue, 4X Tall","S","data/esci1500_thumbs/img/B07HB8BKMQ.jpg"
1977848,101205,"teen devotional bible for girls","0310762790","Adored: 365 Devotions for Young Women","S","data/esci1500_thumbs/img/0310762790.jpg"
1869752,95589,"soccer shorts girls","B07CZJKH64","Under Armour Girls' Sprint Shorts , Black (001)/White , Youth Large","S","data/esci1500_thumbs/img/B07CZJKH64.jpg"
1784342,91103,"scrabble magnet letters for fridge","B00BC5L6AU","Magnetic Poetry - Zen Kit - Words for Refrigerator - Write Poems and Letters on The Fridge - Made in The USA","S","data/esci1500_thumbs/img/B00BC5L6AU.jpg"
1797263,91785,"sequin flip ty whimsy blue cat stuffed animals","B07RS7D8L7","TY OMEN BAT FLIPPABLE Halloween 2019","S","data/esci1500_thumbs/img/B07RS7D8L7.jpg"
1672524,85238,"rad450","B004RO3QOM","Cobra XRS9370 High-Performance Radar/Laser Detector with 360-Degree Protection","S","data/esci1500_thumbs/img/B004RO3QOM.jpg"
1821174,93019,"shower shoes men size 14","B07FGFKZR5","New Balance Men's 200 V1 Slide Sandal, Black/Black, 14","S","data/esci1500_thumbs/img/B07FGFKZR5.jpg"
1825877,93271,"silicone hair mask mon platin","B007FIYBIC","Silicon Mix Silicon mix intensive hair deep treatment 16oz by avanti[health and beauty], 16.0 Ounce","S","data/esci1500_thumbs/img/B007FIYBIC.jpg"
1913994,97930,"steiner p4xi 1-4x24","B077MD1D7Z","Steiner P4Xi 4-16x56mm Riflescope, SCR Reticle - Compact Tactical Rifle Scope, Hunting Optics","S","data/esci1500_thumbs/img/B077MD1D7Z.jpg"
1975731,101096,"team t-force vulcan z 16gb","B07YBM6PHJ","Team T-Force Vulcan Z 8GB (2 x 4GB) 288-Pin DDR4 SDRAM DDR4 3000 (PC4 24000) Desktop Memory Model TLZGD48G3000HC16CDC01","S","data/esci1500_thumbs/img/B07YBM6PHJ.jpg"
2171221,111302,"white silk sheets full","B0154ASDSQ","Amazon Basics Lightweight Super Soft Easy Care Microfiber Bed Sheet Set with 14"" Deep Pockets - Full, Bright White","S","data/esci1500_thumbs/img/B0154ASDSQ.jpg"
1886399,96442,"space marine detachment","B000CEM3E0","Space Marine Tactical Squad Warhammer 40k","S","data/esci1500_thumbs/img/B000CEM3E0.jpg"
1800696,91966,"sew patterns for beginners","B018HB5G5M","Wrights Simplicity Learn to Sew-18, 18"" Doll Clothes","S","data/esci1500_thumbs/img/B018HB5G5M.jpg"
1909392,97669,"star wars imperial assault expansion","B07CQ8XWHR","Star Wars Imperial Assault Board Game Sabine Wren and Zeb Orrelios EXPANSION | Strategy Game for Adults and Teens | Ages 14+ | 1-5 Players | Avg. Playtime 1-2 Hours | Made by Fantasy Flight Games","S","data/esci1500_thumbs/img/B07CQ8XWHR.jpg"
1961776,100399,"tagatose","B011550972","Sukrin:1 - All Natural Sugar Substitute - 2 Pack","S","data/esci1500_thumbs/img/B011550972.jpg"
1817783,92838,"short queen rv mattress","B01MS26EZ3","Zinus 8 Inch Gel-Infused Green Tea Memory Foam Mattress / Cooling Gel Foam / Pressure Relieving / CertiPUR-US Certified / Bed-in-a-Box, Queen","S","data/esci1500_thumbs/img/B01MS26EZ3.jpg"
1735092,88470,"root spray dark blonde","B07Z8SVWNF","AGEbeautiful Root Touch-Up, Medium Ash Brown, 2-Ounce","S","data/esci1500_thumbs/img/B07Z8SVWNF.jpg"
1757865,89648,"safety glasses over prescription glasses for women","B001FWVSYO","Pyramex OTS Over Prescription Glasses Safety Glasses for Welding","S","data/esci1500_thumbs/img/B001FWVSYO.jpg"
1913343,97891,"steel toe jungle boots","B001JEJXD6","Georgia Men's Giant Romeo Steel Toe Work Shoe-M Steel Toe Boot, Soggy Brown, 13 W US","S","data/esci1500_thumbs/img/B001JEJXD6.jpg"
1961747,100397,"tag watches for women clearance","B005EXY51S","TAG Heuer Women's Formula One Black Diamond Chronograph Watch CAH1212.BA0862","S","data/esci1500_thumbs/img/B005EXY51S.jpg"
2079586,106515,"uma wig","B001GS133I","Rubie's Costume Elf Buddy The Elf Wig Brown One Size","S","data/esci1500_thumbs/img/B001GS133I.jpg"
1921609,98346,"store this not that","1594868549","Eat This, Not That! Thousands of Simple Food Swaps that Can Save You 10, 20, 30 Pounds--or More!","S","data/esci1500_thumbs/img/1594868549.jpg"
1914832,97974,"step ramps for home with hand railings","B00ULAZPMC","EZ-ACCESS TRANSITIONS Modular Aluminum Entry Ramp, 3"" Rise","S","data/esci1500_thumbs/img/B00ULAZPMC.jpg"
1673210,85273,"radio dab","B01MSMRASH","Eton Executive Traveler AM/FM/Longwave/Shortwave Radio with Auto Tuning Storage","S","data/esci1500_thumbs/img/B01MSMRASH.jpg"
1751103,89301,"rv caulking sealant","B00G6KGPFM","Dicor 501LSW-1 Self-Leveling Lap Sealant, 4 Pack","S","data/esci1500_thumbs/img/B00G6KGPFM.jpg"
1718997,87649,"rifleman season 2","B01ATRG0KW","Rifleman, the - Season 03 Volume 01","S","data/esci1500_thumbs/img/B01ATRG0KW.jpg"
1889279,96595,"speck case moto z2 play","B07C27RPF5","Speck Products Presidio Grip Motorola Moto Z3, Moto Z3 Play Case, Black/Black (113671-1050)","S","data/esci1500_thumbs/img/B07C27RPF5.jpg"
1869827,95594,"soccer sweatshirts","B073H3Y33Q","adidas Men's Core 18 Soccer Training Sweatshirt, Dark Blue/White, Medium","S","data/esci1500_thumbs/img/B073H3Y33Q.jpg"
1832610,93619,"simmons 8 point 3-9x40","B001JJCHMK","BARSKA 3-9x40 Huntmaster Easy Shot Riflescope , Black","S","data/esci1500_thumbs/img/B001JJCHMK.jpg"
1716994,87557,"ricardo 19 inch luggage","B00BXDPF62","DELSEY Paris Helium Aero Hardside Expandable Luggage with Spinner Wheels, Blue Cobalt, Carry-On 19 Inch","S","data/esci1500_thumbs/img/B00BXDPF62.jpg"
1822120,93071,"shure sm58 microphone","B00TTQMIDS","Shure PGA48-LC Cardioid Dynamic Vocal Microphone with No Cable","S","data/esci1500_thumbs/img/B00TTQMIDS.jpg"
1909869,97698,"star wars special edition dvd","B019FF9WHW","Star Wars: The Force Awakens [DVD] [2015]","S","data/esci1500_thumbs/img/B019FF9WHW.jpg"
1961777,100399,"tagatose","B00CF2B04Q","Lakanto Classic Monk Fruit Sweetener - White Sugar Substitute, Zero Calorie, Keto Diet Friendly, Zero Net Carbs, Zero Glycemic, Baking, Extract, Sugar Replacement (Classic White - 8.29 Oz)","S","data/esci1500_thumbs/img/B00CF2B04Q.jpg"
1664880,84844,"qnap tvs-872xt","B08JR1T4C3","QNAP(キューナップ) TS-451D2-4G HDMI 出力を備えたntel® Celeron®デュアルコアプロセッサ採用のHOME&SOHO向け4ベイNAS","S","data/esci1500_thumbs/img/B08JR1T4C3.jpg"
1981594,101377,"tell no tales sam maggs","B07TBB2RNF","Tell No Tales","S","data/esci1500_thumbs/img/B07TBB2RNF.jpg"
1881286,96167,"sony vpl-vw550es","B016IL5YYG","Sony VPLHW65ES 1080p 3D SXRD Home Theater Projector","S","data/esci1500_thumbs/img/B016IL5YYG.jpg"
2223684,114106,"wsu scrapbook paper","B00SEWE0HU","Colorbok 71876B Cardstock Paper Pad Marble, 12"" x 12""","S","data/esci1500_thumbs/img/B00SEWE0HU.jpg"
1692240,86253,"red and grey striped shirt","B07JP7BK1V","Amazon Essentials Women's Relaxed-Fit Short-Sleeve Scoopneck Swing Tee, Thin Stripe Grey Heather, M","S","data/esci1500_thumbs/img/B07JP7BK1V.jpg"
1638215,83476,"private james patterson series","1478971630","The Moores Are Missing","S","data/esci1500_thumbs/img/1478971630.jpg"
1972072,100909,"tb;15","B07V867LW4","Dell WD19TB Thunderbolt Docking Station with 180W AC Power Adapter (130W Power Delivery)","S","data/esci1500_thumbs/img/B07V867LW4.jpg"
1909214,97657,"star wars episode 4","B003ZSJ212","Star Wars: The Complete Saga (Episodes I-VI) (Packaging May Vary) [Blu-ray]","S","data/esci1500_thumbs/img/B003ZSJ212.jpg"
2147281,110008,"water shoes kids","B07CN8XG14","Crocs Kids' Crocband Clog , Lavender/Neon Purple, 5 Toddler","S","data/esci1500_thumbs/img/B07CN8XG14.jpg"
1662710,84740,"puzzles sealants","B01B7MZOLE","エンスカイ 1000ピース ジグソーパズル 美少女戦士セーラームーン セーラー服美少女戦士(50x75cm)","S","data/esci1500_thumbs/img/B01B7MZOLE.jpg"
1936007,99100,"summer school workbooks","0938256467","School Zone - Word Problems Workbook - 32 Pages, Ages 8 to 10, Grades 3 to 4, Addition, Subtraction, Multiplication, Math, Story Problems, Reading, and More (School Zone I Know It!® Workbook Series)","S","data/esci1500_thumbs/img/0938256467.jpg"
1841339,94076,"skid steer forks 60","B075GL3G61","Mophorn Pallet Forks 33.5"" 2000 Lbs Max, Clamp On Tractor Bucket Forks with Adjustable Stabilizer Bar, Heavy Duty Front Loader Forks 46.9"" Total Length, Fork Attachment for Skid Steer,Loader Bucket","S","data/esci1500_thumbs/img/B075GL3G61.jpg"
1884787,96358,"south shore espresso changing table","B0089KJW9S","South Shore Imagine Collection TV Stand/Storage Unit, Pure White","S","data/esci1500_thumbs/img/B0089KJW9S.jpg"
1889710,96620,"spectracide backpack sprayer","B002YNSADU","Smith 190285 1-Gallon Bleach and Chemical Sprayer for Lawns and Gardens or Cleaning Decks, Siding, and Concrete","S","data/esci1500_thumbs/img/B002YNSADU.jpg"
1865091,95346,"snkk45","B0792NXWR3","Seiko Men's Dress Stainless Steel Japanese-Quartz Watch with Stainless-Steel Strap, Gold, 20 (Model: SNE482)","S","data/esci1500_thumbs/img/B0792NXWR3.jpg"
1691102,86200,"recording headphones","B000IKWBC2","Behringer HPX2000 Headphones High-Definition DJ Headphones","S","data/esci1500_thumbs/img/B000IKWBC2.jpg"
1965005,100569,"tan leggings for women","B07J3DDZ9Q","Amazon Essentials Women's Pull-on Denim Jegging, Khaki, 14 Long","S","data/esci1500_thumbs/img/B07J3DDZ9Q.jpg"
1848563,94470,"sling first aid","B0068Q31HO","North by Honeywell 020374 Triangular Bandage, Non-Sterile, Unbleached, 1 per unit","S","data/esci1500_thumbs/img/B0068Q31HO.jpg"
1714022,87405,"revenge of the nerds costume","B01N45U3A5","Trevco Men's Revenge of The Nerds Sublimated T-Shirt, White, XX-Large","S","data/esci1500_thumbs/img/B01N45U3A5.jpg"
1850006,94542,"slouchy v sweater","B01DWNI2KQ","French Toast Boys' Big Anti-Pill V-Neck Cardigan Sweater (Standard & Husky), Navy, 14-16","S","data/esci1500_thumbs/img/B01DWNI2KQ.jpg"
1913338,97891,"steel toe jungle boots","B001A7896O","5.11 Tactical Atac Storm 8'' Boot Black 5","S","data/esci1500_thumbs/img/B001A7896O.jpg"
1735216,88475,"root word dictionary","1496317114","Stedman's Medical Terminology","S","data/esci1500_thumbs/img/1496317114.jpg"
1695343,86428,"red nike men shoes","B0789SLVWZ","Nike Vapor 12 Academy NJR IC Mens Fashion-Sneakers AO3122-710_6.5 - Amarillo/White-Black","S","data/esci1500_thumbs/img/B0789SLVWZ.jpg"
1814721,92680,"shoe dresser","B00PN9XBA4","Baxton Studio FP-01LV-Espresso Studio Coolidge Shoe-Storage Cabinet, Espresso 14.5Lx29.625Wx27.5H","S","data/esci1500_thumbs/img/B00PN9XBA4.jpg"
1889524,96610,"speck s8 blue","B06X9B5YRS","Speck Products (90210-C085) CandyShell Cell Phone Case for Galaxy S8 - Quartz Pink/River Blue","S","data/esci1500_thumbs/img/B06X9B5YRS.jpg"
2137478,109491,"wall door closet","B0001J05HS","ClosetMaid 8033 4-Tier Wall Rack, 18-Inch Wide","S","data/esci1500_thumbs/img/B0001J05HS.jpg"
1826885,93330,"silk bathing suit cover up","B07GNL3XLM","Bsubseach White Lace Long Sleeve Beach Kimono Cover Up for Women Bikini Swimsuit Cover Ups Swimwear Cardigan","S","data/esci1500_thumbs/img/B07GNL3XLM.jpg"
1827177,93347,"silk mini dress","B07P9VMWS9","Lucky Brand Women's Border Print Felice Dress, Red Multi, M","S","data/esci1500_thumbs/img/B07P9VMWS9.jpg"
1699670,86658,"reflective boots","B07BFDL9VK","HARLEY-DAVIDSON FOOTWEAR Men's Watkins Fashion Boot, Black, 10 M US","S","data/esci1500_thumbs/img/B07BFDL9VK.jpg"
1816411,92761,"shoes trial","B07L3T98V1","Inov8 Men's Terraultra G 260 Running Shoes Blue/Grey M10","S","data/esci1500_thumbs/img/B07L3T98V1.jpg"
1757128,89608,"safari cat brush","B0041LAQYE","Safari Soft Slicker Brush w/Stainless Steel Pins, Large","S","data/esci1500_thumbs/img/B0041LAQYE.jpg"
1648196,83998,"psalm 23 jennifer rothschild bible study","083083043X","The 23rd Psalm: The Lord, Our Shepherd (LifeGuide Bible Studies)","S","data/esci1500_thumbs/img/083083043X.jpg"
1977314,101173,"ted anti-embolism stockings knee length","B07PM6FDJ4","NuVein Surgical Stockings, 18 mmHg Support for Embolic Recovery, Medical Unisex Fit, Thigh High, Closed Toe, White, X-Large","S","data/esci1500_thumbs/img/B07PM6FDJ4.jpg"
1764306,89995,"samsung charger fast bundle","B07HBLYTN3","Samsung Qi Certified Fast Charge Wireless Charger Pad - US Version - Black (2- Pack) - EP-BD010MIXLUS","S","data/esci1500_thumbs/img/B07HBLYTN3.jpg"
1743012,88877,"royal canin dog food mature 8","B01522GBNK","Royal Canin Breed Health Nutrition Chihuahua 8+ Adult Dry Dog Food, 2.5 lb bag","S","data/esci1500_thumbs/img/B01522GBNK.jpg"
1682207,85747,"raw vegan not gross","1607745313","Afro-Vegan: Farm-Fresh African, Caribbean, and Southern Flavors Remixed [A Cookbook]","S","data/esci1500_thumbs/img/1607745313.jpg"
2123275,108766,"vintage room decor","B00GINP6WA","Rotary Design Retro Landline Phone for Home, French Blue","S","data/esci1500_thumbs/img/B00GINP6WA.jpg"
1685336,85906,"reach dentotape waxed tape unflavored 100 yards pack of 6","B0085AOIR8","Dent-O-Care 100 M Extra Wide Flossing Tape","S","data/esci1500_thumbs/img/B0085AOIR8.jpg"
1842409,94135,"skinny joggers pants for men","B07121CJWL","Southpole Men's Fleece Jogger, Grey(Marled), Large","S","data/esci1500_thumbs/img/B07121CJWL.jpg"
1648188,83998,"psalm 23 jennifer rothschild bible study","0990460304","Walking By Faith: Lessons Learned in the Dark","S","data/esci1500_thumbs/img/0990460304.jpg"
2207495,113263,"womens sketchers walking sneakers","B01C3LLGJ2","PUMA Women's Tazon 6 WN's fm Cross-Trainer Shoe, Black Silver/Beetroot Purple, 8 M US","S","data/esci1500_thumbs/img/B01C3LLGJ2.jpg"
1779213,90819,"scar with flames chase","B07HB3HXJM","Funko Pop! Disney: Lion King - Luau Timon Toy, Multicolor","S","data/esci1500_thumbs/img/B07HB3HXJM.jpg"
2192494,112454,"womans velcro sneakers","B0725JPNLK","Skechers womens Go Joy Walking Shoe, Taupe, 9.5 US","S","data/esci1500_thumbs/img/B0725JPNLK.jpg"
1840046,94008,"sketch book binder","B0027A5GCS","Pentalic Sketch Book, Wirebound, 8-1/2-Inch by 11-Inch, Red","S","data/esci1500_thumbs/img/B0027A5GCS.jpg"
1839196,93966,"skechers cleo bewitch","B01MXJJ66K","Skechers Women's Cleo Wham Flat, Black/Charcoal, 7 M US","S","data/esci1500_thumbs/img/B01MXJJ66K.jpg"
1872907,95746,"soft joie","B07RJDHXJ3","Joie Women's Jaren, Soft Heather Grey, Large","S","data/esci1500_thumbs/img/B07RJDHXJ3.jpg"
1685807,85931,"reading glasses without arms","B01GTQH6L4","Foster Grant Men's Lamar Reading Glasses Square, Gunmetal/Transparent, 59 mm + 1.5","S","data/esci1500_thumbs/img/B01GTQH6L4.jpg"
1684078,85842,"rbt","B01LYKS1G5","Training Manual for Behavior Technicians Working with Individuals with Autism","S","data/esci1500_thumbs/img/B01LYKS1G5.jpg"
1768545,90250,"samsung s10","B07N4GKVZZ","Samsung Galaxy S10+ Factory Unlocked Android Cell Phone | US Version | 512GB of Storage | Fingerprint ID and Facial Recognition | Long-Lasting Battery | Ceramic White","S","data/esci1500_thumbs/img/B07N4GKVZZ.jpg"
1925212,98554,"stretch shorts 38 cooltex","B076ZX76QK","Lee Men's Performance Series Tri-Flex Short, Pebble, 38","S","data/esci1500_thumbs/img/B076ZX76QK.jpg"
1929568,98788,"suave shampoo avocado olive oil","B06X6MKJ9R","Suave Professionals Smoothing Shampoo and Conditioner Keratin Infusion 28 oz, 4 count","S","data/esci1500_thumbs/img/B06X6MKJ9R.jpg"
1892810,96785,"spiderman miles lorales motorcycle","B083P6XXXX","Jada Toys Marvel 1:24 2017 Ford GT Die-cast Car with 2.75"" Miles Morales Spider-Man Figure, Toys for Kids and Adults Black and Red","S","data/esci1500_thumbs/img/B083P6XXXX.jpg"
1661788,84695,"putter beer pong","B01JKLJWBW","PartyPongTables.com 8-Foot Beer Pong Table w/Cup Holes & LED Lights - USA Edition","S","data/esci1500_thumbs/img/B01JKLJWBW.jpg"
1949498,99814,"swim through rings","B006ZTSBW4","Prime Time Toys Diving Masters Treasure Chest Pool Diving Game","S","data/esci1500_thumbs/img/B006ZTSBW4.jpg"
1804058,92128,"sexy witch halloween costumes for women plus size","B00412N97E","Leg Avenue Women's Plus Size Petti Coat, Black, 1X-2X","S","data/esci1500_thumbs/img/B00412N97E.jpg"
1685316,85906,"reach dentotape waxed tape unflavored 100 yards pack of 6","B01JS1KMAO","TEPE Dental Tape Woven Tooth Floss – Natural Waxed Beeswax Mint for Teeth, 40m","S","data/esci1500_thumbs/img/B01JS1KMAO.jpg"
1985860,101601,"terry gross","1119503663","Intermediate Accounting","S","data/esci1500_thumbs/img/1119503663.jpg"
1724340,87910,"rn grad","B07J6WWV3K","Under Armour Girls Grade School Surge Prism Sneaker, Breathtaking Blue (300)/Moonstone Blue, 6 Big Kid","S","data/esci1500_thumbs/img/B07J6WWV3K.jpg"
1842401,94135,"skinny joggers pants for men","B07W6B5LWD","WT02 Men's Basic Jogger Fleece Pants, Marled black, Medium","S","data/esci1500_thumbs/img/B07W6B5LWD.jpg"
1821185,93019,"shower shoes men size 14","B073RD7NRH","Quiksilver Men's Molokai 3 Point FLIP Flop Sandal, Black/Blue/Black, 14 M US","S","data/esci1500_thumbs/img/B073RD7NRH.jpg"
1730650,88250,"rolex daytona watches for men","B01AJF201C","Bulova Classic Quartz Mens Watch, Stainless Steel with Black Leather Strap, Gold-Tone (Model: 97A123)","S","data/esci1500_thumbs/img/B01AJF201C.jpg"
1712775,87341,"retrograde hausler","B01N1ZJ41Y","Retrograde","S","data/esci1500_thumbs/img/B01N1ZJ41Y.jpg"
1813963,92643,"shiseido white lucent brightening cleansing foam","B01N1QAJL0","Shiseido Twin Pack Senka Perfect Whip 120g x 2 (Japan Import)","S","data/esci1500_thumbs/img/B01N1QAJL0.jpg"
1978642,101247,"teeth otto","0375868674","A Poor Excuse for a Dragon (Step into Reading)","S","data/esci1500_thumbs/img/0375868674.jpg"
2009145,102903,"throne chairs for party cheap","B07R63BF5X","Best Master Furniture High Heel Faux Leather Shoe Chair with Crystal Studs, Silver","S","data/esci1500_thumbs/img/B07R63BF5X.jpg"
1869496,95574,"soccer cleats toddler size 9","B007SYARSQ","Vizari Blaze Soccer Cleat - Blue/Orange - 9 M US Toddler","S","data/esci1500_thumbs/img/B007SYARSQ.jpg"
1697100,86526,"red white and royal blue","1250244498","One Last Stop","S","data/esci1500_thumbs/img/1250244498.jpg"
1816178,92747,"shoes for women flats comfortable kitten heel","B07KXYJK78","LifeStride Women's Sanya Pump, Black, 10 M US","S","data/esci1500_thumbs/img/B07KXYJK78.jpg"
1696460,86488,"red solo cup lids","B00JVK9NZI","Red Cup Living Reusable Red Plastic Cups - 24 oz Party Cups With Lid and Straw - Extra Sturdy Red Cups- BPA Free and Washable - The Ideal Large Plastic Cups for Parties, BBQ, and Camping","S","data/esci1500_thumbs/img/B00JVK9NZI.jpg"
2155713,110471,"wedding tents 20x30 heavy duty","B018VIGE0C","10'x30' Party Wedding Outdoor Patio Tent Canopy Heavy Duty Gazebo Pavilion -5","S","data/esci1500_thumbs/img/B018VIGE0C.jpg"
1681539,85715,"ravine card game","B00CYQ9Q76","R & R Games Hanabi Card Game","S","data/esci1500_thumbs/img/B00CYQ9Q76.jpg"
1949539,99817,"swim trunks for men with pockets tan","B0773SP31R","Speedo Men's Swim Trunk Knee Length Marina Volley, Navy, Small","S","data/esci1500_thumbs/img/B0773SP31R.jpg"
2222337,114039,"wrestling shoes aggresors","B00Q77UPBY","ASICS Men's Matflex 5-M, Black/Silver, 10 M US","S","data/esci1500_thumbs/img/B00Q77UPBY.jpg"
1738505,88644,"rose shoes","B0734HMHY8","adidas Women's CloudfoamQT Racer Xpressive-Contemporary CloudfoamRunning Sneakers Shoes, Core Black, Copper Met, Ftwr White, 7 M US","S","data/esci1500_thumbs/img/B0734HMHY8.jpg"
1660303,84616,"purple skull trooper costume","B079SJPY5B","Disguise Genji Classic Muscle Child Costume, Gray, X-Large/(14-16)","S","data/esci1500_thumbs/img/B079SJPY5B.jpg"
1730676,88250,"rolex daytona watches for men","B00756GRUE","Seiko Men's SSC017 Prospex Analog Japanese Quartz Solar Stainless Steel Dive Watch","S","data/esci1500_thumbs/img/B00756GRUE.jpg"
1708859,87133,"replica ray-bans","B004X6KAJS","Ray-Ban RB3447 Metal Round Sunglasses, Matte Black/Blue Gradient, 50 mm","S","data/esci1500_thumbs/img/B004X6KAJS.jpg"
1741756,88816,"roux fanci-full temporary hair color mousse blonde","B002D8K0XO","Roux Fanci-Full Rinse, 21 Plush Brown, 15.2 Fluid Ounce","S","data/esci1500_thumbs/img/B002D8K0XO.jpg"
1760619,89790,"sally hansen color therapy 450","B00KIDTQ3G","Sally Hansen Complete Salon Manicure, Dark Hue-Moor, 0.5 Fl Oz","S","data/esci1500_thumbs/img/B00KIDTQ3G.jpg"
1865211,95352,"snoopy cardboard cutout","B007XDDX8S","Eureka Charlie Brown Welcome Back to School Classroom Door Bulletin Board Decoration Set, 15 pcs","S","data/esci1500_thumbs/img/B007XDDX8S.jpg"
1694116,86356,"red filter gopro","B01LYP553C","PolarPro Aqua Filter 3-Pack (Red, Magenta, Snorkel) for GoPro Hero7 / Hero6 / Hero5 Super Suit Housing","S","data/esci1500_thumbs/img/B01LYP553C.jpg"
1719912,87692,"rimmel french rose nail polish","B00CMFMLJO","Rimmel London 60 Seconds 0.27 fl oz – 220 Sage All the Rage","S","data/esci1500_thumbs/img/B00CMFMLJO.jpg"
1866838,95440,"snowboard hoodies for men","B07KXPY3Y9","Burton Mens Crown Bonded Full Zip, Worn Camo, Medium","S","data/esci1500_thumbs/img/B07KXPY3Y9.jpg"
1693081,86299,"red canvas shoes men","B07D9KXSJ6","adidas Men's Advantage Running Shoe, White/White/Dark Blue, 11","S","data/esci1500_thumbs/img/B07D9KXSJ6.jpg"
1910381,97729,"starbucks nespreso","B01GQAK4CQ","Nespresso Capsules OriginalLine, Cape Town Envivo Lungo, Dark Roast Espresso Coffee Pods, , Brews 3.7 Ounce (Pack of 5)","S","data/esci1500_thumbs/img/B01GQAK4CQ.jpg"
1972313,100922,"tcl 6 series 55r617","B0798B2L5H","TCL 65S517 65-Inch 4K Ultra HD Roku Smart LED TV (2018 Model)","S","data/esci1500_thumbs/img/B0798B2L5H.jpg"
1952368,99953,"swivel club chair reclining","B00QUEDEJO","Monarch Specialties (white) Recliner chair, 30"" L x 30"" W x 41"" H","S","data/esci1500_thumbs/img/B00QUEDEJO.jpg"
1817786,92838,"short queen rv mattress","B00OHILNUC","Classic Brands Cool Gel Gel Memory Foam 8-Inch Mattress | CertiPUR-US Certified | Bed-in-a-Box, Short Queen","S","data/esci1500_thumbs/img/B00OHILNUC.jpg"
1677797,85521,"rambutan","B07RJZS7QD","The Rambutan Fairy","S","data/esci1500_thumbs/img/B07RJZS7QD.jpg"
1759553,89738,"sakroots crossbody wallets for women","B07BJ3C3KR","Sakroots Id Lanyard, Raspberry in Bloom , One Size","S","data/esci1500_thumbs/img/B07BJ3C3KR.jpg"
1777044,90706,"sauron funko pop","B0785HGLS5","Funko POP! 6"": Lord of The Rings - Treebeard Collectible Figure","S","data/esci1500_thumbs/img/B0785HGLS5.jpg"
1660645,84634,"purple vans","B07BN219KQ","Vans Men's Ward Canvas Sneaker, Black Checker Black True White Pvj, 9","S","data/esci1500_thumbs/img/B07BN219KQ.jpg"
1835165,93754,"single variable calculus early transcendentals 8th edition","0357019784","Bundle: Calculus: Early Transcendentals, Loose-Leaf Version, 8th + WebAssign Printed Access Card, Single-Term","S","data/esci1500_thumbs/img/0357019784.jpg"
1639206,83525,"probio slim plus weight loss","B096BBNX2W","Force Factor ProbioSlim with Organic Apple Cider Vinegar Gummies and LactoSpore Probiotics & Prebiotics to Support Digestion, Metabolism, and Immune Health, Force Factor, White, 60 Count","S","data/esci1500_thumbs/img/B096BBNX2W.jpg"
1671948,85208,"rachel ray dog food 40 lb bag","B008K2YJFW","Purina ONE Senior Dog Food, SmartBlend Vibrant Maturity Adult 7+ Formula - 31.1 lb. Bag","S","data/esci1500_thumbs/img/B008K2YJFW.jpg"
1694824,86396,"red junior tops","B079HGV84V","Amazon Essentials Women's Classic-Fit Long-Sleeve Crewneck T-Shirt, Red, Large","S","data/esci1500_thumbs/img/B079HGV84V.jpg"
1881283,96167,"sony vpl-vw550es","B0858FH81M","BenQ TH685 1080p Gaming Projector - 4K HDR Support - 120hz Refresh Rate - 3500lm - 8.3ms Low Latency - Enhanced Game Mode - 3 Year Industry Leading Warranty","S","data/esci1500_thumbs/img/B0858FH81M.jpg"
1797267,91785,"sequin flip ty whimsy blue cat stuffed animals","B07N1D6WW2","TY Slush Husky Flippable - Reg","S","data/esci1500_thumbs/img/B07N1D6WW2.jpg"
1865114,95346,"snkk45","B004J6Q6C2","Seiko Men's SNXS80K Seiko 5 Automatic Gold Dial Gold-Tone Stainless Steel Watch","S","data/esci1500_thumbs/img/B004J6Q6C2.jpg"
1945637,99609,"swacker broadhead 100 grain","B00RFYQZK8","Swhacker Practice Head (Pack of 3), Red, 2.25""/125 Grain","S","data/esci1500_thumbs/img/B00RFYQZK8.jpg"
1673719,85301,"rado jubilee watches for men","B085DJWNNF","Rado Men's Hyperchrome Swiss Automatic Watch with Stainless Steel Strap, Silver, 18 (Model: R33101203)","S","data/esci1500_thumbs/img/B085DJWNNF.jpg"
1922208,98380,"stove small electric","B082MHYB9Y","Empava 36 Inch Electric Stove Induction Cooktop with 5 Booster Burners Including 2 Flexi Bridge Element Smooth Surface in Black","S","data/esci1500_thumbs/img/B082MHYB9Y.jpg"
1932916,98960,"sugar and sweetner holder","B07CMJ3F1W","Boston International Ceramic Sugar Packet Holder, Honeycomb","S","data/esci1500_thumbs/img/B07CMJ3F1W.jpg"
1970408,100830,"tate langdon sweater green striped","B086178M1J","Amazon Essentials Men's Long-Sleeve 100% Cotton Fisherman Cable Crewneck Sweater, Dark Green, Medium","S","data/esci1500_thumbs/img/B086178M1J.jpg"
1660342,84616,"purple skull trooper costume","B003D83AA8","Rubies Star Wars Clone Wars Child's Arf Trooper Costume and Mask, Medium","S","data/esci1500_thumbs/img/B003D83AA8.jpg"
1811719,92522,"sherpa jean jacket women","B07TGNJBSX","Levi's Women's The Amanda Corduroy faux fur Collar Trucker Bomber Jacket, Navy/Cream, Large","S","data/esci1500_thumbs/img/B07TGNJBSX.jpg"
1645007,83832,"providing professional services as a business","1591842158","The Ultimate Sales Machine: Turbocharge Your Business with Relentless Focus on 12 Key Strategies","S","data/esci1500_thumbs/img/1591842158.jpg"
2171683,111329,"white star tights","B074JZL3MB","Leg Avenue Women's Lurex Shimmer Tights, Silver, One Size","S","data/esci1500_thumbs/img/B074JZL3MB.jpg"
1894815,96894,"spiritual protocol","1949465055","Prophetic Protocols & Ethics","S","data/esci1500_thumbs/img/1949465055.jpg"
1707942,87084,"rep fitness power rack","B08B8Z6BZK","Sunny Health & Fitness Power Zone Strength Rack Power Cage - SF-XF9925, Black","S","data/esci1500_thumbs/img/B08B8Z6BZK.jpg"
2196538,112666,"women sweater","B00ZUNGRF4","Hanes Women's EcoSmart Crewneck Sweatshirt, Navy Heather, Small","S","data/esci1500_thumbs/img/B00ZUNGRF4.jpg"
1970357,100828,"tatcha powder exfoliator","B001VMJSCW","Dermalogica Daily Microfoliant (0.45 oz)- Exfoliator Face Scrub Powder - Achieve Brighter, Smoother Skin daily with Papaya Enzyme and Salicylic Acid","S","data/esci1500_thumbs/img/B001VMJSCW.jpg"
1812338,92560,"shimano 105 pedals","B0009FTIH2","SHIMANO SM-SH11 Road Pedal Cleat","S","data/esci1500_thumbs/img/B0009FTIH2.jpg"
1870108,95610,"sock booties knee high","B071YDPNL4","Dr. Scholl's Shoes womens Dakota Boot, Black Microfiber Suede, 7.5 Wide US","S","data/esci1500_thumbs/img/B071YDPNL4.jpg"
1671925,85208,"rachel ray dog food 40 lb bag","B0791XYGJ8","Rachael Ray Nutrish Little Bites Small Breed Premium Natural Dry Dog Food, Real Chicken & Veggies Recipe, 14 Pounds (Packaging May Vary)","S","data/esci1500_thumbs/img/B0791XYGJ8.jpg"
1653265,84245,"puma rs shoes for men","B07TNWGJ9H","PUMA X-Ray Sneaker, White Black-High Risk Red-Gray Violet, 13 M US","S","data/esci1500_thumbs/img/B07TNWGJ9H.jpg"
1811576,92512,"sherling boot over knee","B008OCZLLO","BEARPAW Women's Emma Tall Winter Boot, Hickory, 6 M US","S","data/esci1500_thumbs/img/B008OCZLLO.jpg"
1916624,98076,"steven sommer","B005FMQB4M","Weill: Rise & Fall of the City of Mahagonny","S","data/esci1500_thumbs/img/B005FMQB4M.jpg"
1742138,88833,"roxy high top sneakers","B07S686GJS","ROXY-ROSE Women's Fashion Snazzy Iridescent Leisure Shoes Casual Flat Sneakers Comfortable and Flashy(10 B(M) US, Hologram Purple/Pink)","S","data/esci1500_thumbs/img/B07S686GJS.jpg"
1674333,85330,"rahua shampoo and conditioner","B07D4N4YWQ","Rahua Hydration Shampoo 9.3 Fl Oz, Replenish Dry, Thirsty Hair for Hydrated Strong, Healthy, Smooth Hair Infused with Natural Tropical Aromas of Passion Fruit and Mango, Best for All Hair Types Made with Organic Ingredients","S","data/esci1500_thumbs/img/B07D4N4YWQ.jpg"
1968760,100744,"target stand kit","B00HQQG2CQ","Birchwood Casey Stand Kit - Sharpshooter Target","S","data/esci1500_thumbs/img/B00HQQG2CQ.jpg"
1946863,99678,"sweater caps for boys","B009117NMM","Nautica Men's Twill 6-Panel Cap, Navy, One Size","S","data/esci1500_thumbs/img/B009117NMM.jpg"
1706637,87013,"remote control gas fireplace","B004A22EB2","SkyTech SKY-5301 Fireplace-remotes-and-thermostats, Black","S","data/esci1500_thumbs/img/B004A22EB2.jpg"
1887525,96499,"sparco r100 seat","B00L2A7B54","Sparco 00965NR Seat (R333 Black)","S","data/esci1500_thumbs/img/B00L2A7B54.jpg"
2160458,110715,"western towels bathroom sets","B01DCK61R0","Amrapur Overseas 6-Piece Damask Jacquard/Solid Ultra Soft 550GSM 100% Combed Cotton Towel Set with Embellished Dark Borders, Taupe (Package May Vary)","S","data/esci1500_thumbs/img/B01DCK61R0.jpg"
1648870,84030,"psych black and tan","B088XXWKGM","Psych Coloring Book: Great Gift For Psych TV Series Fan","C","data/esci1500_thumbs/img/B088XXWKGM.jpg"
1751830,89339,"rv sink drain","B0095TEE86","JR Products 95195 Exterior Evacuation Drain Trap , White","C","data/esci1500_thumbs/img/B0095TEE86.jpg"
1872830,95741,"soft fye brush","B074VD1F8P","Garnier Nutrisse Ultra Coverage Hair Color, Deep Soft Black Hair Dye (Black Sesame) 200, Pack of 1","C","data/esci1500_thumbs/img/B074VD1F8P.jpg"
1715255,87471,"rf radio antenna","B00ZO6PMYO","VHF Marine Radios Antenna Cable RF CB and AIS Mini-8 Handheld Coaxial Antenna Cable PL-259 RG8x-W-PL259-18ft MPD Digital Made in The U.S.A. 18 Feet","C","data/esci1500_thumbs/img/B00ZO6PMYO.jpg"
1728804,88154,"rode wireless go","B07WW38H74","Rode RODELink LAV Omni-Directional Miniature Microphone, Black","C","data/esci1500_thumbs/img/B07WW38H74.jpg"
1873133,95758,"soft serve ice cream maker","B000H433D0","Cuisinart ICE-45RFB 1-1/2-Quart Ice Cream Maker Freezer Bowl - For use with the Cuisinart ICE-45 Mix It In Soft Serve Ice Cream Maker , White","C","data/esci1500_thumbs/img/B000H433D0.jpg"
1848904,94488,"slip on combat","B00J3IJTGG","Danner Men's Dxt Comfort Footbed , Blue, 14 M US","C","data/esci1500_thumbs/img/B00J3IJTGG.jpg"
1694815,86396,"red junior tops","B07Y94RXT2","Body Glove Women's Standard Alani Solid Strappy Back Halter Bikini Top Swimsuit, Smoothie True Red, Medium","C","data/esci1500_thumbs/img/B07Y94RXT2.jpg"
1889971,96636,"speed light photography","B00FSG1INY","Gary Fong Lightsphere Collapsible Gen5","C","data/esci1500_thumbs/img/B00FSG1INY.jpg"
1642196,83684,"propane hose","B000646U3Q","Coleman 2000032171 Cooking Stoves Accessories & Parts","C","data/esci1500_thumbs/img/B000646U3Q.jpg"
1932616,98945,"suede cleaner for shoes","B01DW9QOY6","pedag Suede Shoe Cleaner Brush | German Made 4-Way Cleaning & Refreshing Brush for Suede Leather Products with Brass & Nylon Bristles","C","data/esci1500_thumbs/img/B01DW9QOY6.jpg"
1971379,100876,"taylor made golf club sets for men right handed stiff flex","B082PNBRZD","TaylorMade SIM MAX Fairway, Titanio, negro, azul.","C","data/esci1500_thumbs/img/B082PNBRZD.jpg"
1681074,85688,"rave mini speaker","B0071AKB38","X-Mini KAI XAM11-B Bluetooth Portable Capsule Speaker, Black","C","data/esci1500_thumbs/img/B0071AKB38.jpg"
1678270,85544,"ramps for lawn mowers","B073WQGZX8","Curb Ramp, Portable Poly Ramp With 1000lbs Weight Capacity, 650lbs Impact Capacity - For Hand Trucks, Carts, Dollies, or Bicycles by Stalwart (Yellow) - 75-CAR1030","C","data/esci1500_thumbs/img/B073WQGZX8.jpg"
1730033,88215,"rokform adapter","B00BOIL9XY","Rokform - Adjustable Windshield Phone Mount Secured by Strong Suction Cup Base, 210 Degrees of Tilt and 360 Degree of Rotation Phone Holder Compatible with ALL Rokform Twist Lock Cases","C","data/esci1500_thumbs/img/B00BOIL9XY.jpg"
1879214,96058,"sonos play 1","B079J62LDZ","Sanus Adjustable Height Wireless Speaker Stands Designed for SONOS ONE, ONE SL, Play:1, and Play:3 - Tool-Free Height Adjust Up to 16"" with Built in Cable Management - Black Pair","C","data/esci1500_thumbs/img/B079J62LDZ.jpg"
1935862,99094,"summer infant time to go travel potty","B07G493DFZ","Potty Liners Disposable, Travel Potty Chair Liners with Drawstring Universal Training Toilet Seat Potty Bags Cleaning Bag for Kids Toddlers","C","data/esci1500_thumbs/img/B07G493DFZ.jpg"
1745052,88987,"rubbermaid sink set","B002TWJ5Y4","Rubbermaid Fg1G1606Wht Sink Mat Lg","C","data/esci1500_thumbs/img/B002TWJ5Y4.jpg"
1665403,84868,"qualcraft pump jack","B0000224MQ","Qualcraft 2210 Pump Jack Anchor, for Use with 2 X 4 Double Wood Poles","C","data/esci1500_thumbs/img/B0000224MQ.jpg"
1864900,95335,"snes","B001VDZN3O","Retro-Bit Retro Duo 2 in 1 Console System - for Original NES/SNES, & Super Nintendo Games - Silver/Black","C","data/esci1500_thumbs/img/B001VDZN3O.jpg"
2618541,130537,"가마솥","B07GKZZMSF","Victoria Cast Iron Pizza Crepe Pan, Dosa, Roti Tawa, Budare, 15 Inch, Black","C","data/esci1500_thumbs/img/B07GKZZMSF.jpg"
1721999,87799,"rinsing tub","B099FK72PW","Control The Flow Rinser by Frida Baby Bath Time Rinse Cup with Easy Grip Handle and Removable Rain Shower","C","data/esci1500_thumbs/img/B099FK72PW.jpg"
1770156,90342,"samsung washing machine","B00FIYOK0Y","SAMSUNG DC96-01414A ASSEMBLY-PUMP DRAIN WF33 OEM Original Part","C","data/esci1500_thumbs/img/B00FIYOK0Y.jpg"
1853510,94735,"small geometric pot trellis","B00OBYM7W0","American Garden Works PH-10 Wall Mount Pot Holder, 10"", Black","C","data/esci1500_thumbs/img/B00OBYM7W0.jpg"
1678382,85548,"ramyeon","B00YNCWMDO","Korea Noodle Pot/Hot Shin Ramyun Aluminum Pot 6.3""(16cm)/ Traditional HOT POT","C","data/esci1500_thumbs/img/B00YNCWMDO.jpg"
1879679,96084,"sony a7iii camera wrap","B00B06EOX2","Sony LCSU11 Soft Compact Carrying Case for Cyber-Shot Cameras (Black)","C","data/esci1500_thumbs/img/B00B06EOX2.jpg"
1719320,87665,"rightline truck bed air mattress","B004O74Y7K","Sportz Truck Tent Blue/Grey (Full Size Crew Cab 5.5-Feet Box)","C","data/esci1500_thumbs/img/B004O74Y7K.jpg"
1733678,88401,"roof de icing cable","B0182HW816","Frost King 099000 Self-Regulating Thermostat for Heat Cable Kits , Black","C","data/esci1500_thumbs/img/B0182HW816.jpg"
1964396,100537,"tamarindus","3659873578","Studies on Removal of Nitrates from Industrial effluent: Packed column using immobilized Tamarindus indica seeds","C","data/esci1500_thumbs/img/3659873578.jpg"
1886698,96458,"spagehetti for canning","B07RKQ1JJ2","Sauces for All Seasons: 40 Savory Sauce Recipes from Around the World to enjoy every Month of the Year!","C","data/esci1500_thumbs/img/B07RKQ1JJ2.jpg"
1975997,101108,"teardrop trailer door","1950934098","The Handmade Teardrop Trailer: Design & Build a Classic Tiny Camper from Scratch","C","data/esci1500_thumbs/img/1950934098.jpg"
1833364,93655,"simple neck design for suits","B07Y4VVYGX","MEROKEETY Women's Long Sleeve Waffle Knit Sweater Crew Neck Solid Color Pullover Jumper Tops White","C","data/esci1500_thumbs/img/B07Y4VVYGX.jpg"
1780693,90899,"schlage interior door latch","B00C44KCLM","J Series Seville Passage Door Lever Finish: Bright Chrome","C","data/esci1500_thumbs/img/B00C44KCLM.jpg"
1910967,97761,"stars without number rpg","B08WSHBLP8","Mirror Image: For Stars Without Number","C","data/esci1500_thumbs/img/B08WSHBLP8.jpg"
1721095,87753,"ring panic button 2 pack","B07XFYRGPQ","Ring Security Yard Sign","C","data/esci1500_thumbs/img/B07XFYRGPQ.jpg"
1843314,94182,"sklz gold flex golf trainer","B0013E0NSG","SKLZ Men's Smart Glove Left Hand Golf Glove, X-Large , White","C","data/esci1500_thumbs/img/B0013E0NSG.jpg"
2224864,114165,"wyze kit","B07XZT24B8","Wyze Plug, 2.4GHz WiFi Smart Plug, Works with Alexa, Google Assistant, IFTTT, No Hub Required, Two-Pack, White","C","data/esci1500_thumbs/img/B07XZT24B8.jpg"
1922084,98372,"stove gas burner","B00MOCLWCC","GE WB31K10016 Genuine OEM Burner Grate (Black) for GE Gas Ranges","C","data/esci1500_thumbs/img/B00MOCLWCC.jpg"
1647992,83990,"ps5","B08FC6Y4VG","Playstation DualSense Charging Station","C","data/esci1500_thumbs/img/B08FC6Y4VG.jpg"
1787407,91270,"sds max rotary hammer","B0000TZY2A","Bosch HC5091 1-1/2-In. x 21-In. SDS-max Speed-X Carbide Rotary Hammer Bit for Concrete Drilling","C","data/esci1500_thumbs/img/B0000TZY2A.jpg"
1816808,92783,"shop dust collector","B00JG3F8S6","CRAFTSMAN CMXZVBE38677 2-1/2 in. Wet/Dry Vacuum Universal Tool Adapter Attachment for Shop Vacuums , Black","C","data/esci1500_thumbs/img/B00JG3F8S6.jpg"
1697238,86532,"red wing boot cream","B0183U455E","Red Wing Heritage Buffing Cloth","C","data/esci1500_thumbs/img/B0183U455E.jpg"
1777178,90712,"sav a stud","B000CISZLG","Dorman 610-378 Serrated Wheel Stud (M12-1.25), Pack of 10","C","data/esci1500_thumbs/img/B000CISZLG.jpg"
1777763,90747,"sawyer water bottle","B018NJC1A6","Sawyer Products SP150 Coupling for Water Filtration Cleaning, Blue, 1 x 1 x 1 inches","C","data/esci1500_thumbs/img/B018NJC1A6.jpg"
1841387,94079,"skierg","B07H1M945D","SPRI Slide Board (71"" L x 20"" W) with End Stops, Sliding Booties, Mesh Carrying Bag and Exercise Guide for Low Impact Balance Training (Skating, Hockey)","C","data/esci1500_thumbs/img/B07H1M945D.jpg"
1940480,99338,"super nintendo european","B00004TMVG","PGA European Tour - Nintendo Super NES","C","data/esci1500_thumbs/img/B00004TMVG.jpg"
1825000,93219,"silhouette curio","B005S2O61E","Silhouette America SILH-BLADE-3-3T Cameo 3 blade, White","C","data/esci1500_thumbs/img/B005S2O61E.jpg"
1927339,98667,"student handbook including science for fun","1681403110","Uncovering Student Ideas About Engineering and Technology: 32 New Formative Assessment Probes - PB455X","C","data/esci1500_thumbs/img/1681403110.jpg"
1974016,101001,"tea scrapbook","B07GGL7S3M","Hero Arts Infinity Dies POTS &, us:one size, Tea Pots & Handles","C","data/esci1500_thumbs/img/B07GGL7S3M.jpg"
1846998,94387,"sliding fifth wheel hitch kit","B004VRREYI","Draw-Tite Reese Fifth Wheel Slider Unit w/4 Rollers for 15K, 16K & 20K Head Assemblies (Requires Rails & Installation Kit #30035 or #30095 and Head Assembly)","C","data/esci1500_thumbs/img/B004VRREYI.jpg"
1952530,99964,"sword fighting longsword","B07GW2RYP2","Historic longsword fighting techniques (Medieval Technical Manuals Book 7)","C","data/esci1500_thumbs/img/B07GW2RYP2.jpg"
1744960,88981,"rubbermaid dish drain","B000ARTV3A","Try Drnr Dsh 15-1/4x14in Clr","C","data/esci1500_thumbs/img/B000ARTV3A.jpg"
1647271,83948,"ps4 nhl 20","B07Y93MCXR","NHL 20 Ultimate Team NHL Points 5850 - [PS4 Digital Code]","C","data/esci1500_thumbs/img/B07Y93MCXR.jpg"
1943467,99502,"surfing longboard","B084D567ZX","Dakine Longboard Calf 9'6"" X 1/4"" Black OS","C","data/esci1500_thumbs/img/B084D567ZX.jpg"
1770159,90342,"samsung washing machine","B004Q3TK30","Samsung DC97-07448D Washing Machine Shipping Bolt","C","data/esci1500_thumbs/img/B004Q3TK30.jpg"
1751517,89321,"rv propane tank cover","B00HJ6OPAO","Camco 40547 Thumbscrew & Nut for 40543 Tank Cover","C","data/esci1500_thumbs/img/B00HJ6OPAO.jpg"
2000410,102427,"the suddle art of not giving a f kindle","B07CHVFK1J","Summary - The Subtle Art of Not Giving a F*ck: A Counterintuitive Approach to Living a Good Life by Mark Manson","C","data/esci1500_thumbs/img/B07CHVFK1J.jpg"
1698029,86573,"redken blue shampoo and conditioner","B086L3RLVM","Redken Extreme Length Leave-In Conditioner | For Hair Growth | Seals Split Ends & Prevents Breakage | Infused With Biotin","C","data/esci1500_thumbs/img/B086L3RLVM.jpg"
1889704,96620,"spectracide backpack sprayer","B0773K7Z7M","Spectracide Weed & Grass Killer With Extended Control Concentrate, 40-Ounce","C","data/esci1500_thumbs/img/B0773K7Z7M.jpg"
1718346,87622,"ridgid/ryobi table saw fence","B00LPR5I1I","POWERTEC 71009 Safety Push Block and Stick Set | 5 Pack | Ergonomic Handles with Max Grip | Push blocks and Sticks for Table Saw, Jointers and Woodworking | for Woodworker Safety & Control","C","data/esci1500_thumbs/img/B00LPR5I1I.jpg"
1881267,96166,"sony viewfinder","B07JGKL1Y6","Sony DSC-HX99 Compact Digital 18.2 MP Camera with 24-720 mm Zoom, 4K and Touchpad – Black","C","data/esci1500_thumbs/img/B07JGKL1Y6.jpg"
1645509,83857,"pruning saw attachment for pole","B07BC5RJ5R","Makita EY401MP 10"" Pole Saw Couple Shaft Attachment","C","data/esci1500_thumbs/img/B07BC5RJ5R.jpg"
1745054,88987,"rubbermaid sink set","B000IZC096","Rubbermaid 14.7 In. x 18 In. White Sloped Drainer Tray - 1 Each","C","data/esci1500_thumbs/img/B000IZC096.jpg"
1687772,86034,"rear shock 07 ltz tahoe","B004PL87JQ","ReadyLift 67-3809 Rear Shock Extension Bracket for GM/Chevy Black Powdercoat","C","data/esci1500_thumbs/img/B004PL87JQ.jpg"
1665111,84853,"qsc speakers","B002MAMCIE","QSC K10TOTE K-Series Tote Speaker Bags and Covers","C","data/esci1500_thumbs/img/B002MAMCIE.jpg"
1776712,90691,"saucony womens running shoes","B07T2DM95G","Saucony Women's Premium Ventilator No Show, White (1 Pair), Shoe Size: 7-10","C","data/esci1500_thumbs/img/B07T2DM95G.jpg"
1952527,99964,"sword fighting longsword","B077K6S4RD","Longsword","C","data/esci1500_thumbs/img/B077K6S4RD.jpg"
1745054,88987,"rubbermaid sink set","B000IZC096","ラバーメイド(Rubbermaid) ディッシュドレーナー用 トレー L (抗菌加工) ホワイト FG1182MAWHT","C","data/esci1500_thumbs/img/B000IZC096.jpg"
1744576,88962,"rubber stamp cleaning pad","B074N36VX1","Ranger Archival Ink Cleaner, 3.6 x 3.6 x 10 cm, Transparent","C","data/esci1500_thumbs/img/B074N36VX1.jpg"
1647592,83966,"ps4 vr","B06XG9J26Q","PSVR Aim Controller - PlayStation 4","C","data/esci1500_thumbs/img/B06XG9J26Q.jpg"
1947900,99734,"sweeper vacuum bissell refresher","B00FKKURYO","Febreze Vacuum Filter","C","data/esci1500_thumbs/img/B00FKKURYO.jpg"
1691734,86229,"recycling bins with lids","B0087S0SPY","Rubbermaid Commercial 1788372 Stream Recycling Top for Slim Jim Containers","C","data/esci1500_thumbs/img/B0087S0SPY.jpg"
1887238,96486,"spanx back seam skinny pants","B01FWZW61S","SPANX Skinny Britches High-Waisted Mid-Thigh Short Naked 2.0 MD","C","data/esci1500_thumbs/img/B01FWZW61S.jpg"
1645747,83870,"ps move","B01LW1OM63","Sony PlayStation 4 Camera","C","data/esci1500_thumbs/img/B01LW1OM63.jpg"
1864901,95335,"snes","B0012NZK8G","Retro-Bit Retro Duo 2 in 1 Console System - for Original NES/SNES, & Super Nintendo Games - Black/Red","C","data/esci1500_thumbs/img/B0012NZK8G.jpg"
1731731,88302,"rollerblades with no brakes","B07VZRVH4B","Rollerblade Microblade Free 3WD Kid's Size Adjustable Inline Skate, Grey and Candy Pink, High Performance Inline Skates, Kid 2-5","C","data/esci1500_thumbs/img/B07VZRVH4B.jpg"
1716046,87507,"rheem concentric vent kit","B000JGJC18","Rheem RTG20006DW Main Control","C","data/esci1500_thumbs/img/B000JGJC18.jpg"
1895882,96955,"spongebob halloween costume","B00TO8R822","Rubie's Costume Spongebob Sponge Out of Water Trick-or-Treat Canvas Bag Costume","C","data/esci1500_thumbs/img/B00TO8R822.jpg"
1824821,93208,"silence of the white city","B08DMX59HM","The Water Rituals (White City Trilogy Book 2)","C","data/esci1500_thumbs/img/B08DMX59HM.jpg"
1678273,85544,"ramps for lawn mowers","B01MQVYNTS","MaxxHaul 80439 Aluminum Ramp Top Kit","C","data/esci1500_thumbs/img/B01MQVYNTS.jpg"
1744582,88962,"rubber stamp cleaning pad","B00167YQSI","Ranger 2 Ounce Inkssentials Clear Stamp Cleaner","C","data/esci1500_thumbs/img/B00167YQSI.jpg"
1953395,100006,"systane balance eye drops for dry eyes","B00FQRB97K","Systane Gel Nighttime Protection Lubricant Eye Gel 10 g (3 Pack)","C","data/esci1500_thumbs/img/B00FQRB97K.jpg"
1640592,83600,"profoto d1","B00C1E15UW","Profoto 101561 Glass Dome Frosted for D1 & B1","C","data/esci1500_thumbs/img/B00C1E15UW.jpg"
1901395,97244,"squire strat","B00T88UWHG","GHS Strings Electric Guitar Strings (HC-GBL SET)","C","data/esci1500_thumbs/img/B00T88UWHG.jpg"
1864193,95299,"snap to wireless","B07FJS818K","Polaroid Pop Wireless Portable Instant 3x4 Photo Printer & Digital 20MP Camera with Touchscreen Display (Black) Built-in Wi-Fi, 1080p HD Video","C","data/esci1500_thumbs/img/B07FJS818K.jpg"
1911854,97814,"statue of liberty costume kids","B001QIP6U4","Forum Novelties Women's Liberty Torch Costume Accessory, Multi-color, One Size","C","data/esci1500_thumbs/img/B001QIP6U4.jpg"
1955294,100090,"t3 hair dryer","B009O02ZFK","T3 – SoftTouch 2 Hair Dryer Diffuser for Featherweight 2, Featherweight Luxe 2i, and PROi Hair Dryers, Volumizing Hair Diffusers for Smooth and Shiny Curls","C","data/esci1500_thumbs/img/B009O02ZFK.jpg"
1879204,96058,"sonos play 1","B07LGMZC31","Sonos Shelf for One and Play:1 (Black)","C","data/esci1500_thumbs/img/B07LGMZC31.jpg"
1810352,92455,"sheild costume","B01NAQ9UO8","Rubie's Costume Wonder Woman Movie Shield Costume Accessory (Child Size)","C","data/esci1500_thumbs/img/B01NAQ9UO8.jpg"
1652910,84229,"puma bucket bag","B0747G288W","PUMA Stretch Fit Cap","C","data/esci1500_thumbs/img/B0747G288W.jpg"
1911849,97814,"statue of liberty costume kids","B012H3QOM0","Rubie's Lady Liberty Torch Costume Accessory","C","data/esci1500_thumbs/img/B012H3QOM0.jpg"
1648025,83992,"ps5 bundle console playstation 5","B096D66638","Sony Playstation VR Marvel's Iron Man VR Bundle: Playstation VR Headset, Camera, 2 Move Motion Controllers, Marvel's Iron Man VR Digital Code for PS4 PS5","C","data/esci1500_thumbs/img/B096D66638.jpg"
1678868,85572,"ranger winch","B010AWNBGW","Extreme Max 5600.3151 Wide Winch Mount for Select Full-Size Polaris Ranger UTVs","C","data/esci1500_thumbs/img/B010AWNBGW.jpg"
1694715,86389,"red hydrogen one","B07HNZNNDW","Speck Products Presidio Clear Cell Phone Case for Red Hydrogen - Onyx/Black Matte","C","data/esci1500_thumbs/img/B07HNZNNDW.jpg"
1647448,83958,"ps4 rubber grips","B07JKFX17B","Amazon Basics PlayStation 4 Controller Thumb Grips - 2-Pack, Blue","C","data/esci1500_thumbs/img/B07JKFX17B.jpg"
1699392,86643,"reel mower with grass catcher","B084T8ZLXH","American Lawn Mower Company GC91820 18-Inch/20-Inch Reel Lawn Mower Grass Catcher, Black","C","data/esci1500_thumbs/img/B084T8ZLXH.jpg"
1922217,98380,"stove small electric","B005IUYVKW","Empava 36” Electric Stove Induction Cooktop with 5 Power Boost Burners Smooth Surface Vitro Ceramic Glass in Black, 36 Inch","C","data/esci1500_thumbs/img/B005IUYVKW.jpg"
1935970,99099,"summer sausage and cheese","B00DZ41QHO","Vermont Smoke and Cure Uncured Summer Sausage - Antibiotic Free and Gluten Free - Great on Charcuterie Boards With Cheese - 6oz","C","data/esci1500_thumbs/img/B00DZ41QHO.jpg"
2034107,104183,"top grain leather recliner sofa set","B01BDY5RKE","Great Deal Furniture Waldo Brown Leather Recliner Club Chair","C","data/esci1500_thumbs/img/B01BDY5RKE.jpg"
1719313,87665,"rightline truck bed air mattress","B07HRFP78Z","Napier Backroadz Truck Tent - Full Size Short Bed, Camo, Full Size Short Bed (5.5'-5.8')","C","data/esci1500_thumbs/img/B07HRFP78Z.jpg"
1851683,94630,"small camper","B0019ZLPLS","Classic Accessories Over Drive PolyPRO3 Deluxe Camper Cover, Fits 8' - 10' Campers (80-036-143101-00) , Grey","C","data/esci1500_thumbs/img/B0019ZLPLS.jpg"
1642190,83684,"propane hose","B00OXKQQYC","Coleman Propane Grill Adapter, 1-Pound","C","data/esci1500_thumbs/img/B00OXKQQYC.jpg"
1714731,87444,"revo beast 40 abu garcia","B009NS3DH2","Abu Garcia Revo Shop Neoprene Cover - Low Profile","C","data/esci1500_thumbs/img/B009NS3DH2.jpg"
1714692,87442,"revlon tools eye","B07L4RPJB6","Revlon Jade Stone Facial Roller, Dual-Sided Face Massager to Cool and De-Puff, Jade, 1 count","C","data/esci1500_thumbs/img/B07L4RPJB6.jpg"
1741615,88809,"router tool makita for draywall","B07B3W5RVM","Makita 198987-9 Compact Router Tilt Base","C","data/esci1500_thumbs/img/B07B3W5RVM.jpg"
1753706,89441,"s 100 motorcycle cleaner","B000TG6LF8","S100 10005S Remote Spray Hose for Total Cycle Cleaner 5L Bottle","C","data/esci1500_thumbs/img/B000TG6LF8.jpg"
1696135,86469,"red sea diy aquarium net cover","B07B7ZL1VV","Red Sea 42086 Cut Out Kit, 15/40 Mm","C","data/esci1500_thumbs/img/B07B7ZL1VV.jpg"
1677378,85500,"ram","B07MCJWKQC","Tyger Auto T1 Soft Roll Up Truck Bed Tonneau Cover for 2019-2022 Ram 1500 New Body Style | 6'4"" Bed (76"") | Not for Classic | Does Not Fit with Multi-Function (Split) Tailgate or RamBox | TG-BC1D9047","C","data/esci1500_thumbs/img/B07MCJWKQC.jpg"
1959787,100303,"tack cleaner for horses","B000LO2FDK","Decker, 12-Pack No.14 Tack Sponge for Horses (14-DTS)","C","data/esci1500_thumbs/img/B000LO2FDK.jpg"
1696785,86507,"red tight skirt","B07FQNNFMH","Leg Avenue womens Lurex Shimmer Tights. tights, Red/Red, One Size US","C","data/esci1500_thumbs/img/B07FQNNFMH.jpg"
1899036,97114,"spring powered sig p226","B00JSA99ZA","Hogue Sig P226 Grips (Pirahna G-10 G-Mascus), Green","C","data/esci1500_thumbs/img/B00JSA99ZA.jpg"
1919084,98207,"stm32 microcontroller","B07Z268HY4","The STM32F103 Arm Microcontroller and Embedded Systems: Using Assembly and C","C","data/esci1500_thumbs/img/B07Z268HY4.jpg"
2161040,110745,"wet swiffer mops for floor cleaning","B001F0RBT2","Swiffer WetJet Hardwood Floor Cleaner Spray Mop Pad Refill, Multi Surface, 24 Count","C","data/esci1500_thumbs/img/B001F0RBT2.jpg"
1697758,86559,"redding neck sizing bushing","B000N8N538","LEE PRECISION 90798, Universal Neck Expanding Die.25 to .45 Caliber","C","data/esci1500_thumbs/img/B000N8N538.jpg"
1758889,89701,"sai weapons","B002MY69MU","BladesUSA 2401 Sai Case Sturdy Vinyl with Zipper Black","C","data/esci1500_thumbs/img/B002MY69MU.jpg"
1788801,91343,"sealy posturepedic comforter","B07X5F2QQC","Sealy Essentials Down Alternative & Memory Foam Pillow, Standard/Queen, White","C","data/esci1500_thumbs/img/B07X5F2QQC.jpg"
1744583,88962,"rubber stamp cleaning pad","B00161SB7G","Tsukineko StazOn All-Purpose Stamp Cleaner with Dauber-Top, Lightly Lemon Scented , 2 Fluid Ounce Bottle","C","data/esci1500_thumbs/img/B00161SB7G.jpg"
1647591,83966,"ps4 vr","B074HGD3WZ","PlayStation VR Aim Controller (PS4)","C","data/esci1500_thumbs/img/B074HGD3WZ.jpg"
1753539,89434,"rzr turbo s","B07H9RLWZP","SSV Works RZ4-2KRC 2019 and Up Polaris RZR Turbo S Plug & Play 2 Speaker Kit with Kicker 6.5"" Speakers for Vehicles with Ride Command Only,1 Pack","C","data/esci1500_thumbs/img/B07H9RLWZP.jpg"
1948718,99778,"swiffer jet liquid","B01CTZD3QG","Swiffer Sweeper Dry Mop Pad Refills for Floor Mopping and Cleaning, All Purpose Floor Cleaning Product, Unscented, 16 Count","C","data/esci1500_thumbs/img/B01CTZD3QG.jpg"
1765764,90084,"samsung galaxy note 10 plus","B07VHDSNNT","Samsung 45W USB-C Super Fast Charging Wall Charger - Black (US Version with Warranty), 45W TA w/ Cable, Black","C","data/esci1500_thumbs/img/B07VHDSNNT.jpg"
1698089,86576,"redkin foam","B071GTSKGJ","Redken Color Extend Magnetics Shampoo For Color-Treated Hair, 10.1 Ounce","C","data/esci1500_thumbs/img/B071GTSKGJ.jpg"
1698032,86573,"redken blue shampoo and conditioner","B08SSCPQF7","Redken Extreme Bleach Recovery Shampoo | For Bleached Hair | Restores Strength, Softness & Shine | Silicone Free | 10.1 Fl Oz, 10.1 fl. oz","C","data/esci1500_thumbs/img/B08SSCPQF7.jpg"
1691861,86235,"red 5 gallon bucket","B00USLE2K0","New Pig 5-Gallon Latching Bucket Lid with Fast-Latch Ring, For 5 Gal Steel & Poly Buckets, Fast Latch, Red, DRM1200-RD","C","data/esci1500_thumbs/img/B00USLE2K0.jpg"
1834967,93742,"single rail table saw","B07VCTQ3Y5","WEN CT9980 80-Inch Track Saw Track Guide Rail and Adapters","C","data/esci1500_thumbs/img/B07VCTQ3Y5.jpg"
1943466,99502,"surfing longboard","B084D4FMGT","Dakine Longboard Ankle 9'6"" X 1/4"" Black OS","C","data/esci1500_thumbs/img/B084D4FMGT.jpg"
1927342,98667,"student handbook including science for fun","1544331959","Ongoing Crisis Communication: Planning, Managing, and Responding","C","data/esci1500_thumbs/img/1544331959.jpg"
1710807,87236,"respirator north 42n95","B000UH6PSE","North 7580P100 Particulate Cartridge (2-pack)","C","data/esci1500_thumbs/img/B000UH6PSE.jpg"
1677380,85500,"ram","B07H119GZD","Tyger Auto TG-FF8D4147 for 2009-2018 Dodge Ram 1500; 2019-2020 1500 Classic | Exclude R/T and Rebel Models | Black Rugged-Textured Pocket Bolt-Riveted Style Fender Flare Set, 4 Piece","C","data/esci1500_thumbs/img/B07H119GZD.jpg"
1671887,85206,"rachel ray cookware","B07356JY8Y","Rachael Ray Multi Stainless Steel Grater, Marine Blue","C","data/esci1500_thumbs/img/B07356JY8Y.jpg"
1876860,95938,"solid state drive","B00LNZTXFE","Easy and SImple SSD Guide to Choosing, Installing, and Upgrading to the New Super-fast Solid State Device Drives called SSD's","C","data/esci1500_thumbs/img/B00LNZTXFE.jpg"
1783672,91065,"scotch industrial tape","B0010XB2IK","Scotch H183 Industrial Packing Tape Dispenser for 3"" Tape - Lightweight and Portable for Commercial Packaging, Shipping, Moving, Carton and Box Sealing","C","data/esci1500_thumbs/img/B0010XB2IK.jpg"
1710808,87236,"respirator north 42n95","B000LDE45I","North 7581P100 OV P100 Combination Cartridge 1 Pair","C","data/esci1500_thumbs/img/B000LDE45I.jpg"
1771852,90435,"sandblaster machine","B0785FXQQP","Neiko 30068A Abrasive Air Sand Blaster Handheld Gun | Replaceable Steel Nozzle | Various Media Compatible Gravity Feed Hopper","C","data/esci1500_thumbs/img/B0785FXQQP.jpg"
1851678,94630,"small camper","B019WD7OXG","Eevelle Goldline Truck Camper Cover - Waterproof, Marine Grade, Breathable, Sun Protection - Travel Trailer RV Cover - Tan - Gray","C","data/esci1500_thumbs/img/B019WD7OXG.jpg"
1948727,99778,"swiffer jet liquid","B0035G079U","Swiffer WetJet Hardwood Floor Cleaner, Spray Mop Pad Refill, Multi Surface, 12 Count (Packaging May Vary), Pack of 8","C","data/esci1500_thumbs/img/B0035G079U.jpg"
1921859,98360,"stormtrooper voice changer","B00P8E2GMI","Fun World 107897 10&quot; Voice Changer","C","data/esci1500_thumbs/img/B00P8E2GMI.jpg"
1646920,83929,"ps4 for under 100","B098G9M9ZN","Ghost of Tsushima Director's Cut - PlayStation 4","C","data/esci1500_thumbs/img/B098G9M9ZN.jpg"
1728721,88149,"rode procaster","B00KCN83VI","Electro-Voice RE320 Large Diaphragm Dynamic Vocal Microphone","C","data/esci1500_thumbs/img/B00KCN83VI.jpg"
1830039,93480,"silver bathroom accessories set","B00DY4S45W","Cook N Home NC-00323 Trash CAN/BIN and Toilet Brush with Holder","C","data/esci1500_thumbs/img/B00DY4S45W.jpg"
1761996,89861,"saltwater tank","B07BTMK57N","API QUICK START Freshwater and Saltwater Aquarium Nitrifying Bacteria 32-Ounce Bottle","C","data/esci1500_thumbs/img/B07BTMK57N.jpg"
1788831,91343,"sealy posturepedic comforter","B077NTSFT1","Sealy Performance 3-Inch Cooling Gel Memory Foam Mattress Topper, Twin","C","data/esci1500_thumbs/img/B077NTSFT1.jpg"
1717512,87584,"rick and morty","B00U0HRI62","Ripple Junction Rick and Morty Tiny Rick Chest Hit Adult T-Shirt - Black (Large)","C","data/esci1500_thumbs/img/B00U0HRI62.jpg"
1951241,99905,"switch controller","B07Y5JG52J","Silicone Rubber Thumb Stick Grips Joystick Cap Cover for Switch Ns Joy-con Controller (A)","C","data/esci1500_thumbs/img/B07Y5JG52J.jpg"
1762002,89861,"saltwater tank","B001EUE808","API SALTWATER MASTER TEST KIT 550-Test Saltwater Aquarium Water Test Kit","C","data/esci1500_thumbs/img/B001EUE808.jpg"
1678498,85554,"rand mcnally tnd 70 tablet","B075SP87GD","Rand McNally TND740 IntelliRoute 7"" GPS with Lifetime Map Updates","C","data/esci1500_thumbs/img/B075SP87GD.jpg"
2140554,109652,"walnut king bed frame","B00MVST4TC","Home Styles Chesapeake Panel King Bed Headboard with Picture Frame Moldings, Cherry Finish","C","data/esci1500_thumbs/img/B00MVST4TC.jpg"
1824993,93219,"silhouette curio","B01AMOHMZE","3-Pack Silhouette Replacement Blades","C","data/esci1500_thumbs/img/B01AMOHMZE.jpg"
1947899,99734,"sweeper vacuum bissell refresher","B00FKKUZ0K","BISSELL Febreze Style 1214 Cleanview & PowerGlide Pet Replacement Filter - 12141","C","data/esci1500_thumbs/img/B00FKKUZ0K.jpg"
1733811,88407,"roof tiles","B00L4JJP4S","Great Stuff 308941 Bond(TM) Roof 28oz with Reusable Straw Tile Adhesive, Cream","C","data/esci1500_thumbs/img/B00L4JJP4S.jpg"
1902432,97288,"ssd","B00LNZTXFE","Easy and SImple SSD Guide to Choosing, Installing, and Upgrading to the New Super-fast Solid State Device Drives called SSD's","C","data/esci1500_thumbs/img/B00LNZTXFE.jpg"
1952538,99964,"sword fighting longsword","1933803355","Sword Fighting","C","data/esci1500_thumbs/img/1933803355.jpg"
1896014,96962,"spongebob toys","B004FFJ2NW","Delta Children 6-Bin Toy Storage Organizer, Spongebob Squarepants , 24.61x11.81x26.57 Inch (Pack of 1)","C","data/esci1500_thumbs/img/B004FFJ2NW.jpg"
1927343,98667,"student handbook including science for fun","1449357016","Python Pocket Reference: Python in Your Pocket (Pocket Reference (O'Reilly))","C","data/esci1500_thumbs/img/1449357016.jpg"
1710799,87236,"respirator north 42n95","B00Z2RAUC4","North by Honeywell 7506N95 Particulate Filters, Cartridge/Filter, Non-Oil Particulates, N95, Purple (Pack of 10)","C","data/esci1500_thumbs/img/B00Z2RAUC4.jpg"
1698052,86573,"redken blue shampoo and conditioner","B07V4SJZ4K","Redken Extreme Play Safe Heat Protectant Spray & Leave In Conditioner| For All Hair Types | Helps Reduce The Appearance of Split Ends | With Tourmaline | Packaging May Vary","C","data/esci1500_thumbs/img/B07V4SJZ4K.jpg"
1914020,97930,"steiner p4xi 1-4x24","B00U6AMEVC","Steiner MRS Micro Reflex Red Dot Sight","C","data/esci1500_thumbs/img/B00U6AMEVC.jpg"
1724675,87930,"roadpro 12 volt coffee maker","B081LDRRDF","RoadPro RPSC785 12-Volt Coffee Maker with Glass Carafe, black, 20 ounce capacity","C","data/esci1500_thumbs/img/B081LDRRDF.jpg"
1982696,101439,"tempur contour supreme","B07DDTT52S","Tempur-Pedic TEMPUR-ProAdapt 12-Inch Firm Cooling Foam Mattress, Queen, Made in USA, 10 Year Warranty","C","data/esci1500_thumbs/img/B07DDTT52S.jpg"
1776711,90691,"saucony womens running shoes","B07WDM2CZG","Saucony Men's Multi-Pack Bolt Performance Comfort Fit No-Show Socks, Orange (6 Pairs), Shoe Size: 8-12","C","data/esci1500_thumbs/img/B07WDM2CZG.jpg"
1901401,97244,"squire strat","B079825GJL","Squier by Fender Bullet Stratocaster Beginner Electric Guitar - Arctic Whte","C","data/esci1500_thumbs/img/B079825GJL.jpg"
1721283,87764,"ring stick up cam","B07W1WVXFQ","Indoor/Outdoor Power Adapter Barrel Plug for Ring Stick Up Cam Plug-In - White","C","data/esci1500_thumbs/img/B07W1WVXFQ.jpg"
1835439,93768,"sink socket","B006K25OE4","StarTech.com 95mm CPU Cooler Fan with Heatsink for Socket LGA1156/1155 - w/Pulse Width Modulation (PWM) (FAN1156PWM)","C","data/esci1500_thumbs/img/B006K25OE4.jpg"
1787408,91270,"sds max rotary hammer","B0000TZY0W","BOSCH HC5051 1In. x 21 In. SDS-max Speed-X Carbide Rotary Hammer Bit for Concrete Drilling","C","data/esci1500_thumbs/img/B0000TZY0W.jpg"
1737940,88610,"rose gold office supplies","B07DLGHWMG","Westcott 8"" Rose Gold Scissors For Office & Home (16968)","C","data/esci1500_thumbs/img/B07DLGHWMG.jpg"
1835440,93768,"sink socket","B000L8DMDI","Danco 60505 Shower Valve Socket Wrench Set, Metallic","C","data/esci1500_thumbs/img/B000L8DMDI.jpg"
1851682,94630,"small camper","B003VAUL0A","HAPPIJAC Standard Turnbuckle Replacement Set for Truck Camper Tie Down","C","data/esci1500_thumbs/img/B003VAUL0A.jpg"
1665407,84868,"qualcraft pump jack","B0014E9DPO","Guardian 3006 All Pro Aluminum/Rubber Pole, 6-Foot","C","data/esci1500_thumbs/img/B0014E9DPO.jpg"
1927343,98667,"student handbook including science for fun","1449357016","Python Pocket Reference: Python In Your Pocket (Pocket Reference (O'Reilly))","C","data/esci1500_thumbs/img/1449357016.jpg"
1665427,84868,"qualcraft pump jack","B0009H5RXY","Qualcraft 2602 Wind Hook Accessory Kit","C","data/esci1500_thumbs/img/B0009H5RXY.jpg"
1947898,99734,"sweeper vacuum bissell refresher","B00FLCGWTA","BISSELL Febreze filter, 60461","C","data/esci1500_thumbs/img/B00FLCGWTA.jpg"
2168247,111138,"white hair spray temporary","B017C1L9PO","Redken Control Addict 28 Extra High-Hold Hairspray | For All Hair Types | Provides Long-Lasting Anti-Frizz Protection | 9.8 Oz","C","data/esci1500_thumbs/img/B017C1L9PO.jpg"
1720224,87705,"ring 3","B08D6ZJPDM","Ring Video Doorbell 3, Ring Video Doorbell 3 Plus and Ring Video Doorbell 4 Faceplates 3-pack","C","data/esci1500_thumbs/img/B08D6ZJPDM.jpg"
1752454,89373,"rx100 iii","1937986519","Photographer's Guide to the Sony RX100 III","C","data/esci1500_thumbs/img/1937986519.jpg"
1753507,89432,"rzr seat belt","B01NCJ90TJ","Klocaty Seat Belt Bypass/Harness Override for Polaris RZR, Ranger, Can-Am Maverick, X3, and Similar UTV Models","C","data/esci1500_thumbs/img/B01NCJ90TJ.jpg"
1919090,98207,"stm32 microcontroller","1484236238","Beginning STM32: Developing with FreeRTOS, libopencm3 and GCC","C","data/esci1500_thumbs/img/1484236238.jpg"
1941748,99410,"supermicro rack ears","B000VUJYTW","Supermicro 6-Inch 16Pin Front Control Split Cable (CBL-0084L)","C","data/esci1500_thumbs/img/B000VUJYTW.jpg"
1960211,100322,"tacoma bed tie down","B014V21Y48","Genuine Toyota PT278-35160 Bed Cleat , Black","C","data/esci1500_thumbs/img/B014V21Y48.jpg"
1834975,93742,"single rail table saw","B001UE7K1M","Shop Fox W2005 Classic Fence with Standard Rails","C","data/esci1500_thumbs/img/B001UE7K1M.jpg"
1948714,99778,"swiffer jet liquid","B07FXYLZW5","Swiffer Sweeper Heavy Duty Wet Mopping Cloths Multi Surface Refills, Open Window Fresh, 20Count","C","data/esci1500_thumbs/img/B07FXYLZW5.jpg"
1741620,88809,"router tool makita for draywall","B08H4QSR5G","DEWALT DWAPP18010 1/8IN DRYWALL PILOT POINT CUT OUT BIT 10 Pack","C","data/esci1500_thumbs/img/B08H4QSR5G.jpg"
1750867,89289,"ruzell aftershave","B084JBW4NK","Reuzel - Grooming Cream For Men - Light, Pliable Lasting Hold, Thick and Full, Low Shine - 3.38 oz","C","data/esci1500_thumbs/img/B084JBW4NK.jpg"
1878729,96032,"sonicare brush, w","B0725KKXQW","Philips Sonicare Genuine W3 Premium White Replacement Toothbrush Heads, 2 Brush Heads, White, HX9062/65","C","data/esci1500_thumbs/img/B0725KKXQW.jpg"
1835438,93768,"sink socket","B00DZV48ZO","Oatey 42721 Floor-Mounted Utility Sink with 3 in. Socket, White, Small","C","data/esci1500_thumbs/img/B00DZV48ZO.jpg"
1894179,96860,"spinning combo medium heavy","B07WS25NNN","Berkley Glowstik Surf Spinning Reel and Fishing Rod Combo Black/Red/Smoke, 10' - Medium Heavy","C","data/esci1500_thumbs/img/B07WS25NNN.jpg"
1719316,87665,"rightline truck bed air mattress","B0031IOXSS","Sportz Avalanche Truck Tent III","C","data/esci1500_thumbs/img/B0031IOXSS.jpg"
2161039,110745,"wet swiffer mops for floor cleaning","B0035G078Q","Swiffer WetJet Multi-Purpose Floor Cleaner Solution with Febreze Refill, Lavender Vanilla and Comfort Scent, 1.25 Liter (Pack of 2)","C","data/esci1500_thumbs/img/B0035G078Q.jpg"
1790042,91405,"seats for dolls","B01MXJCYNH","Adora Zig Zag Diaper Bag For Baby Doll Accessories in Teal Pattern Design","C","data/esci1500_thumbs/img/B01MXJCYNH.jpg"
1948725,99778,"swiffer jet liquid","B00HZ6WH76","Swiffer Wetjet, All Purpose Multi Surface Floor Cleaner, 24 Count","C","data/esci1500_thumbs/img/B00HZ6WH76.jpg"
1876861,95938,"solid state drive","B00TSK6OOY","Product Review of the Samsung 850 EVO 250GB 2.5-Inch SATA III Internal SSD: An Unauthorized Guide to Samsung’s Popular Solid State Drive [Article]","C","data/esci1500_thumbs/img/B00TSK6OOY.jpg"
1986051,101609,"teryx 4","B01N7DBVI5","Kolpin Full Tilt Windshield for Kawasaki Teryx (HC) - 1468","C","data/esci1500_thumbs/img/B01N7DBVI5.jpg"
1648019,83992,"ps5 bundle console playstation 5","B099875YXW","NBA 2K22 75th Anniversary Edition - PlayStation 5","C","data/esci1500_thumbs/img/B099875YXW.jpg"
1698026,86573,"redken blue shampoo and conditioner","B08SSPQGZW","Redken Extreme Length Shampoo | For Hair Growth | Prevents Breakage & Strengthens Hair | Infused With Biotin | 10.1 Fl Oz, 10.1 fl. oz","C","data/esci1500_thumbs/img/B08SSPQGZW.jpg"
1913999,97930,"steiner p4xi 1-4x24","B08C733V77","Steiner P-Series 34mm MSR Mount, 35mm Height, Black","C","data/esci1500_thumbs/img/B08C733V77.jpg"
2235470,114703,"yamaha drums","B0029RNW1G","Yamaha SS-740A Snare Stand - Medium Weight, Single-Braced","C","data/esci1500_thumbs/img/B0029RNW1G.jpg"
1952540,99964,"sword fighting longsword","0764347926","Sword Fighting: An Introduction to handling a Long Sword","C","data/esci1500_thumbs/img/0764347926.jpg"
1730037,88215,"rokform adapter","B019H6MY0Q","Rokform - Low Pro Magnetic Phone Mount, 1-Inch Phone Magnet for Car, 3M VHB Adhesive Holder Mounts to almost any Flat Surface, Compatible with all Rokform Cases (Black)","C","data/esci1500_thumbs/img/B019H6MY0Q.jpg"
1669070,85059,"quicko","B0002DILTM","Nekton-S Multi-Vitamin for Birds, 150gm","C","data/esci1500_thumbs/img/B0002DILTM.jpg"
1757578,89633,"safes with lock and key","B00CSMV7F0","Honeywell Safes & Door Locks 6105 Honeywell-6105 Steel 24 Key Security Box, 0.07-Cubic Feet, Black, 3.1x6.5x7.8","C","data/esci1500_thumbs/img/B00CSMV7F0.jpg"
1809025,92389,"shed defender dog suit","B0015QTA2M","PL360 Shed No More, Chewable Supplement For Dogs | Reduces Shedding, Allergies & Itching | For Sensitive Skin and Hair | Natural and Safe Ingredients | 120 Count","C","data/esci1500_thumbs/img/B0015QTA2M.jpg"
1864888,95335,"snes","B08536VCZL","8Bitdo SN30 2.4G Wireless Gamepad for Original SNES/SFC (SN Edition) - Super NES","C","data/esci1500_thumbs/img/B08536VCZL.jpg"
1666396,84919,"queen bed with led lights and nightstand","B00369YWWO","Homestyles Naples Queen Bed with Wood Raised Panel Headboard Footboard and Matching Rails, White","C","data/esci1500_thumbs/img/B00369YWWO.jpg"
1722014,87799,"rinsing tub","B06XHRS2LF","Delta Faucet Trinsic Floor-Mount Freestanding Tub Filler with Hand Held Shower, Matte Black T4759-BLFL (Valve Not Included)","C","data/esci1500_thumbs/img/B06XHRS2LF.jpg"
1810353,92455,"sheild costume","B01N9VP7F4","Rubie's mens Men s Wonder Woman Costume Wonder Woman Movie Shield, Wonder Woman (Movie), Shield US","C","data/esci1500_thumbs/img/B01N9VP7F4.jpg"
1897375,97031,"sports nursery","B07BXJ7PWV","Lambs & Ivy Future All Star Sports Musical Mobile, Blue/Gray","C","data/esci1500_thumbs/img/B07BXJ7PWV.jpg"
1835561,93774,"sink workstation accessories without sink","B003BIFGR0","KOHLER Vault 33"" Single Bowl 18 Gauge Stainless Steel Kitchen Sink with Single Faucet Hole K-3821-1-NA Drop-in or Undermount Installation, 9 inch Bowl","C","data/esci1500_thumbs/img/B003BIFGR0.jpg"
1946313,99648,"swat costume for men","B00JIJS5P6","Dreamgirl Men's Special Ops Helmet, Black, One Size","C","data/esci1500_thumbs/img/B00JIJS5P6.jpg"
1770157,90342,"samsung washing machine","B00D8LHL7I","Samsung Washing Machine Drain Pump DC96-01585D","C","data/esci1500_thumbs/img/B00D8LHL7I.jpg"
1762005,89861,"saltwater tank","1499203160","Saltwater Fish and Reef Tanks: From Beginner to Expert","C","data/esci1500_thumbs/img/1499203160.jpg"
1687774,86034,"rear shock 07 ltz tahoe","B003XVGN5Y","Rear Suspension Electronic Air to Passive Coil Over Gas Shocks Conversion Kit","C","data/esci1500_thumbs/img/B003XVGN5Y.jpg"
1969398,100777,"tarkin hasbro","B07MV1F1F2","Hasbro Gaming Star Wars Retro Game","C","data/esci1500_thumbs/img/B07MV1F1F2.jpg"
1646723,83916,"ps4 controller charger","B00HUXPZPK","PowerA USB Charging Cable for PlayStation 4","C","data/esci1500_thumbs/img/B00HUXPZPK.jpg"
1964395,100537,"tamarindus","3846507229","Polyherbal Formulation for Wound Healing Activity: Ageratum Conyzoides, Ficucs Religiosa, Curcumma Longa, Tamarindus Indica","C","data/esci1500_thumbs/img/3846507229.jpg"
1844384,94244,"skype desk phone","B00EVNV8Q2","Sennheiser Enterprise Solution SD Pro2 ML Double-Sided Multi Connectivity Wireless Headset for Desk Phone & Skype for Business Ultra Noise-Cancelling Microphone, Black","C","data/esci1500_thumbs/img/B00EVNV8Q2.jpg"
1831544,93570,"silver tour pack for mtorcycle","B00514B03Q","Kuryakyn 8973 Motorcycle Trunk/Luggage Accessory: Quick Adjust Tour-Pak Relocator for 1997-2013 Harley-Davidson Motorcycles, Chrome , black","C","data/esci1500_thumbs/img/B00514B03Q.jpg"
1677385,85500,"ram","B00L32LOUE","Tyger Auto T3 Soft Tri-Fold Truck Bed Tonneau Cover Compatible with 2002-2018 Dodge Ram 1500; 2003-2022 2500 3500 | 2019-2022 Classic Only | Fleetside 8' Bed (96"") | without RamBox | TG-BC3D1012","C","data/esci1500_thumbs/img/B00L32LOUE.jpg"
1971374,100876,"taylor made golf club sets for men right handed stiff flex","B08FCYHR6D","SIM UDI Iron #2, 18 Degree Loft, Graphite Shaft, Right Hand, Stiff Flex","C","data/esci1500_thumbs/img/B08FCYHR6D.jpg"
1843312,94182,"sklz gold flex golf trainer","B013SLXCTS","EyeLine Golf Speed Trap 1.0 - Build Confidence and Accuracy. Improve Your Swing with Slice and Hook Corrector- Swing Trainer & Path Aid, Size 12 x 18 Inches. 2018 Model. Made in USA","C","data/esci1500_thumbs/img/B013SLXCTS.jpg"
1935861,99094,"summer infant time to go travel potty","B07G4HK1YM","Disposable Potty Chair Liner – Pack of 36 Pottymate Liners with Super Absorbent Pad | Universal Toilet Seats Bags for Toddlers | Premium Liners That Fits All Potties – by Cleanis","C","data/esci1500_thumbs/img/B07G4HK1YM.jpg"
1696145,86469,"red sea diy aquarium net cover","B07B7VPSFL","Red Sea 42085 Zig Zag, 15/40 mm,Black","C","data/esci1500_thumbs/img/B07B7VPSFL.jpg"
1722018,87799,"rinsing tub","B000HBCF8C","Elkay LKWRB1418SS Stainless Steel Rinsing Basket","C","data/esci1500_thumbs/img/B000HBCF8C.jpg"
1777175,90712,"sav a stud","B000ETUD22","Lisle 22800 Wheel Stud Installer","C","data/esci1500_thumbs/img/B000ETUD22.jpg"
1717461,87583,"richest man in babylon","B085HLCN3G","Journal: The Richest Man in Babylon (George S. Clason)","C","data/esci1500_thumbs/img/B085HLCN3G.jpg"
1822138,93072,"shure sm7b","B000EELCJK","Shure A7WS Gray Large Close-Talk Windscreen for SM7 Models","C","data/esci1500_thumbs/img/B000EELCJK.jpg"
1665437,84868,"qualcraft pump jack","B000LNWVB2","Qualcraft 2573 Strip Fast Shingle Remover Replacement Blade","C","data/esci1500_thumbs/img/B000LNWVB2.jpg"
1640591,83600,"profoto d1","B00C1E1AXO","Profoto 330212 D1 Studio Kit Replacement Case (Black)","C","data/esci1500_thumbs/img/B00C1E1AXO.jpg"
1678867,85572,"ranger winch","B010AWNPPO","Extreme Max 5600.3148 ATV Winch Mount for Mid-Size Polaris Ranger UTVs","C","data/esci1500_thumbs/img/B010AWNPPO.jpg"
1958861,100259,"tabletop english bulldog christmas tree","B0799RBKVL","Department 56 Gary Patterson Bulldog in Lights Christmas Hanging Ornament, 2.75"", Multicolor","C","data/esci1500_thumbs/img/B0799RBKVL.jpg"
1642598,83707,"propress tool","B002JAUDG0","Ridgid 76672 1-1/2-Inch Standard Jaw for ProPress","C","data/esci1500_thumbs/img/B002JAUDG0.jpg"
1692793,86282,"red black striped leggings","B07D9NRBMK","adidas Men's Standard Tiro 19 Pants, Black/Reflective Gold, Medium","C","data/esci1500_thumbs/img/B07D9NRBMK.jpg"
1897371,97031,"sports nursery","B07PV1VSL8","Sports Swaddle Blanket with Basketball, Football, Soccer Ball and Tennis Ball Designed Muslin Swaddle Blankets (Play Ball)","C","data/esci1500_thumbs/img/B07PV1VSL8.jpg"
1716045,87507,"rheem concentric vent kit","B008B2ZGDU","Rheem RTG20151R 3-Inch-5-Inch Concentric 12-Inch Vent Length","C","data/esci1500_thumbs/img/B008B2ZGDU.jpg"
1897889,97060,"spotify player portable","B082PMB7BQ","Sony Walkman NW-A105 Hi-Res 16GB MP3 Player, Black","C","data/esci1500_thumbs/img/B082PMB7BQ.jpg"
1830040,93480,"silver bathroom accessories set","B004GXAIHW","Popular Bath Bath Towels, Sinatra Collection, 3-Piece Set, Silver","C","data/esci1500_thumbs/img/B004GXAIHW.jpg"
1677387,85500,"ram","B013USWWK4","Gator Covers ETX Soft Roll Up Truck Bed Tonneau Cover | 53204 | Fits 2009 - 2018, 2019/20 Classic Dodge Ram 1500 5' 7"" Bed (67.4'')","C","data/esci1500_thumbs/img/B013USWWK4.jpg"
1647832,83981,"ps4+hard+drive 2 tb","B00LEH3LT0","Silicon Power 2 TB External Portable Hard Drive Rugged Armor A60 Shockproof Water-Resistant 2.5-Inch USB 3.0, Military Grade MIL-STD-810G & IPX4, for PC/Mac/Xbox One/Xbox 360/PS4/PS4 Pro/PS4 Black","C","data/esci1500_thumbs/img/B00LEH3LT0.jpg"
1930306,98826,"subway tot","0375858598","Subway Story","C","data/esci1500_thumbs/img/0375858598.jpg"
1962038,100412,"tailgate","B00EZZZ056","College Covers Kentucky Wildcats Tailgate Fitted Tablecloth, 72"" x 30"", 6 ft Table","C","data/esci1500_thumbs/img/B00EZZZ056.jpg"
1922104,98373,"stove gas oven","B006ZZU55Y","ERP IG9998 Universal Gas Range Oven Igniter","C","data/esci1500_thumbs/img/B006ZZU55Y.jpg"
1751364,89314,"rv kitchen sink narrow drain plastic","B014R5PG16","Camco Durable RV and Marine Sink Mat with Drain Holes - Compact Size Designed for RV, Camper, Trailer and Boat Sinks | Measures 10"" x 11 ¾ "" - Black (43721)","C","data/esci1500_thumbs/img/B014R5PG16.jpg"
1876253,95905,"soldadora mig","B07C5V3DHM","Lincoln Electric Magnum PRO 100SG Spool Gun - for Aluminum MIG Welding - 8 Pin, 10 FT Cable - K4360-1","C","data/esci1500_thumbs/img/B07C5V3DHM.jpg"
1750893,89289,"ruzell aftershave","B07BGX51CP","Reuzel Fiber Gel, 100mL (3.3oz)","C","data/esci1500_thumbs/img/B07BGX51CP.jpg"
1763298,89936,"samsung 55 q8f","B079V39B18","Samsung HW-MS550 2.0 Channel Wireless Bluetooth Premium Sound+ Soundbar","C","data/esci1500_thumbs/img/B079V39B18.jpg"
1744580,88962,"rubber stamp cleaning pad","B0044MV4D2","Tsukineko 8-Ounce Refill StazOn All-Purpose Stamp Cleaner, Lightly Lemon Scented","C","data/esci1500_thumbs/img/B0044MV4D2.jpg"
1900607,97201,"square metal tables for restaurants blue","B07GNTCJVT","Pioneer Square Haley 24-Inch Backless Square-Seated Counter-Height Metal Stool, Set of 4, Candy Red","C","data/esci1500_thumbs/img/B07GNTCJVT.jpg"
1940519,99341,"super red riding hood","B07Q5V9BMD","Forum Women's Red Riding Hood Costume, As Shown, Plus Size","C","data/esci1500_thumbs/img/B07Q5V9BMD.jpg"
1686233,85951,"readylift tundra","B00IOYV5US","Readylift 67-5008 Sway Bar Drop Bracket","C","data/esci1500_thumbs/img/B00IOYV5US.jpg"
1719672,87681,"rikon bandsaw","B003GXFZ6M","Rikon 13-920 Miter Gauge Compatible with Rikon 10-305 10-inch Bandsaw","C","data/esci1500_thumbs/img/B003GXFZ6M.jpg"
1897374,97031,"sports nursery","B07H5W6B5K","Amazon Basics Decorative 5/8"" Curtain Rod with Baseball Finials, 28""-48""","C","data/esci1500_thumbs/img/B07H5W6B5K.jpg"
1798465,91849,"serum face vitamin e","B00021KD2C","DERMA-E Anti-Wrinkle Renewal Skin Cream, 4 Oz","C","data/esci1500_thumbs/img/B00021KD2C.jpg"
1848442,94463,"sling backpack purse for women kavu","B078T16ZST","KAVU Powerbox Semi Hard Phone Charger Cable Case - Blue Tarp","C","data/esci1500_thumbs/img/B078T16ZST.jpg"
1927345,98667,"student handbook including science for fun","1118063333","Operating System Concepts","C","data/esci1500_thumbs/img/1118063333.jpg"
1921434,98336,"storage patio plastico","B075DPKKVV","CRESNEL Furniture Cover Plastic Bag for Moving Protection and Long Term Storage (Chair_2Packs)","C","data/esci1500_thumbs/img/B075DPKKVV.jpg"
1844385,94244,"skype desk phone","B00BKD738I","Jabra Speak 510+ UC Wireless Bluetooth/USB Speaker for Softphone and Mobile Phone","C","data/esci1500_thumbs/img/B00BKD738I.jpg"
1665095,84853,"qsc speakers","B07MVS6966","Fender Compact Speaker Stands with Bag","C","data/esci1500_thumbs/img/B07MVS6966.jpg"
2161041,110745,"wet swiffer mops for floor cleaning","B00171K6AU","Swiffer Sweeper Wet Mopping Pad Refills for Floor Mop with Febreze Lavender Scent, 12 Count (Packaging May Vary)","C","data/esci1500_thumbs/img/B00171K6AU.jpg"
1744584,88962,"rubber stamp cleaning pad","B0013JPE0S","Ranger WCS01690 Inkssentials Water-Based Stamp Cleaner 4-Ounce","C","data/esci1500_thumbs/img/B0013JPE0S.jpg"
1751358,89314,"rv kitchen sink narrow drain plastic","B07SML3B1S","Camco Replacement RV Kitchen Sink Drain and Strainer Basket - Prevents Clogs in Your RV's Kitchen or bar Sink - Compatible with 2-1/2"" Drain Openings (42277)","C","data/esci1500_thumbs/img/B07SML3B1S.jpg"
1642333,83692,"propane tank 2 small","B07W64SGBK","DOZYANT Y-G-03 Tank Y Splitter Adapter with Propane, Color","C","data/esci1500_thumbs/img/B07W64SGBK.jpg"
1874361,95816,"sojag gazebos","B07P79RDPV","Sojag Accessories 12' x 14' Universal Winter Cover for Outdoor Sun Shelters and Gazebos, Brown","C","data/esci1500_thumbs/img/B07P79RDPV.jpg"
1714691,87442,"revlon tools eye","B07L535NNR","REVLON Face Defuzzers Hair Removal Tool, Multipurpose Facial Razor (Pack of 2)","C","data/esci1500_thumbs/img/B07L535NNR.jpg"
1952537,99964,"sword fighting longsword","1937439232","Fighting with the German Longsword","C","data/esci1500_thumbs/img/1937439232.jpg"
1879205,96058,"sonos play 1","B07LGVXZ73","Pair of Sonos Stands for One and Play:1 (White) (SS1FSWW1)","C","data/esci1500_thumbs/img/B07LGVXZ73.jpg"
1858943,95030,"smart plug without voice control","B07J5B2ZR8","Etekcity ESW15 WiFi Energy Monitoring Smart Plug, Works with Alexa and Google Home, Compact Size, 15 Amp, White, 2 Pack","C","data/esci1500_thumbs/img/B07J5B2ZR8.jpg"
1776721,90691,"saucony womens running shoes","B00JM8MVFS","Saucony Men's 3 Pairs Classic Runner No Show Tab, White, Shoe Size: 8-12 (Sock Size: 10-13)","C","data/esci1500_thumbs/img/B00JM8MVFS.jpg"
1733677,88401,"roof de icing cable","B000BMABZG","Easy Heat RS-2 Automatic Roof De-Icing Cable Control","C","data/esci1500_thumbs/img/B000BMABZG.jpg"
1888111,96529,"sparkletts water","B07TTGTW99","5-Tier Water Cooler Jug Rack 5 Gallon Water Bottle Holder Detachable Heavy-Duty Dispenser Organizer for Home Kitchen Office Save Spacer","C","data/esci1500_thumbs/img/B07TTGTW99.jpg"
1834971,93742,"single rail table saw","B00LVQ4MWO","Shop Fox W1716 Aluma-Classic Fence with Standard Rails, 57-Inch","C","data/esci1500_thumbs/img/B00LVQ4MWO.jpg"
1899042,97114,"spring powered sig p226","B000MX3SOK","Hogue 26010 SIG Sauer P226 Rubber Grip Panels","C","data/esci1500_thumbs/img/B000MX3SOK.jpg"
1716398,87525,"rhino gps walkie talkie","B0721B8M3J","goTenna Mesh | Two Off-Grid SMS & GPS Devices that pair with any phone | Chat, Send Texts & Location Information Without Cell Service or Wi-Fi | 24-Hour Battery | Works with Android & iOS | Blue/Green","C","data/esci1500_thumbs/img/B0721B8M3J.jpg"
1982688,101439,"tempur contour supreme","B07Q8VZ6TX","Leesa Luxury Hybrid Reversible Cooling Foam/Quilted Pillow for Sleeping, Queen, White","C","data/esci1500_thumbs/img/B07Q8VZ6TX.jpg"
1747125,89093,"ruger gun magazines","B00I81LDKE","Allen Company 375-40 Ruger Flagstaff 10/22 Scoped Soft Carrying Gun Case, 40 inches, Black/Red","C","data/esci1500_thumbs/img/B00I81LDKE.jpg"
1927335,98667,"student handbook including science for fun","1784271357","Ponds and Small Lakes: Microorganisms and Freshwater Ecology (Naturalists' Handbooks)","C","data/esci1500_thumbs/img/1784271357.jpg"
1640594,83600,"profoto d1","B00462RG82","Profoto 331523 D1 500/1000 Flashtube (Black)","C","data/esci1500_thumbs/img/B00462RG82.jpg"
1686220,85951,"readylift tundra","B07QCHHWTC","Readylift 67-5443 TRD Pro Skid Plate Adapter Kit","C","data/esci1500_thumbs/img/B07QCHHWTC.jpg"
1714702,87442,"revlon tools eye","B000H3CP4E","Revlon Magnifeye 10x Tweezing Mirror","C","data/esci1500_thumbs/img/B000H3CP4E.jpg"
1919677,98237,"stokke tripp trapp cushion","B0089Y91HM","Stokke Tray, White - Designed Exclusively for Tripp Trapp Chair + Tripp Trapp Baby Set - Convenient to Use and Clean - Made with BPA-Free Plastic - Suitable for Toddlers 6-36 Months","C","data/esci1500_thumbs/img/B0089Y91HM.jpg"
1759085,89710,"sailor moon costume women plus size","B00091UK2S","Leg Avenue Women's Satin Bow Accent Thigh Highs, White, Plus-Size 1-Pair","C","data/esci1500_thumbs/img/B00091UK2S.jpg"
1649057,84039,"psycho rangers","B078FMVDHC","Power Rangers Auto Mighty Morphin Tommy Action Figure","C","data/esci1500_thumbs/img/B078FMVDHC.jpg"
1751747,89335,"rv shower surround","B002N5JA2Y","AP Products 013-140 Plastic 1"" Rivets - White, Pack of 25","C","data/esci1500_thumbs/img/B002N5JA2Y.jpg"
1721282,87764,"ring stick up cam","B07W2VL19C","Add-On Mount for Stick Up Cam, White","C","data/esci1500_thumbs/img/B07W2VL19C.jpg"
1665405,84868,"qualcraft pump jack","B0009H5DBA","Qualcraft Ultra Jack Pole Anchor Number 2008","C","data/esci1500_thumbs/img/B0009H5DBA.jpg"
1935869,99094,"summer infant time to go travel potty","B00E4USQ94","Summer Keep Me Clean Disposable Potty Protectors Travel Pack, 20-Count","C","data/esci1500_thumbs/img/B00E4USQ94.jpg"
1731742,88302,"rollerblades with no brakes","B006LY4K7S","Slipstick CB680 50mm (2 Inch) Floor Protecting Rubber Office Chair Caster Wheels (Set of 5) Standard Stem Size - Black/Gray","C","data/esci1500_thumbs/img/B006LY4K7S.jpg"
1643975,83784,"protein crisp by bsn","B01DY8NO7K","BSN SYNTHA-6 Edge Protein Powder, with Hydrolyzed Whey, Micellar Casein, Milk Protein Isolate, Low Sugar, 24g Protein, Vanilla Milkshake, 48 Servings","C","data/esci1500_thumbs/img/B01DY8NO7K.jpg"
2035887,104266,"torium 16","B0084EE9N8","Shimano RSC1C Reel Seat Clamp, OS","C","data/esci1500_thumbs/img/B0084EE9N8.jpg"
1901398,97244,"squire strat","B004SCZ344","Squier by Fender Affinity Series Tremolo Arm ('05-Present) Electric Guitar Part","C","data/esci1500_thumbs/img/B004SCZ344.jpg"
2240505,114957,"yeti cups","B01N52GRG5","YETI Rambler Magslider Lid for The Tumbler, 30 oz, Fits Mug, clear","C","data/esci1500_thumbs/img/B01N52GRG5.jpg"
1777757,90747,"sawyer water bottle","B00EURFBKI","Sawyer Products SP115 Fast Fill Adapters for Hydration Packs Blue/White ,One Size","C","data/esci1500_thumbs/img/B00EURFBKI.jpg"
1982705,101439,"tempur contour supreme","B07V4GB1XB","Tempur-Pedic TEMPUR-Breeze Cooling Neck Memory Foam Medium Firm Pillow, White","C","data/esci1500_thumbs/img/B07V4GB1XB.jpg"
2140360,109640,"wallpaper scorer","B06X6HM2GG","Wagner Spraytech 0282036 715 Power Steamer, Chemical Free Wallpaper Remover, Two Steam Plates Included, Long Run Time, Lightweight Design, Wallpaper Steamer","C","data/esci1500_thumbs/img/B06X6HM2GG.jpg"
2035063,104227,"toppik colored hair thickener dark brown","B00I06DHCO","Toppik Hair Perfecting Toolkit","C","data/esci1500_thumbs/img/B00I06DHCO.jpg"
1831025,93541,"silver nitrate sticks for wounds","B075GL1TCC","Curad Germ Shield Antimicrobial Silver Wound Gel, for topical cuts, wounds, diabetic sores, MRSA, Bacteria, Fungus, Yeast, Clear, 0.5 Ounce","C","data/esci1500_thumbs/img/B075GL1TCC.jpg"
1703705,86866,"reloj armany hombre","B01N9BACJG","Tommy Hilfiger Men's Cool Sport Stainless Steel Quartz Watch with Stainless-Steel Strap, Silver, 21 (Model: 1791348)","C","data/esci1500_thumbs/img/B01N9BACJG.jpg"
1681895,85732,"raw milk","0979209528","Untold Story of Milk: The History, Politics and Science of Nature's Perfect Food: Raw Milk from Pasture-Fed Cows","C","data/esci1500_thumbs/img/0979209528.jpg"
1919089,98207,"stm32 microcontroller","0997925949","STM32 Arm Programming for Embedded Systems (Mazidi & Naimi ARM)","C","data/esci1500_thumbs/img/0997925949.jpg"
1665411,84868,"qualcraft pump jack","B0014E9DTK","Qualcraft 3024 All Pro Aluminum/Rubber Pole, 24-Foot","C","data/esci1500_thumbs/img/B0014E9DTK.jpg"
1900387,97187,"square d homeline panel","B00CONPJJI","Square D by Schneider Electric QOM2225VH 225-Amp QOM2 Frame Size Main Circuit Breaker for QO and Homeline Load Centers,Black","C","data/esci1500_thumbs/img/B00CONPJJI.jpg"
1675829,85410,"rainbow crocs","B0792WZLM3","Crocs Jibbitz Rainbow Shoe Charms | Jibbitz for Crocs, Rainbow Peace Sign, Small","C","data/esci1500_thumbs/img/B0792WZLM3.jpg"
2224888,114166,"wyze sense","B07XZT24B8","Wyze Plug, 2.4GHz WiFi Smart Plug, Works with Alexa, Google Assistant, IFTTT, No Hub Required, Two-Pack, White","C","data/esci1500_thumbs/img/B07XZT24B8.jpg"
1787913,91293,"sea life camera","B00WDSEN5U","Sea Dragon 2500F","C","data/esci1500_thumbs/img/B00WDSEN5U.jpg"
1862270,95205,"smoker with pellets","B00CGWQUOA","Louisiana Grills 55403 New England Apple Pellets, 40-Pound ( Packaging may Vary )","C","data/esci1500_thumbs/img/B00CGWQUOA.jpg"
1889706,96620,"spectracide backpack sprayer","B007TUW4HQ","Spectracide Weed & Grass Killer2, Ready-to-Use, 1-Gallon","C","data/esci1500_thumbs/img/B007TUW4HQ.jpg"
1870129,95611,"sock donner","B001AFEPXW","Carex Sock Device","C","data/esci1500_thumbs/img/B001AFEPXW.jpg"
1783674,91065,"scotch industrial tape","B004XOK1SU","Scotch H122 Industrial Packing Tape Dispenser with Built-In Brake for 2"" Tape – Lightweight and Compact for Commercial Packaging, Shipping, Moving, Carton and Box Sealing, Gray","C","data/esci1500_thumbs/img/B004XOK1SU.jpg"
1810567,92461,"shekusu","B07D6BQCFN","Anime T-Shirt Shirt","I","data/esci1500_thumbs/img/B07D6BQCFN.jpg"
1653289,84246,"puma rxs men toys","B07P4QWNDC","PUMA Women's RS-X Sneaker, fair Aqua-Glacier Gray, 6 M US","I","data/esci1500_thumbs/img/B07P4QWNDC.jpg"
1942286,99438,"supreme","B071LF81LS","adidas Men's Adilette Shower Slides Scarlet/Core White/Scarlet 12","I","data/esci1500_thumbs/img/B071LF81LS.jpg"
2129866,109094,"voip","B007D930YO","Obihai OBi202 2-Port VoIP Phone Adapter with Google Voice and Fax Support for Home and SOHO Phone Service, Black","I","data/esci1500_thumbs/img/B007D930YO.jpg"
1772591,90477,"sanimaid","B01D4CMVJS","Clear Lake Enterprises Steramine Quaternary Sanitizing Tablets (6 Pack of 150 Each), Blue","I","data/esci1500_thumbs/img/B01D4CMVJS.jpg"
1895038,96908,"spline drive lug nuts 1/2"" thread","B000BZJVFY","MOOG 515036 Wheel Bearing and Hub Assembly","I","data/esci1500_thumbs/img/B000BZJVFY.jpg"
1832642,93620,"simms flyweight wet wading shoe","B07FD43S8Y","Merrell Men's Hydro MOC Water Shoe, Black, 10","I","data/esci1500_thumbs/img/B07FD43S8Y.jpg"
1895611,96940,"sponge bob games controller","B0024IAEES","TV Games - SpongeBob Motion Video Game","I","data/esci1500_thumbs/img/B0024IAEES.jpg"
1926836,98643,"structures or why things don't fall down","1556524196","Engineering the City: How Infrastructure Works, Projects and Principles for Beginners","I","data/esci1500_thumbs/img/1556524196.jpg"
1707258,87047,"remove black armpits","B07TVMN6GR","Pacifica Beauty, Coconut and Charcoal Underarm Detox Scrub, For Natural Deodorant Users, Aluminum Free, Safe for Sensitive Skin, 100% Vegan and Cruelty Free + Clean Beauty","I","data/esci1500_thumbs/img/B07TVMN6GR.jpg"
1709373,87161,"reptivite without d3","B001B5E7JS","Exo Terra Multi Vitamin Powder Supplement for Reptiles and Amphibians, 2.5 Oz., PT 1861","I","data/esci1500_thumbs/img/B001B5E7JS.jpg"
1789282,91364,"season 1 fargo","B074F5Q9XF","Fargo: Season 3","I","data/esci1500_thumbs/img/B074F5Q9XF.jpg"
1830573,93514,"silver dress women","B0128FVMDS","Naturalizer Women's Taimi Dress Sandal, Silver Glitter, 9 Wide","I","data/esci1500_thumbs/img/B0128FVMDS.jpg"
1729315,88177,"rog chariot","B08T6BHQC8","ROG Maximus XIII Hero (WiFi 6E) Z590 LGA 1200(Intel11th/10th Gen) ATX Gaming Motherboard (PCIe 4.0, 14+2 Power Stages, DDR4 5333+, Dual 2.5Gb LAN,Thunderbolt 4 onboard, 4X M.2/NVMe SSD, Aura RGB)","I","data/esci1500_thumbs/img/B08T6BHQC8.jpg"
1904527,97398,"staging artwork","1302907786","Luke Cage Vol. 1: Sins of the Father","I","data/esci1500_thumbs/img/1302907786.jpg"
1919810,98245,"stomvi mute","B00CM2NI4O","Protec Pro Tec M404 Trumpet Multiple Mute Bag with Modular Walls,Black","I","data/esci1500_thumbs/img/B00CM2NI4O.jpg"
1719181,87657,"right air pos","B0002S9KGK","Calculated Industries 43430 Qualifier Plus IIIfx Desktop PRO Real Estate Mortgage Finance Calculator | Clearly-Labeled Keys | Buyer Pre-Qualifying | Payments, Amortizations, ARMs, Combos, FHA/VA, More","I","data/esci1500_thumbs/img/B0002S9KGK.jpg"
1953990,100026,"t ball pants toddler","B00F3LLTEC","CHAMPRO Value Youth Pull-Up Baseball Pant, Youth X-Small, White","I","data/esci1500_thumbs/img/B00F3LLTEC.jpg"
1760771,89800,"salmon without rivers","B06VS8Q8YK","StarKist Wild Pink Salmon, Skinless, Boneless, 5 Oz, Pack of 12","I","data/esci1500_thumbs/img/B06VS8Q8YK.jpg"
1853320,94723,"small fish figurines","B076TFPW3C","Wild Republic Ocean Babies Figurines Tube, Octopus, Shark, Dolphin, Sea Turtle, Sea Horse, Hammerhead, Clown Fish, EEL, Whale, Star Fish, Jelly Fish","I","data/esci1500_thumbs/img/B076TFPW3C.jpg"
1779363,90829,"scarf pad","B018LU2MXS","Playtex Women's 18 Hour Ultimate Lift & Support Wireless Bra US4745","I","data/esci1500_thumbs/img/B018LU2MXS.jpg"
1955190,100086,"t2 power rack","B07B4Y3WH4","Fitness Reality 2816 Steel J-Hooks, Set of 2, Fits 2"" x 2"" Steel Power Cages","I","data/esci1500_thumbs/img/B07B4Y3WH4.jpg"
1955629,100103,"ta-nehisi coates","1302914413","Captain America by Ta-Nehisi Coates Vol. 3: The Legend of Steve (Captain America by Ta-Nehisi Coates, 3)","I","data/esci1500_thumbs/img/1302914413.jpg"
1673974,85311,"rae dunn not today satan mug","B01E4LBX3I","Willcallyou I Would Agree With You But Then We Would Both Be Wrong ,Funny Coffee Mug , 11 Ounces","I","data/esci1500_thumbs/img/B01E4LBX3I.jpg"
1970159,100819,"taste of oregon","1682684210","Little Local Portland Cookbook","I","data/esci1500_thumbs/img/1682684210.jpg"
1869169,95557,"soar above, and love without hurt,","B00R3APBUE","Quality Park Pen-Style Envelope Moistener, 10 mL, Pack of 4","I","data/esci1500_thumbs/img/B00R3APBUE.jpg"
1729759,88200,"roger schulz","B08B6FQ1RH","Maria, der Ägypterin Liebes- und Bußfahrten (Kleine Dornbrunnen Bibliothek 5) (German Edition)","I","data/esci1500_thumbs/img/B08B6FQ1RH.jpg"
1773657,90533,"sanuk sandals","B002TOJ5KQ","Sanuk Chiba Tan 9","I","data/esci1500_thumbs/img/B002TOJ5KQ.jpg"
1848520,94468,"sling blade","B077G1TBR5","True Temper 2942600 Grass Whip with Double-Edged Serrated Steel Blade with 22 in. Hardwood Handle, Black","I","data/esci1500_thumbs/img/B077G1TBR5.jpg"
1801912,92024,"sex which is not one","1609804856","What Makes a Baby","I","data/esci1500_thumbs/img/1609804856.jpg"
1707054,87038,"removable vans stickers","B007I0RI1Y","Fjallraven, Kanken Classic Backpack for Everyday, Black","I","data/esci1500_thumbs/img/B007I0RI1Y.jpg"
1914993,97983,"stephanie bower","1631596802","The Urban Sketching Handbook Working with Color: Techniques for Using Watercolor and Color Media on the Go (Urban Sketching Handbooks, 7)","I","data/esci1500_thumbs/img/1631596802.jpg"
1960258,100323,"tacoma clock spring","B00F0R7FWE","Icon Vehicle Dynamics 1996 - Current Tacoma / 2000 - 2006 Tundra 1.5"" Lift Rear Expansion Pack 51100","I","data/esci1500_thumbs/img/B00F0R7FWE.jpg"
1649622,84069,"puck lights without remote","B08TQH5SBL","Energizer Puck Light, 3 Pack, LED White Puck Light, Battery Powered, Wireless, 40 Lumens, Easy to Install, Under Cabinet, Bedroom, Closet, 47609","I","data/esci1500_thumbs/img/B08TQH5SBL.jpg"
1752528,89378,"rx7 brake caliper","B000CI8DZO","Cardone 19-B571 Remanufactured Unloaded Disc Brake Caliper with Bracket","I","data/esci1500_thumbs/img/B000CI8DZO.jpg"
2099496,107581,"uv retainer case","B0018FNUXU","Sonic Denture Cleaner - Jewelry Cleaner Machine for Ring , Necklace, Coins - Ultrasonic Retainer Cleaner Machine - Battery Operated Denture Cleaner for Professional or Personal Use - Jewerly Cleaners","I","data/esci1500_thumbs/img/B0018FNUXU.jpg"
1700568,86707,"refund without return","B071GB55KV","Skechers womens Go Joy Walking Shoe, Taupe, 9.5 Wide US","I","data/esci1500_thumbs/img/B071GB55KV.jpg"
1840975,94058,"ski helmet cover","B0049XHPA2","Beardski Prospector Ski Mask, Prospector","I","data/esci1500_thumbs/img/B0049XHPA2.jpg"
1713955,87402,"revell modeller glue","B07QCQW5NZ","Revell 1957 Chevy Bel Air SnapTite Model Kit","I","data/esci1500_thumbs/img/B07QCQW5NZ.jpg"
1812260,92555,"shilajit honey","B07T81ZR7F","Pure Himalayan Shilajit, Shangrila Manuka Shilajit Honey (15mL, Pack of 1)","I","data/esci1500_thumbs/img/B07T81ZR7F.jpg"
1788018,91299,"sea salt ice cream","B004D03WCG","Stonewall Kitchen Dark Chocolate Sea Salt Caramel Sauce, 12.5 Ounces","I","data/esci1500_thumbs/img/B004D03WCG.jpg"
1722905,87843,"ritual without religion","1543676308","Life Without Lack: Living in the Fullness of Psalm 23","I","data/esci1500_thumbs/img/1543676308.jpg"
1800170,91934,"seven oceans food","1484605241","Ocean Food Chains (Food Chains and Webs)","I","data/esci1500_thumbs/img/1484605241.jpg"
1798726,91862,"service chain managament","0133453863","Definitive Guide to Order Fulfillment and Customer Service, The: Principles and Strategies for Planning, Organizing, and Managing Fulfillment and ... of Supply Chain Management Professionals)","I","data/esci1500_thumbs/img/0133453863.jpg"
1733353,88386,"ron kipp","1401949568","Claim Your Power: A 40-Day Journey to Dissolve the Hidden Trauma That's Kept You Stuck and Finally Thrive in Your Life's Unique Purpose","I","data/esci1500_thumbs/img/1401949568.jpg"
1658383,84507,"purina one puppy dog food","B001BDEI6W","Purina ONE Smartblend Natural Chicken & Rice Formula Adult Dry Dog Food - 4 Lb, 6 Pack","I","data/esci1500_thumbs/img/B001BDEI6W.jpg"
1761452,89833,"salt ebt eligible","B005D8T1BS","McCormick Culinary Bayou Cajun Seasoning, 21 oz","I","data/esci1500_thumbs/img/B005D8T1BS.jpg"
1889523,96610,"speck s8 blue","B06X9CDCK1","Speck Products Presidio Clear + Glitter Cell Phone Case for Samsung Galaxy S8 Plus - Rose Pink With Gold Glitter","I","data/esci1500_thumbs/img/B06X9CDCK1.jpg"
1965399,100589,"tang boys","1338157825","Front Desk (Scholastic Gold)","I","data/esci1500_thumbs/img/1338157825.jpg"
1700479,86702,"refrigerator without water dispenser","B07Z12MWNY","Homecraft Black Stainless Steel Easy-Dispensing Tap Mini Kegerator Cooling System, Includes Reusable Growler, CO2 Cartridges, Removable Drip Tray & Cleaning Kit, Beer Fresh For 30 Days, 5-liter","I","data/esci1500_thumbs/img/B07Z12MWNY.jpg"
1977846,101205,"teen devotional bible for girls","1087719895","No More Excuses - Teen Devotional: A 90-Day Devotional for Teen Guys","I","data/esci1500_thumbs/img/1087719895.jpg"
1760807,89800,"salmon without rivers","B00DM4PEFW","Alaska Smokehouse Smoked Salmon Fillet, 8 Ounce Gift Box","I","data/esci1500_thumbs/img/B00DM4PEFW.jpg"
1903520,97341,"st patricks day lingerie","B078L2QNXB","Leg Avenue Women's Ribbed Athletic Thigh High Socks, White/Green, One Size","I","data/esci1500_thumbs/img/B078L2QNXB.jpg"
1797799,91814,"sergio marchionne","B0852462V7","FOREX TRADING PER PRINCIPIANTI: Strategie Operative Per Guadagnare Nel Forex Trading. Libro Per Principianti Su Come Fare Soldi Online. Investire Nel Mercato ... Con i Robot Expert Advisor (Italian Edition)","I","data/esci1500_thumbs/img/B0852462V7.jpg"
1751206,89307,"rv doughnut","B07ZPJN2N9","Camco 21012 RhinoEXTREME 20ft RV Sewer Hose Kit | Includes Swivel Fitting and Translucent Elbow with 4-in-1 Dump Station Fitting | Storage Caps Included","I","data/esci1500_thumbs/img/B07ZPJN2N9.jpg"
1957411,100188,"table tennis without table","B0169YYFTW","Butterfly Junior Stationary Ping Pong Table - 3/4 Size Table - Space Saver Game Table - Regulation Height - Sturdy Frame - Ships Assembled with Net","I","data/esci1500_thumbs/img/B0169YYFTW.jpg"
1888308,96537,"sparkly converse women","B07LBS2QNT","Converse Girl's Chuck Taylor All Star Galaxy Glimmer Sneaker, Silver/Ozone Blue/White, 2.5 M US Little Kid","I","data/esci1500_thumbs/img/B07LBS2QNT.jpg"
1740094,88725,"round cardboard columns for display","B00H5OXAXI","Flash Furniture 2-Foot Round Granite White Plastic Folding Table","I","data/esci1500_thumbs/img/B00H5OXAXI.jpg"
1655615,84368,"puppy halloween costumes for girls","B01BTYRCEW","Max Deluxe The Secret Life of Pets Universal Costume, Small/4-6","I","data/esci1500_thumbs/img/B01BTYRCEW.jpg"
1779927,90862,"scentair scentwave","B08VCF6QZ1","NEST New York Wild Mint & Eucalyptus Reed Diffuser","I","data/esci1500_thumbs/img/B08VCF6QZ1.jpg"
1964922,100565,"tan girls jazz shoes","B00AMPY6QM","Bloch Women's Pulse, Tan, 7","I","data/esci1500_thumbs/img/B00AMPY6QM.jpg"
1965046,100572,"tan sandals baby girl","B07M5C6MSY","MARC JOSEPH NEW YORK Baby Boys/Girls Leather Made in Brazil Criss Cross Sandal Loafer, Tan/Pink Glitter, 4 M US Little Kid","I","data/esci1500_thumbs/img/B07M5C6MSY.jpg"
1644368,83802,"protein shakes without sugar","B00UMRF7S6","Gatorade Recover Protein Shake, Chocolate, 20g Protein, 11.6 fl oz Plastic Bottle, Pack of 12","I","data/esci1500_thumbs/img/B00UMRF7S6.jpg"
1864629,95320,"sneaker charger","B07MPZMNKG","Kate Spade New York Smartwatch Accessory - Scallop 2 and Scallop Sport Touchscreen Smartwatch Rapid Charger (Model: KST9001)","I","data/esci1500_thumbs/img/B07MPZMNKG.jpg"
1722902,87843,"ritual without religion","1590300289","The Collected Works of Chögyam Trungpa, Volume 4: Journey Without Goal - The Lion's Roar - The Dawn of Tantra - An Interview with Chogyam Trungpa","I","data/esci1500_thumbs/img/1590300289.jpg"
1760770,89799,"salmon eggs for trout fishing","B003GF8OKY","Gamakatsu 04707 Single Egg Snelled Hooks (10 Pack), Size 6, Gold","I","data/esci1500_thumbs/img/B003GF8OKY.jpg"
2258952,115842,"zoo med repti calcium without d3","B002GC4B6O","Zoo Med Reptivite, with Vitamin D3, 8-Ounce","I","data/esci1500_thumbs/img/B002GC4B6O.jpg"
1808296,92350,"shayla black wicked lovers series","B08QYJJHLS","Blood & Bones: Rook (Blood Fury MC Book 7)","I","data/esci1500_thumbs/img/B08QYJJHLS.jpg"
1878722,96032,"sonicare brush, w","B00EXPSFMS","Philips Sonicare HX6066/70 DiamondClean Standard Brush Heads, 6-Pack","I","data/esci1500_thumbs/img/B00EXPSFMS.jpg"
1652891,84229,"puma bucket bag","B08P2J6VLP","PUMA Women's Evercat Saxon Bucket Cap, Black/Marshmallow, OS","I","data/esci1500_thumbs/img/B08P2J6VLP.jpg"
1711772,87288,"retirement countdown gifts","B07L3V5P2Y","Retirement Class of 2020 T-Shirt Countdown Gift","I","data/esci1500_thumbs/img/B07L3V5P2Y.jpg"
1734264,88427,"room decor for dolls","B07J9LZQ8F","Idea Nuova LOL Surprise Pop Up Hamper, Pink with Durable Carry Handles, 21"" H x 13.5"" W X 13.5"" L","I","data/esci1500_thumbs/img/B07J9LZQ8F.jpg"
1740098,88725,"round cardboard columns for display","B0026SVUFI","EMSCO Group Greek Column Statue – Natural Granite Appearance – Made of Resin – Lightweight – 32” Height","I","data/esci1500_thumbs/img/B0026SVUFI.jpg"
1728873,88158,"rodger in concert dvd","B001NP8PQW","The Cure: Trilogy - Live In Berlin [Blu-ray]","I","data/esci1500_thumbs/img/B001NP8PQW.jpg"
1906049,97489,"stan fan","B008MZZCZI","With Great Power: The Stan Lee Story","I","data/esci1500_thumbs/img/B008MZZCZI.jpg"
1955786,100111,"tab trailer accessories","B0012FKF9S","Camco 42733 Fabric Party Light Holders, Black","I","data/esci1500_thumbs/img/B0012FKF9S.jpg"
2215649,113684,"wooden snow shovel handle","B01LXEQ6UM","Snow Joe SJ-SHLV01 Shovelution Strain-Reducing Snow Shovel | 18-Inch | Spring Assisted Handle","I","data/esci1500_thumbs/img/B01LXEQ6UM.jpg"
1725091,87954,"robert iger","B07WG8LRBT","Where the Sidewalk Ends: Poems and Drawings","I","data/esci1500_thumbs/img/B07WG8LRBT.jpg"
1875941,95895,"solaray mega multi mineral without iron","B000Z92C48","Solaray B-Stress Plus Iron and Zinc Supplement | 120 Count","I","data/esci1500_thumbs/img/B000Z92C48.jpg"
1890776,96674,"spenco kids polysorb insoles","B000GCKC6E","Spenco Polysorb Cross Trainer Athletic Cushioning Arch Support Shoe Insoles, Women's 9-10.5/Men's 8-9.5","I","data/esci1500_thumbs/img/B000GCKC6E.jpg"
1822897,93108,"side shaper","B07J4MLXZF","Cimkiz Sauna Vest for Man Neoprene Sweat Vest Weight Lose Sweat (Black&grey, Medium)","I","data/esci1500_thumbs/img/B07J4MLXZF.jpg"
1718222,87618,"ridgid nozzle wand","B07B4KYZRK","Ridgid 59698 286 Soil Pipe Cutter","I","data/esci1500_thumbs/img/B07B4KYZRK.jpg"
1775998,90652,"satin rollers","B07CN8YCV4","Crocs Women's Serena Flips | Sandals, Pool, 9","I","data/esci1500_thumbs/img/B07CN8YCV4.jpg"
1642751,83714,"prosperity without growth","1593995520","GIS Fundamentals: A First Text on Geographic Information Systems, Sixth Edition","I","data/esci1500_thumbs/img/1593995520.jpg"
1914990,97983,"stephanie bower","1631599291","The Urban Sketching Handbook Techniques for Beginners: How to Build a Practice for Sketching on Location (Urban Sketching Handbooks, 11)","I","data/esci1500_thumbs/img/1631599291.jpg"
1729314,88177,"rog chariot","B08T6C7892","ROG Strix Z590-A Gaming WiFi 6 LGA 1200(Intel 11th/10thGen) ATX White Scheme Gaming Motherboard (PCIe 4.0, 14+2 Power Stages, WiFi 6, Intel 2.5 Gb LAN, Thunderbolt 4, 3X M.2/NVMe SSD, Aura RGB)","I","data/esci1500_thumbs/img/B08T6C7892.jpg"
1767400,90179,"samsung galaxy watch new","B010OTFRYU","Samsung Galaxy Tab S2 8.0"" SM-T710NZDEXAR (32GB, Black)","I","data/esci1500_thumbs/img/B010OTFRYU.jpg"
1935331,99065,"sully costume","B07HS3QS1M","Sullys Face Premium Heather Tee Blue","I","data/esci1500_thumbs/img/B07HS3QS1M.jpg"
1942291,99438,"supreme","B078LHFK1D","Champion Men's Classic Jersey Script T-Shirt, White1, Small","I","data/esci1500_thumbs/img/B078LHFK1D.jpg"
1942733,99462,"surf shorts for men","B013TGKVJG","Volcom mens Frickin Modern Stretch Chino Short , Charcoal Heather , 32","I","data/esci1500_thumbs/img/B013TGKVJG.jpg"
2144668,109871,"water and snow resistant boots","B00SJ2EN90","Sperry Women's Saltwater Boots, Tan/Navy, 7.5M","I","data/esci1500_thumbs/img/B00SJ2EN90.jpg"
1688146,86056,"rebecca minkoff jessica dress black","B01B4Q4QNK","Rebecca Minkoff Micro Moto Satchel, Black","I","data/esci1500_thumbs/img/B01B4Q4QNK.jpg"
1900449,97191,"square easy out","B00S1UKU06","Johnson Level & Tool 1904-1200 Johnny Square Professional Easy-Read Aluminum Rafter Square, 12"", Black, 1 Square","I","data/esci1500_thumbs/img/B00S1UKU06.jpg"
1906775,97527,"standalone drawing tablet without computer","B01MQU5LW7","Wacom PTH660 Intuos Pro Digital Graphic Drawing Tablet for Mac or PC, Medium, New Model, Black","I","data/esci1500_thumbs/img/B01MQU5LW7.jpg"
1777174,90712,"sav a stud","B000IYDKYG","Dorman (610-266.1) 'M12-1.50' and 40mm Long Serrated Wheel Stud","I","data/esci1500_thumbs/img/B000IYDKYG.jpg"
1783178,91037,"scooter for kids ages 6-12","B01EN6LSZ2","Razor A Kick Scooter - Clear/Black - FFP","I","data/esci1500_thumbs/img/B01EN6LSZ2.jpg"
1977801,101202,"teen costumes for girls","B00K44DITC","Child Peace & Love Hippie Costume Large (12-14)","I","data/esci1500_thumbs/img/B00K44DITC.jpg"
1934015,99014,"suitcase without wheels","B001BDP956","1510 Carry On Case (without foam)","I","data/esci1500_thumbs/img/B001BDP956.jpg"
1725710,87985,"roblox sweatshirt for girls","B07PWY97YG","Amazon Essentials Boys' Fleece Pullover Hoodie Sweatshirts, White, Large","I","data/esci1500_thumbs/img/B07PWY97YG.jpg"
1930838,98853,"such a fun age kindle","B087JJ2K54","The Lost Apothecary: A Novel","I","data/esci1500_thumbs/img/B087JJ2K54.jpg"
1907803,97581,"stans dart tire plug","B000XSJIMA","Stan's NoTubes Tire Sealant, Liquid Sealant, 32 Ounces (1 Quart)","I","data/esci1500_thumbs/img/B000XSJIMA.jpg"
1745868,89028,"rudin","0300198140","The Golden Ass","I","data/esci1500_thumbs/img/0300198140.jpg"
1798143,91833,"seroma treatment","1071531778","The Lymph: The Body's Purification Plant (Wellness)","I","data/esci1500_thumbs/img/1071531778.jpg"
1960054,100316,"taco puzzle","B01N9R521L","Magnetic Poetry - Taco Poet Kit - Words for Refrigerator - Write Poems and Letters on The Fridge - Made in The USA","I","data/esci1500_thumbs/img/B01N9R521L.jpg"
1953985,100026,"t ball pants toddler","B01128XYLA","EASTON PRO+ KNICKER Baseball Pant, Youth, Small, White","I","data/esci1500_thumbs/img/B01128XYLA.jpg"
1732751,88352,"roman soldier kids book","B00HWG2MSS","Marching With Caesar: Birth of the 10th Legion","I","data/esci1500_thumbs/img/B00HWG2MSS.jpg"
1914991,97983,"stephanie bower","1631598074","The Urban Sketching Handbook Drawing with a Tablet: Easy Techniques for Mastering Digital Drawing on Location (Urban Sketching Handbooks, 9)","I","data/esci1500_thumbs/img/1631598074.jpg"
1719467,87671,"rigid wet saw","B003IEL9O6","Ridgid 31738 Nozzle, Vt1710 1-7/8"" Wet","I","data/esci1500_thumbs/img/B003IEL9O6.jpg"
1707528,87062,"rene girard things hidden since the foundation of the world","B06WWHM6LG","Evolution and Conversion: Dialogues on the Origins of Culture (Bloomsbury Revelations)","I","data/esci1500_thumbs/img/B06WWHM6LG.jpg"
1643849,83780,"protein bar without nuts","B082X86HD5","Quest Nutrition Chocolate Mixed Nuts Snack Bar, High Protein, Low Carb, Gluten Free, Keto Friendly,18.24 oz, 1.52 Ounce (Pack of 12)","I","data/esci1500_thumbs/img/B082X86HD5.jpg"
1789081,91356,"sear burner","B08XTGT9J1","Royal Gourmet GA5401T 5-Burner BBQ Liquid Propane Gas Grill with Sear Burner and Side Burner, Stainless Steel 64,000 BTU Patio Garden Picnic Backyard Barbecue Grill, Silver","I","data/esci1500_thumbs/img/B08XTGT9J1.jpg"
1678724,85563,"range gear","B071KH8D1S","adidas mens Terrex Swift R2 Gore-tex Hiking Black/Black/Black 9","I","data/esci1500_thumbs/img/B071KH8D1S.jpg"
1924702,98523,"street without a name","1534410635","Sky Without Stars (1) (System Divine)","I","data/esci1500_thumbs/img/1534410635.jpg"
1718236,87618,"ridgid nozzle wand","B0029NY9WQ","Ridgid WD1670 16 Gallon Wet/Dry Vacuum with Detachable Blower","I","data/esci1500_thumbs/img/B0029NY9WQ.jpg"
1682769,85777,"raymond weil strap","B075KDJZG5","Raymond Weil Men's Tango Stainless Steel Quartz Watch with Stainless-Steel Strap, Silver, 20 (Model: 8560-ST-00606)","I","data/esci1500_thumbs/img/B075KDJZG5.jpg"
1914995,97983,"stephanie bower","0393733483","Watercolor Sketching: An Introduction","I","data/esci1500_thumbs/img/0393733483.jpg"
1748716,89175,"running shoe laces for men","B07FK62VSM","Saucony Men's Switchback ISO Trail Running Shoe, Black/Grey, 9.5","I","data/esci1500_thumbs/img/B07FK62VSM.jpg"
1949710,99826,"swimming dumbells for kids","B00427NRMA","CanDo Aquatic Swim Bars and Dumbbells for Learning to Swim, Hydrotherapy, Swimming, Water Aerobics, Rehab, Swim Lessons, Pool Fitness","I","data/esci1500_thumbs/img/B00427NRMA.jpg"
1810568,92461,"shekusu","B07CMLLJQ8","Japanese Anime Girl Shirt - Notice Me Senpai","I","data/esci1500_thumbs/img/B07CMLLJQ8.jpg"
1758947,89703,"sail watch","1944824057","Successfully Skipper a Sailboat: Modern Lessons From the Fastest-Growing Global Sailing Education and Certification Program","I","data/esci1500_thumbs/img/1944824057.jpg"
1959144,100272,"tablets on sale prime","B01JQ4RI7S","A Funny Thing Happened on the Way to the White House...I Knocked on the Door and a Brother Answered","I","data/esci1500_thumbs/img/B01JQ4RI7S.jpg"
1792112,91511,"sedona guide book","1456508342","Hiking the Vortexes Color Edition: An easy-to-use guide for finding and understanding Sedona's vortexes","I","data/esci1500_thumbs/img/1456508342.jpg"
1888317,96537,"sparkly converse women","B07BTQ7DVW","Converse Girl's Chuck Taylor All Star Glitter Coated Low Top Sneaker, Cherry red/White/White, 2 M US Little Kid","I","data/esci1500_thumbs/img/B07BTQ7DVW.jpg"
1682765,85777,"raymond weil strap","B078GZLJPC","Raymond Weil Men's Tango 302 Quartz Watch with Stainless-Steel Strap, Silver, 21 (Model: 8560-ST2-20001)","I","data/esci1500_thumbs/img/B078GZLJPC.jpg"
1869741,95588,"soccer shoes for kids nike 8","B018Z1YVDM","Nike Men's Kawa Slide Athletic Sandal, Black/White, 8 D(M) US","I","data/esci1500_thumbs/img/B018Z1YVDM.jpg"
1722766,87836,"rit dye for shoes","B005JQNHPU","Dye Powdered Fabric Dye, White Wash, 1 7/8-Ounce","I","data/esci1500_thumbs/img/B005JQNHPU.jpg"
1750884,89289,"ruzell aftershave","B00VS4HQJU","Reuzel Pink Pomade 1.3 oz","I","data/esci1500_thumbs/img/B00VS4HQJU.jpg"
1835651,93779,"sino poly 12v kit without bms","B08GBKHZ1K","Cleancult Natural Liquid Laundry Detergent Refill, Juniper Sandalwood Scent, 32 Loads, HE Compatible, 32 oz, Eco Friendly & Cruelty Free","I","data/esci1500_thumbs/img/B08GBKHZ1K.jpg"
1842798,94157,"skip hop lunch bag","B00LMV9HMS","Skip Hop Insulated Baby Food Jar, Zoo, Dog","I","data/esci1500_thumbs/img/B00LMV9HMS.jpg"
1721873,87792,"rinnegan contacts","B01F4VN2AO","Speakman RPG38-0379 Set of 4 Emergency Eyewash Stations Aerated Spray Head Assembly for SE-580/582’s (4 Each), Yellow","I","data/esci1500_thumbs/img/B01F4VN2AO.jpg"
2196526,112666,"women sweater","B07RYCN729","Gloria Vanderbilt womens Amanda Classic High Rise Tapered Jean, Frisco, 8 Regular","I","data/esci1500_thumbs/img/B07RYCN729.jpg"
1703637,86861,"reloading brass","B004MCMCYE","Lyman 7777800 Case Prep Multi Tool, Multiple","I","data/esci1500_thumbs/img/B004MCMCYE.jpg"
1646511,83906,"ps4 bike racing games","B06XDSV753","Gravel - PlayStation 4","I","data/esci1500_thumbs/img/B06XDSV753.jpg"
1923156,98434,"stranger things puzzle for kids","B085RVQ4CK","Stranger Things Coloring Book: Over 25 Coloring Pages about Stranger Things Characters, Scene and Monster for Fans","I","data/esci1500_thumbs/img/B085RVQ4CK.jpg"
1741750,88815,"routes not taken","0415933994","The Road Not Taken: A History of Radical Social Work in the United States","I","data/esci1500_thumbs/img/0415933994.jpg"
1642186,83684,"propane hose","B07BLHHP7T","ROADTRIP 285 SU GRILL GREEN","I","data/esci1500_thumbs/img/B07BLHHP7T.jpg"
1731177,88272,"rollator bag","B0016JB454","NOVA Medical Products Extra-Large Carry & Travel Bag for Rollator Walkers & Transport Chairs, Black, 1 Count","I","data/esci1500_thumbs/img/B0016JB454.jpg"
1648985,84035,"psychiatry pocket guide","1790358523","Clinician's Pocket Guide to Psychiatry","I","data/esci1500_thumbs/img/1790358523.jpg"
1912173,97826,"steak cover","B0002MQ0NC","The Ultimate Edge BS6 6-Piece Steak Knife Blade Saver Set","I","data/esci1500_thumbs/img/B0002MQ0NC.jpg"
1722908,87843,"ritual without religion","0801091934","How to Preach without Notes","I","data/esci1500_thumbs/img/0801091934.jpg"
1646501,83906,"ps4 bike racing games","B07CN9CX3R","MXGP Pro - PlayStation 4","I","data/esci1500_thumbs/img/B07CN9CX3R.jpg"
2016922,103303,"tiny bookbags","B01GPEV82I","Disney Umbrella and Slicker Set, Toddler or Little Girl Rainwear Ages 2-7, Minnie Mouse, Medium, Age 4-5","I","data/esci1500_thumbs/img/B01GPEV82I.jpg"
1837435,93876,"size 16 white jeans for girls","B076FGR8QV","DL1961 Girls' Big Lucy Cut Off Short, Wilshire, 16","I","data/esci1500_thumbs/img/B076FGR8QV.jpg"
2235869,114723,"yamaha transacousti","B009NNZOEW","Yamaha THR5 Mini Acoustic Guitar Amplifier with Cubase AI Production Software","I","data/esci1500_thumbs/img/B009NNZOEW.jpg"
1778121,90767,"sazon without msg","B004IM0EO8","Goya Sazonador Total - Complete All Purpose Seasoning, 11 Ounce","I","data/esci1500_thumbs/img/B004IM0EO8.jpg"
1910630,97745,"stares mager tools","B07P8J83WR","Super Thinking: The Big Book of Mental Models","I","data/esci1500_thumbs/img/B07P8J83WR.jpg"
1703636,86861,"reloading brass","B0063GT72W","Frankford Arsenal Perfect Fit Reloading Tray for Convenient 50 Round Brass Storage, #4","I","data/esci1500_thumbs/img/B0063GT72W.jpg"
1761554,89837,"salt gun 7","B00F5ESE7C","in -Nor Lethal Spinning Salt Water Reels Lt100 310 yd","I","data/esci1500_thumbs/img/B00F5ESE7C.jpg"
1707530,87062,"rene girard things hidden since the foundation of the world","1611861098","The One by Whom Scandal Comes (Studies in Violence, Mimesis & Culture)","I","data/esci1500_thumbs/img/1611861098.jpg"
1886976,96474,"spanish books for kids ages 6-8","1913671194","Mermaid Coloring Book: For Kids Ages 4-8 (US Edition) (Silly Bear Coloring Books)","I","data/esci1500_thumbs/img/1913671194.jpg"
1759379,89727,"saints football gloves","B003EL0MGY","Rawlings NFL Signature Series Full Regulation-Size Football, New Orleans Saints","I","data/esci1500_thumbs/img/B003EL0MGY.jpg"
1835909,93793,"sipsnap","B08L6W3W63","Atkins Endulge Treat Strawberry Cheesecake Dessert Bar, 6 Ounce (5 Bars)","I","data/esci1500_thumbs/img/B08L6W3W63.jpg"
1641981,83673,"prop tart smartish","B07FW5BNNX","Smartish iPhone Xs Max Slim Case - Gripmunk [Lightweight + Protective] Thin Cover for Apple iPhone 10S Max (Silk) - Black Tie Affair","I","data/esci1500_thumbs/img/B07FW5BNNX.jpg"
1914015,97930,"steiner p4xi 1-4x24","B00WIY9M6O","Steiner eOptics DBAL-A3 Dual Beam Aiming Laser Advanced General-Purpose Multi-Function Laser Sight with Visible and IR Beams and Infrared LED Illuminator, Green Laser, Desert Sand","I","data/esci1500_thumbs/img/B00WIY9M6O.jpg"
1974969,101053,"teaching without a teaching degree","B09B5TR2TL","Teach English In Japan: Everything You Need To Know About Teaching English To Japanese Students: Teaching English In Japan Programs","I","data/esci1500_thumbs/img/B09B5TR2TL.jpg"
1826514,93309,"silicone sleeve for 32 oz water bottle","B07BSV25G5","Lifefactory 22-Ounce BPA-Free Glass Water Bottle with Classic Cap and Protective Silicone Sleeve, Desert Rose","I","data/esci1500_thumbs/img/B07BSV25G5.jpg"
1651242,84148,"pullover half zip up women","B01LXRYT4Y","Gildan Men's Fleece Quarter-SweatshirtZip Cadet Collar -Sweatshirt Style G18800, Navy, Medium","I","data/esci1500_thumbs/img/B01LXRYT4Y.jpg"
1998329,102302,"the perennial philosophy by aldous huxley","0061729078","The Doors of Perception and Heaven and Hell","I","data/esci1500_thumbs/img/0061729078.jpg"
1814837,92687,"shoe lace red","B005MI8JNK","Timberland Men's Whiteledge Hiker Boot,Wheat,10.5 M US","I","data/esci1500_thumbs/img/B005MI8JNK.jpg"
1670517,85134,"r gps","1250096960","Wayfinding: The Science and Mystery of How Humans Navigate the World","I","data/esci1500_thumbs/img/1250096960.jpg"
1803912,92124,"sexy toystory for man","B086784GHJ","Daddies Taboo Bedtime Explicit Sex Stories for Women Bundle Collection","I","data/esci1500_thumbs/img/B086784GHJ.jpg"
1760761,89799,"salmon eggs for trout fishing","B003GY3612","Lazer Sharp Aberdeen 1X Light Wire Non-Offset, Gold, One Size (L038FH-10)","I","data/esci1500_thumbs/img/B003GY3612.jpg"
1940086,99317,"super jack","B07VZ8L741","Super Sniper: CIA Assassin (Jack Hunter Book 2)","I","data/esci1500_thumbs/img/B07VZ8L741.jpg"
1742161,88835,"roxy long sleeve swimsuit girls","B082JMWZMM","Roxy womens Xy Long Sleeve Rash Guard Shirt, True Black Teal, Small US","I","data/esci1500_thumbs/img/B082JMWZMM.jpg"
1861768,95176,"smithsonian stem","1465475613","STEM Lab (Maker Lab)","I","data/esci1500_thumbs/img/1465475613.jpg"
1642750,83714,"prosperity without growth","1736540912","Stress-Free Prosperity: A Mindful Path to Joy, Abundance and Wealth","I","data/esci1500_thumbs/img/1736540912.jpg"
2243339,115080,"yonex shirt badminton","B007ATJ6Z4","Wilson Hyper Hammer 5.3 Strung Tennis Racket (Black/White, 4 3/8)","I","data/esci1500_thumbs/img/B007ATJ6Z4.jpg"
1953926,100024,"t","B0065QEB3K","Mr & Mrs T Bold & Spicy Bloody Mary Mix, 1.75 L bottles (Pack of 6)","I","data/esci1500_thumbs/img/B0065QEB3K.jpg"
1718231,87618,"ridgid nozzle wand","B011KF4B8U","RIDGID 50323 1200RV Wet Dry Vacuum, 12-Gallon Shop Vacuum with 5.0 Peak HP Motor, Casters, Pro Hose, Drain, Blower Port, Accessory Storage","I","data/esci1500_thumbs/img/B011KF4B8U.jpg"
1960254,100323,"tacoma clock spring","B004OSSCYA","Air Lift 25856 Load Controller Dual Heavy Duty Compressor","I","data/esci1500_thumbs/img/B004OSSCYA.jpg"
1759435,89731,"saints row 3 pc","B074JMQFDY","Resident Evil Revelations Collection - Standard Edition - Nintendo Switch","I","data/esci1500_thumbs/img/B074JMQFDY.jpg"
1787822,91288,"sea container","1539857670","Shipping Container Homes: The Ultimate Guide To Building Shipping Container Homes For Sustainable Living, Including Plans, Tips, Cool Ideas, And More!","I","data/esci1500_thumbs/img/1539857670.jpg"
1728864,88158,"rodger in concert dvd","B008R65XOM","Coal Miner's Daughter / Smokey and the Bandit / The Best Little Whorehouse in Texas / Fried Green Tomatoes Four Feature Films [DVD]","I","data/esci1500_thumbs/img/B008R65XOM.jpg"
1832589,93619,"simmons 8 point 3-9x40","B07SSH3D29","Bushnell 4.5-18x40mm AR Optics, Black_AR741840E","I","data/esci1500_thumbs/img/B07SSH3D29.jpg"
1751634,89328,"rv satellite tailgater","B012ZYB9DU","KING MB500 Window and Truck Cab Mount for Portable Satellite Antennas","I","data/esci1500_thumbs/img/B012ZYB9DU.jpg"
1927225,98661,"studd","B004TIJTXS","The Chocolate Soldier Or, Heroism—The Lost Chord of Christianity","I","data/esci1500_thumbs/img/B004TIJTXS.jpg"
1659701,84580,"purple mad pack","B07KJVSMWT","Saucony Women's Mad River TR Trail Running Shoe, Purple/Peach, 6.5","I","data/esci1500_thumbs/img/B07KJVSMWT.jpg"
1924698,98523,"street without a name","1624140009","Baking By Hand: Make the Best Artisanal Breads and Pastries Better Without a Mixer","I","data/esci1500_thumbs/img/1624140009.jpg"
1797608,91805,"serato control vinyl 45","B0756LVTY6","Pioneer DJ INTERFACE2 - 2-Channel Audio Interface for REKORDBOX DVS (includes control vinyl)","I","data/esci1500_thumbs/img/B0756LVTY6.jpg"
1736599,88544,"rope climbing socks women","B014GC349Q","Hot Sox Women's Animal Series Novelty Casual Crews, Climbing Koala (Forest), Shoe Size: 4-10","I","data/esci1500_thumbs/img/B014GC349Q.jpg"
1900385,97187,"square d homeline panel","B00CONIFLM","Square D by Schneider Electric QO124L125PG 125-Amp 24-Space 24-Circuit Indoor Main Lug Plug-On Neutral Load Center with Ground Bar","I","data/esci1500_thumbs/img/B00CONIFLM.jpg"
1928056,98708,"stuffed animal toys","B07DJFMKVK","Skechers BOBS Women's Bobs Plush-Grumpy Cat Slip on Ballet Flat, WMLT, 5.5 M US","I","data/esci1500_thumbs/img/B07DJFMKVK.jpg"
1713954,87402,"revell modeller glue","B016MV2PBC","Revell/Monogram 1/25 Starsky & Hutch Ford Torino Model Kit","I","data/esci1500_thumbs/img/B016MV2PBC.jpg"
1899300,97128,"sprinkler without hose","B07NDZ414H","Melnor 65020-AMZ Metal Nozzle with QuickConnect Product Adapter Set, Multi-Pattern, Heavyweight Rear Trigger","I","data/esci1500_thumbs/img/B07NDZ414H.jpg"
1985688,101594,"terroir natto silky pack","B000F3QFTW","NOW Supplements, Nattokinase 100 mg (from Non-GMO Soy) with 2,000 FUs of Activity, 60 Veg Capsules","I","data/esci1500_thumbs/img/B000F3QFTW.jpg"
1986477,101633,"test only, do not order","1416620621","Better Than Carrots or Sticks: Restorative Practices for Positive Classroom Management","I","data/esci1500_thumbs/img/1416620621.jpg"
1848525,94468,"sling blade","B00KWLGLOG","AMES 2915300 Double Blade Weed Grass Cutter with Hardwood Handle, 30 Inch, Brown","I","data/esci1500_thumbs/img/B00KWLGLOG.jpg"
1859336,95049,"smart tap","B00NIVGNE0","iOttie Easy Smart Tap 2 Universal Car Desk Mount Holder Stand Cradle for iPad Air/4/3/2 iPad Mini/Retina, Galaxy Tab 4/3, Nexus 7, Kindle Fire HD /7/6/ Fire HDX 8.9/7/ Fire 2 - Black","I","data/esci1500_thumbs/img/B00NIVGNE0.jpg"
1977446,101181,"ted.taylor","1982104384","Truly, Madly, Deeply: A Novel (The Baxter Family)","I","data/esci1500_thumbs/img/1982104384.jpg"
2159785,110677,"wen planer table","B07KL4QGSQ","WEN 6502T 4.3-Amp 4 x 36 in. Belt and 6 in. Disc Sander with Cast Iron Base","I","data/esci1500_thumbs/img/B07KL4QGSQ.jpg"
1887706,96509,"spark book exercise","1725994720","Let's Cut Shapes: Cutting Practice for Preschoolers and Kindergarten Kids, Scissor Skills Activity Book, Color Version","I","data/esci1500_thumbs/img/1725994720.jpg"
1741743,88815,"routes not taken","B009F7K5FE","Zionism and the Roads Not Taken: Rawidowicz, Kaplan, Kohn (The Modern Jewish Experience)","I","data/esci1500_thumbs/img/B009F7K5FE.jpg"
1901975,97271,"sram battery charger","B07QD1FTFY","SRAM Force eTap AXS 1X D1 Electronic HRD Groupset","I","data/esci1500_thumbs/img/B07QD1FTFY.jpg"
1734258,88427,"room decor for dolls","B07TGMBZX7","LOL Surprise Storage Set, Pink","I","data/esci1500_thumbs/img/B07TGMBZX7.jpg"
1722026,87799,"rinsing tub","B00BLUSLF4","PROFLO PFS6042AWH PROFLO PFS6042A Lansford 60"" x 42"" Drop In Acrylic Soaking Tub with Reversible Drain and Overflow","I","data/esci1500_thumbs/img/B00BLUSLF4.jpg"
1724722,87933,"roadtripper","B07NPSVRJW","Bracketron Roadtripper SYNC Car Audio Bluetooth FM Transmitter White - BT5-696-2","I","data/esci1500_thumbs/img/B07NPSVRJW.jpg"
1932492,98939,"sue gregg","B083ZL8SD5","A Fairy Tale for Sue","I","data/esci1500_thumbs/img/B083ZL8SD5.jpg"
1940518,99341,"super red riding hood","B07QLJNN38","Red: A Dark Romance Red Riding Hood Retelling (Ever After Book 3)","I","data/esci1500_thumbs/img/B07QLJNN38.jpg"
1951400,99912,"switch games ryans world","B00AAQBBIE","Wii U 7 in 1 Starter Kit","I","data/esci1500_thumbs/img/B00AAQBBIE.jpg"
1641985,83673,"prop tart smartish","B08F2S99D7","Smartish iPhone 12/12 Pro Wallet Case - Wallet Slayer Vol. 1 [Slim + Protective] Credit Card Holder (Silk) - Black Tie Affair","I","data/esci1500_thumbs/img/B08F2S99D7.jpg"
1651236,84148,"pullover half zip up women","B07K747W1R","Champion Men's Powerblend 1/4 Zip Hoodie, Black, Medium","I","data/esci1500_thumbs/img/B07K747W1R.jpg"
1940477,99338,"super nintendo european","B071PFG92F","LEGO Marvel Superheroes 2 (Nintendo Switch)","I","data/esci1500_thumbs/img/B071PFG92F.jpg"
1653355,84250,"puma shoes for boys size 1.5","B07BC67KHB","PUMA Unisex-Child Enzo Slip On Sneaker Black, 1.5 Little Kid","I","data/esci1500_thumbs/img/B07BC67KHB.jpg"
1776656,90687,"saucony men shift","B00XV9X3S8","Saucony Originals womens Bullet Sneaker, Slate, 8.5 M US","I","data/esci1500_thumbs/img/B00XV9X3S8.jpg"
1864637,95320,"sneaker charger","B01NCRE7BA","CaseSack handy Case for iPhone 12/ 12 Pro MagSafe charger, Airpods Pro Plus, Airpods 2, Airpods 1(Space Silver)","I","data/esci1500_thumbs/img/B01NCRE7BA.jpg"
1641813,83662,"promix preworkout","B06XP7WWVR","BCAA Capsule Amino Acid Energy Branched Chain I Vegan Keto Paleo Instantized Essential Fermented I Non GMO Gluten + Soy Free Form Fasting I 100% Pure Performance Promix, 1000mg, 400 Supplement, Women","I","data/esci1500_thumbs/img/B06XP7WWVR.jpg"
1889465,96606,"speck pixel 4xl","B07RMSRSZG","Speck Products Google Pixel 3a Case, Presidio Grip, Marble Grey/Anthracite Grey","I","data/esci1500_thumbs/img/B07RMSRSZG.jpg"
1867408,95473,"snowmobile apparel mens","B07X6VS9Z6","Plan For The Day Adult Humor Coffee Ride Beer Snowmobile T-Shirt","I","data/esci1500_thumbs/img/B07X6VS9Z6.jpg"
1682766,85777,"raymond weil strap","B078GWYV9H","Raymond Weil Men's Tango 300 Stainless Steel Quartz Watch with Stainless-Steel Strap, Silver, 19.6 (Model: 8260-ST1-20001)","I","data/esci1500_thumbs/img/B078GWYV9H.jpg"
1921939,98364,"storybook stuffed animals","B08WRJVWJV","KIDS PREFERRED World of Eric Carle The Very Hungry Caterpillar Grab and Go Keys Toy","I","data/esci1500_thumbs/img/B08WRJVWJV.jpg"
1855958,94872,"small reinassance costumes for women","B0047DSSB4","InCharacter Costumes Women's Renaissance Maiden Costume, Burgundy/Gold, X-Large","I","data/esci1500_thumbs/img/B0047DSSB4.jpg"
1916375,98060,"steve madden handbags for women","B07MQG9BQH","Steve Madden Women's Corey Flat Sandal, Blush Suede, 7.5","I","data/esci1500_thumbs/img/B07MQG9BQH.jpg"
1787909,91293,"sea life camera","B077FJG3ZY","SeaLife Sea Dragon Mini 900S Power Kit with SD Mini 900S Light, Lanyard with BC Clip, 2600mAh Battery & Charger (SLKITO6)","I","data/esci1500_thumbs/img/B077FJG3ZY.jpg"
1750887,89289,"ruzell aftershave","B01C7Y6SQ6","Reuzel Daily Shampoo 3.38 oz","I","data/esci1500_thumbs/img/B01C7Y6SQ6.jpg"
1912174,97826,"steak cover","B01LEQCHC2","Melange 8-Piece Ceramic Steak Knife Set with Bamboo Handle and White Blade","I","data/esci1500_thumbs/img/B01LEQCHC2.jpg"
1826448,93305,"silicone shoes for men","B07L6KR847","Brooks Ghost 12 Black/Grey 7 B (M)","I","data/esci1500_thumbs/img/B07L6KR847.jpg"
1975068,101057,"teak oil for shower stool","B00EXODYMK","Fully Assembled Solid Teak 3 Tier Corner Shelf- Ideal for Shower, Bathroom, Patio, Deck, or Kitchen. Leg Levelers for Uneven Surfaces.","I","data/esci1500_thumbs/img/B00EXODYMK.jpg"
1924846,98531,"streptocarpella","B003TVEXUA","Ecological Formulas - Annatto Tocotrienols 125 mg 60 gels [Health and Beauty]","I","data/esci1500_thumbs/img/B003TVEXUA.jpg"
1839439,93979,"skechers open back shoes for women","B078Y35R66","Skechers BOBS Women's Beach Bingo-Dog House Party Sneaker, Taupe/Multi, 6.5 M US","I","data/esci1500_thumbs/img/B078Y35R66.jpg"
1748707,89175,"running shoe laces for men","B07G7XDYFJ","Under Armour mens Charged Assert 8 Running Shoe, Black/White, 10.5 US","I","data/esci1500_thumbs/img/B07G7XDYFJ.jpg"
1953972,100026,"t ball pants toddler","B00TA2XH5Y","Champro Youth MVP Open Bottom Relaxed Fit Baseball Pant, Grey, X-Small","I","data/esci1500_thumbs/img/B00TA2XH5Y.jpg"
1899909,97159,"spy jackman","B001NLKSCA","All the Colors of Darkness: An Inspector Banks Novel (Inspector Banks series Book 18)","I","data/esci1500_thumbs/img/B001NLKSCA.jpg"
1925230,98555,"stretchable bottoms for women","B01N9BKGCS","Smart & Sexy Women's Standard Swim Secret Side Ruched Bikini Bottom, Mint Chip, M","I","data/esci1500_thumbs/img/B01N9BKGCS.jpg"
1902002,97271,"sram battery charger","B01EKOE2IW","SRAM Pro Brake Bleed Kit","I","data/esci1500_thumbs/img/B01EKOE2IW.jpg"
1834966,93742,"single rail table saw","B07WH1C52L","POWERTEC 71411 60"" Premium Guide Rail Bag for Festool, Makita, and DEWALT | W/ Dual-Sided Padding For Secure Rail Placement","I","data/esci1500_thumbs/img/B07WH1C52L.jpg"
1910637,97745,"stares mager tools","1548762814","Traditional Bowyer's Handbook: How to build wooden bows and arrows: longbows, selfbows, & recurves.","I","data/esci1500_thumbs/img/1548762814.jpg"
1665090,84853,"qsc speakers","B07CBWS66J","Sennheiser Pro Audio Ew 100 Portable Wireless Microphone System, G, ew 100 ENG G4 ew 100 ENG G4","I","data/esci1500_thumbs/img/B07CBWS66J.jpg"
1639808,83556,"produce scale decore","B07FWSZ56T","Etekcity Food Kitchen Scale, Digital Grams and Oz for Cooking, Baking, and Weight Loss, Christmas Gift for Holiday Meal Prep, Small-0.7 inch Height, 304 Stainless Steel","I","data/esci1500_thumbs/img/B07FWSZ56T.jpg"
1977400,101178,"ted nasmith","0345449762","Tolkien's World from A to Z: The Complete Guide to Middle-Earth","I","data/esci1500_thumbs/img/0345449762.jpg"
1973149,100955,"tea bag dish alice","B01AXPIF5I","Talking Tables Truly Alice Food Serving Platter 12"" x 7.5"" a Tea Party Birthday, Multicolor","I","data/esci1500_thumbs/img/B01AXPIF5I.jpg"
1917232,98108,"sticker","B07W63295C","Tile Sticker (2020) 2-pack - Small, Adhesive Bluetooth Tracker, Item Locator and Finder for Remotes, Headphones, Gadgets and More","I","data/esci1500_thumbs/img/B07W63295C.jpg"
1921613,98346,"store this not that","0891125795","Think This Not That: Rewiring Your Brain to Eliminate Toxic Thinking","I","data/esci1500_thumbs/img/0891125795.jpg"
1775566,90626,"satanic verses by salman rushdie","1840462531","Salman Rushdie: Midnight's Children - The Satanic Verses (Reader's Guide)","I","data/esci1500_thumbs/img/1840462531.jpg"
1805078,92178,"shades for men","B076V4B6FJ","Columbia Men Standard Rapid Rivers Pant, Flax, 36W x 34L","I","data/esci1500_thumbs/img/B076V4B6FJ.jpg"
1877599,95977,"someones knocking at the door dvd","B0017VG640","Linda Lovelace for President","I","data/esci1500_thumbs/img/B0017VG640.jpg"
2101615,107676,"vacuum extension wand flat","B001QTVXIC","OXO Good Grips Under Appliance Microfiber Duster 4"" x 1/2"" x 33-1/2"" h","I","data/esci1500_thumbs/img/B001QTVXIC.jpg"
1669068,85059,"quicko","B000BQR128","Lyric 2647469 Finch Small Songbird Wild Bird Mix, 5 lb","I","data/esci1500_thumbs/img/B000BQR128.jpg"
1784645,91120,"scratch art frozen","B00IOST0P6","Bendon Disney Frozen Character Art Tote Activity Set","I","data/esci1500_thumbs/img/B00IOST0P6.jpg"
1742171,88835,"roxy long sleeve swimsuit girls","B08PHYKZP5","Roxy Girls' Color Garden Long Sleeve Zip-Up Rashguard, Bright White Kaleidoscope, 10/M","I","data/esci1500_thumbs/img/B08PHYKZP5.jpg"
1887978,96524,"sparklers","B01BMPCAU4","Weddingstar Large Tin Bucket w/Handle (1), Silver","I","data/esci1500_thumbs/img/B01BMPCAU4.jpg"
1965055,100572,"tan sandals baby girl","B07CMZNWGB","Crocs Kids' Crocband II Sandals, Light Grey/Navy, 4 Toddler","I","data/esci1500_thumbs/img/B07CMZNWGB.jpg"
1697655,86553,"red: a crayon's story by michael hall","1250078415","If I Was Your Girl","I","data/esci1500_thumbs/img/1250078415.jpg"
1742185,88835,"roxy long sleeve swimsuit girls","B074XBZKD6","Roxy girls Whole Hearted Short Sleeve Rashguard Rash Guard Shirt, White 2, 8 US","I","data/esci1500_thumbs/img/B074XBZKD6.jpg"
1790264,91418,"sebamed massage oil for baby","B07MV2D26F","Sebamed Anti-Ageing Q10 Lifting Eye Cream with Botanical Phytosterols and lipid Complex, Visibly Reduces Appearance of Wrinkles. Paraben-Free, Dermatologist Tested & Dermatologist Developed","I","data/esci1500_thumbs/img/B07MV2D26F.jpg"
1915180,97993,"stephenie meyer the seeker","B07MC5RXX2","The Chemist: A Cale Van Waring Adventure (The Chemist Series Book 1)","I","data/esci1500_thumbs/img/B07MC5RXX2.jpg"
1923658,98464,"strategy without design","0646971239","The Business Owner's Guide to Profit: Discover 25 Strategies You Must Apply to Double Your NET Profits Without Trading More Time, Money, Ruining Any ... Your Purpose (Systems For Business Press)","I","data/esci1500_thumbs/img/0646971239.jpg"
1771482,90418,"sandalias de mujer guess plataforma","B07K7MGM54","G by Guess Oking Black 9","I","data/esci1500_thumbs/img/B07K7MGM54.jpg"
1750889,89289,"ruzell aftershave","B01COFQ78M","Reuzel Scrub Shampoo 3.38 oz","I","data/esci1500_thumbs/img/B01COFQ78M.jpg"
1800143,91934,"seven oceans food","B07QHKWKFF","Purina ONE Grain Free, Natural Senior Pate Wet Cat Food, Vibrant Maturity 7+ Chicken & Ocean Whitefish Recipe - (12) 3 oz. Pull-Top Cans","I","data/esci1500_thumbs/img/B07QHKWKFF.jpg"
1738828,88659,"roses without chemicals","B01NBEKD3Z","Miracle-Gro Plant Food 3002210 Shake 'N Feed Rose and Bloom Continuous Release Pl, 4.5 lb","I","data/esci1500_thumbs/img/B01NBEKD3Z.jpg"
1658803,84528,"purple back","B07K377PKP","Jessica Simpson Women's Comfy Faux Fur House Slipper Scuff Memory Foam Slip on Anti-Skid Sole, Purple, Large","I","data/esci1500_thumbs/img/B07K377PKP.jpg"
1713958,87402,"revell modeller glue","B01D4QFSCG","Revell 39075 Military Set","I","data/esci1500_thumbs/img/B01D4QFSCG.jpg"
1921616,98346,"store this not that","160529943X","Eat This Not That! for Kids!: Be the Leanest, Fittest Family on the Block!","I","data/esci1500_thumbs/img/160529943X.jpg"
1813434,92619,"shirt for boy story book","0312528426","Noisy Tractor Sound Book: With Sounds, Lights, and Flaps (Simple Sounds)","I","data/esci1500_thumbs/img/0312528426.jpg"
1910955,97761,"stars without number rpg","B07ZP7YJCX","WizKids D&D Nolzur's Marvelous Miniatures - The Falling Star","I","data/esci1500_thumbs/img/B07ZP7YJCX.jpg"
1896724,96998,"sport pants for men under nike","B01MXHQ9LO","Nike Flex Men's Golf Pants (Midnight Navy, 36W x 30L)","I","data/esci1500_thumbs/img/B01MXHQ9LO.jpg"
1920256,98271,"stonelainy","B0013J0HI2","Creative Paperclay for Modeling Compound, 16-Ounce, White","I","data/esci1500_thumbs/img/B0013J0HI2.jpg"
1718218,87618,"ridgid nozzle wand","B07B4FLS8X","Ridgid 57403 RP 240 Compact Press Tool","I","data/esci1500_thumbs/img/B07B4FLS8X.jpg"
1929114,98763,"stylo bille","0365353418","The Edinburgh Review, or Critical Journal, Vol. 119: For January, 1864-April, 1864; To Be Continued Quarterly (Classic Reprint)","I","data/esci1500_thumbs/img/0365353418.jpg"
1653031,84234,"puma high tops","B086RRSX8S","PUMA girls Carina Sneaker, Puma White-puma White-gray Violet, 6.5 Big Kid US","I","data/esci1500_thumbs/img/B086RRSX8S.jpg"
1919617,98234,"stockings without feet","B001E6QBE8","pedag Viva Summer Warm Water Orthotic Insole, Handmade in Germany, Terry Cotton & Sisal, Absorbs Sweat & Ideal for Wear Without Socks, Washable, US W7 / EU 37","I","data/esci1500_thumbs/img/B001E6QBE8.jpg"
1933910,99009,"suitcase","B00003CWQU","The Green Mile","I","data/esci1500_thumbs/img/B00003CWQU.jpg"
1722764,87836,"rit dye for shoes","B00AQ75YOE","Rit, 8 Fl Oz (Pack of 1), Evening Blue","I","data/esci1500_thumbs/img/B00AQ75YOE.jpg"
1727647,88088,"rockets mighty words","B00004RJ73","What About Bob?","I","data/esci1500_thumbs/img/B00004RJ73.jpg"
1751193,89307,"rv doughnut","B07Q6GTQ92","Le Toy Van - Educational Wooden Honeybake Pretend Play Doughnuts Set Toy Cakes | Gorgeous Pretend Play Food | Birthday Cake Or Afternoon Tea Role Play Toy | Great As A Gift","I","data/esci1500_thumbs/img/B07Q6GTQ92.jpg"
1917847,98137,"stickers without white outline","B002U4DTT8","Avery Personalized Name Tags, Print or Write, 2-1/3"" x 3-3/8"", 100 Adhseive Name Tags, (5147)","I","data/esci1500_thumbs/img/B002U4DTT8.jpg"
1927029,98653,"stud","B08DJGJH6G","Seven Card Stud (Stacked Deck Book 7)","I","data/esci1500_thumbs/img/B08DJGJH6G.jpg"
1718214,87618,"ridgid nozzle wand","B078YYD66B","Ridgid 57003 EZ Change Faucet Tool, Sink Wrench , Orange","I","data/esci1500_thumbs/img/B078YYD66B.jpg"
1648986,84035,"psychiatry pocket guide","161537275X","Pocket Guide for Understanding LGBTQ Mental Health","I","data/esci1500_thumbs/img/161537275X.jpg"
1837918,93903,"size 8 boys sandals","B07D9RPDWR","adidas Adilette Shower Slides Sandal, Black/White/Black, 4 US Unisex Big Kid","I","data/esci1500_thumbs/img/B07D9RPDWR.jpg"
1760591,89789,"sally green","B084ZD31XW","Lo and Behold: A Christmas Story","I","data/esci1500_thumbs/img/B084ZD31XW.jpg"
1915000,97983,"stephanie bower","1440334714","The Urban Sketcher: Techniques for Seeing and Drawing on Location","I","data/esci1500_thumbs/img/1440334714.jpg"
1713960,87402,"revell modeller glue","B01174T7EW","Revell SnapTite 2014 Corvette Stingray Plastic Model Kit","I","data/esci1500_thumbs/img/B01174T7EW.jpg"
1766146,90105,"samsung galaxy s10","B07V39725Q","Samsung EF-ZN970CBEGUS Galaxy Note10 Case, S-View Flip Cover - Black (US Version with Warranty)","I","data/esci1500_thumbs/img/B07V39725Q.jpg"
1813789,92635,"shirts for young adults women","B07M8DBQWD","Comfort Colors Men's Adult Long Sleeve Tee, Style 6014, Chalky Mint, X-Large","I","data/esci1500_thumbs/img/B07M8DBQWD.jpg"
1934027,99014,"suitcase without wheels","B01HIATF6E","DELSEY Paris Chatelet Hardside Luggage with Spinner Wheels, Champagne White, Checked-Medium 24 Inch, with Brake","I","data/esci1500_thumbs/img/B01HIATF6E.jpg"
1961968,100409,"tail gate for rhino 660 yamaha","B004HL7YN4","Stromberg Carlson VGD-02-4000 Louvered Tailgate","I","data/esci1500_thumbs/img/B004HL7YN4.jpg"
2064999,105775,"turmeric curcumin without black pepper","B07N7FGHBX","Turmeric Curcumin with BioPerine Black Pepper & 95% Curcuminoids, 1965mg, Maximum Absorption for Joint Support & Healthy Inflammatory Response, Non-GMO Turmeric Capsules, Made in USA - 90 Veg Caps","I","data/esci1500_thumbs/img/B07N7FGHBX.jpg"
1887717,96509,"spark book exercise","108645670X","Rocket Ships - Primary Story Journal: Grades K-2 Composition Handwriting School Exercise Book: Dotted Midline and Picture Space: 100 Story Pages: Great gift present for storymakers","I","data/esci1500_thumbs/img/108645670X.jpg"
1801681,92013,"sex things for men","B003PUYXPK","Levi's Men's 511 Slim Fit Jean, Black - Stretch, 33W x 34L","I","data/esci1500_thumbs/img/B003PUYXPK.jpg"
1911850,97814,"statue of liberty costume kids","B00NVOCKLY","Forum Novelties Men's Patriotic Party Uncle Sam Costume, Multi, Small","I","data/esci1500_thumbs/img/B00NVOCKLY.jpg"
2183886,111986,"winning is not everything","0553496719","The Sun Is Also a Star","I","data/esci1500_thumbs/img/0553496719.jpg"
1822166,93073,"shure sm7b mic stand","B08G7T6PQ2","Shure MV5C Home Office Microphone, Conferencing Microphone for Mac & PC, Crystal Clear Voice & Call, Durable & Portable Design, Quick & Easy Setup, Works with Team, Zoom & Others - Black (MV5C-USB)","I","data/esci1500_thumbs/img/B08G7T6PQ2.jpg"
1657678,84474,"pure xs paco rabanne for men","B079YSLMGM","Paco Rabanne Black Xs Eau De Parfum Spray for Women, 2.7 Fl Ounce","I","data/esci1500_thumbs/img/B079YSLMGM.jpg"
1964221,100528,"talon candle holders","B001R6DX3M","Design Toscano NG32489 Talons of the Dunheviel Dragon Decor Wall Hanger Sculptures, 7 Inch, Set of Two, Gothic Stone, 2 Count","I","data/esci1500_thumbs/img/B001R6DX3M.jpg"
1889085,96584,"spears 1” pvc cap","B008HQ79SA","Spears 88 Series PVC Pipe Fitting, Close Nipple, Schedule 80, Gray, 2"" NPT Male, 2"" Length","I","data/esci1500_thumbs/img/B008HQ79SA.jpg"
1648991,84035,"psychiatry pocket guide","1496389581","Kaplan & Sadock's Pocket Handbook of Psychiatric Drug Treatment","I","data/esci1500_thumbs/img/1496389581.jpg"
1907800,97581,"stans dart tire plug","B07D3D2NQJ","KOM Cycling Tubeless Sealant Injector Syringe and Presta Valve Core Removal Tool by Designed for Stans No Tubes sealant and Other sealants …","I","data/esci1500_thumbs/img/B07D3D2NQJ.jpg"
1899916,97160,"spy without a cause","B01CC3NFI6","How To Get A Free Copy of FlexiSpy - The #1 Cell Phone Monitoring Software","I","data/esci1500_thumbs/img/B01CC3NFI6.jpg"
1720243,87706,"ring accessories","B07DNZZCPX","Ring Alarm Contact Sensor 2-pack (1st Gen)","I","data/esci1500_thumbs/img/B07DNZZCPX.jpg"
1867731,95490,"snug denture cushions","B00LWQY9TY","Benzodent Dental Pain Relieving Cream Topical Anesthetic, 1 Ounce Tube","I","data/esci1500_thumbs/img/B00LWQY9TY.jpg"
1678857,85571,"ranger storage box","B079KVZGY9","Ranger Tim Holtz Alcohol Ink Storage Tin","I","data/esci1500_thumbs/img/B079KVZGY9.jpg"
1889455,96606,"speck pixel 4xl","B07Z8QQ3CQ","Speck Presidio Pro Google Pixel 4 Case, Black/Black","I","data/esci1500_thumbs/img/B07Z8QQ3CQ.jpg"
1800545,91957,"sevilla apron","B06XZSJ5VB","Rick Steves Snapshot Sevilla, Granada & Andalucía","I","data/esci1500_thumbs/img/B06XZSJ5VB.jpg"
1940472,99338,"super nintendo european","B07HTMYH43","Switch - New Super Mario Bros. U Deluxe - [PAL EU - NO NTSC]","I","data/esci1500_thumbs/img/B07HTMYH43.jpg"
1658366,84507,"purina one puppy dog food","B076D92FSN","Purina ONE High Protein Natural Dry Dog Food, SmartBlend True Instinct With Real Salmon & Tuna - 36 lb. Bag","I","data/esci1500_thumbs/img/B076D92FSN.jpg"
1800157,91934,"seven oceans food","B086QNNL78","Lenny & Larry's The Complete Cookie, 8 Flavor Variety Pack, Soft Baked, 16g Plant Protein, Vegan, Non-GMO, 4 Ounce Cookie (Pack of 16)","I","data/esci1500_thumbs/img/B086QNNL78.jpg"
1955181,100086,"t2 power rack","B07B6FBYZS","Fitness Reality 2819 Attachment Set for 2""x2"" Steel Tubing Power Cages","I","data/esci1500_thumbs/img/B07B6FBYZS.jpg"
1734263,88427,"room decor for dolls","B07JVTVJ67","Idea Nuova LOL Surprise Set of 2 Durable Storage Cubes with Handles","I","data/esci1500_thumbs/img/B07JVTVJ67.jpg"
1985687,101594,"terroir natto silky pack","B0009DS1DQ","NutriCology NattoZyme 36 mg Nattokinase NSK-SD - Cardiovascular/Circulatory Health - 300 Softgels","I","data/esci1500_thumbs/img/B0009DS1DQ.jpg"
1974971,101053,"teaching without a teaching degree","B0876N2FBV","Create Your Own Religion: A How-To Book Without Instructions","I","data/esci1500_thumbs/img/B0876N2FBV.jpg"
2210880,113436,"women’s spence","B003IXF6BY","Spenco Polysorb Cross Trainer Athletic Cushioning Arch Support Shoe Insoles, Women's 7-8.5/Men's 6-7.5","I","data/esci1500_thumbs/img/B003IXF6BY.jpg"
1978390,101233,"teenage girl gifts","B0733X3DX8","Nike Women's Benassi Just Do It Sandal, particle rose/metallic silver, 6 Regular US","I","data/esci1500_thumbs/img/B0733X3DX8.jpg"
1958859,100259,"tabletop english bulldog christmas tree","B07Q4R24HQ","Caroline's Treasures BB1592WTKT Christmas Tree and White English Bulldog White Kitchen Towel Set of 2, 19 X 25, Multicolor","I","data/esci1500_thumbs/img/B07Q4R24HQ.jpg"
1934004,99014,"suitcase without wheels","B07XLV1SBM","Samsonite Pro Travel Softside Expandable Luggage with Spinner Wheels, Black, Smart Carry-On 21-Inch","I","data/esci1500_thumbs/img/B07XLV1SBM.jpg"
1721108,87753,"ring panic button 2 pack","B07K7CSVJ8","Ring Spotlight Cam Battery HD Security Camera with Built Two-Way Talk and a Siren Alarm, White, Works with Alexa - 2-Pack","I","data/esci1500_thumbs/img/B07K7CSVJ8.jpg"
1708663,87122,"replacement slings for patio chairs","B08Z3W3MY7","LOKATSE HOME Outdoor Patio Swivel Dining Chair Sling Set with Textilene Fabric All Weather Frame (Set of 2), Blue","I","data/esci1500_thumbs/img/B08Z3W3MY7.jpg"
1696474,86489,"red sox glasses","B01EP5NQAQ","Amscan 259360 Boston Red Sox Major League Baseball Collection Printed Eyeglasses, Party Favor, 10 pieces","I","data/esci1500_thumbs/img/B01EP5NQAQ.jpg"
1910636,97745,"stares mager tools","1600853005","Building Kitchen Cabinets Made Simple: A Book and Companion Step-by-Step Video DVD","I","data/esci1500_thumbs/img/1600853005.jpg"
1771457,90417,"sandalias altas verdes para mujer","B07S75VKNC","Crocs Women's Swiftwater Ombre Flip Flop, Juniper/Pearl White, 8 M US","I","data/esci1500_thumbs/img/B07S75VKNC.jpg"
1917853,98137,"stickers without white outline","B07XZXVRCB","Fashion Angels 1000+ Totes Adorbs Colorful Stickers for Kids - Fun Craft Stickers for Scrapbooks, Planners, Gifts and Rewards, 40-Page Sticker Book for Kids Ages 6+ and Up","I","data/esci1500_thumbs/img/B07XZXVRCB.jpg"
2226657,114253,"xbox games","B07STDY2Q9","Spongebob Squarepants: Battle for Bikini Bottom - Rehydrated - PlayStation 4 Standard Edition","I","data/esci1500_thumbs/img/B07STDY2Q9.jpg"
1774270,90562,"sara fields kindle books","B088C4J7CH","Vicious Prince: An Arranged Marriage Romance (Royal Elite Book 5)","I","data/esci1500_thumbs/img/B088C4J7CH.jpg"
1721992,87799,"rinsing tub","B07L1TTQPH","American Standard T184951.295 Contemporary Square Freestanding Tub Faucet for FLASH Rough-In Valve, brushed nickel","I","data/esci1500_thumbs/img/B07L1TTQPH.jpg"
1696470,86489,"red sox glasses","B07K1PSVJF","Legends Never Die MLB Boston Red Sox 2018 World Series Champions Framed Photo Collage, Celebration, 18 x 22-Inch","I","data/esci1500_thumbs/img/B07K1PSVJF.jpg"
1770765,90377,"san francisco giants tee shirts for men","B001ROWWMM","Rico MLB San Francisco Giants SF Logo Small Static Decal","I","data/esci1500_thumbs/img/B001ROWWMM.jpg"
1697760,86559,"redding neck sizing bushing","B000N8LJ22","RCBS 9356 Rock Chucker Supreme Press","I","data/esci1500_thumbs/img/B000N8LJ22.jpg"
2142422,109752,"warrior lingerie","B0797CKX54","Leg Avenue Women's Costume, Red/Gold, Large","I","data/esci1500_thumbs/img/B0797CKX54.jpg"
1718221,87618,"ridgid nozzle wand","B07B4KQFXV","Ridgid 57278 CS12x Digital Recording Monitor with Wi-Fi","I","data/esci1500_thumbs/img/B07B4KQFXV.jpg"
1841016,94060,"ski knee pad","B001RJ0TCC","Concrete Knee Board Stainless Steel With Knee Pads","I","data/esci1500_thumbs/img/B001RJ0TCC.jpg"
1729766,88200,"roger schulz","1524850861","Peanuts 2020 Commemorative Print with Wall Calendar","I","data/esci1500_thumbs/img/1524850861.jpg"
1867406,95473,"snowmobile apparel mens","B07XF15XZL","Snowmobile - Don't Follow Me Funny Saying Motor Sled Gift T-Shirt","I","data/esci1500_thumbs/img/B07XF15XZL.jpg"
1869988,95602,"social problems joel best","0202306534","How Claims Spread: Cross-National Diffusion of Social Problems (Social Problems & Social Issues)","I","data/esci1500_thumbs/img/0202306534.jpg"
1915185,97993,"stephenie meyer the seeker","B0090SI4OC","The Host [Blu-ray]","I","data/esci1500_thumbs/img/B0090SI4OC.jpg"
1982219,101411,"template carpentrr","B07Q116JY5","Updated Multi Angle Measuring Ruler, 6-Fold Aluminum Alloy Ruler, Woodworking Template Tool for Builders, Craftsmen, Carpenters","I","data/esci1500_thumbs/img/B07Q116JY5.jpg"
1685005,85890,"rcia study guide","0691138028","Birds of Central America: Belize, Guatemala, Honduras, El Salvador, Nicaragua, Costa Rica, and Panama (Princeton Field Guides, 136)","I","data/esci1500_thumbs/img/0691138028.jpg"
1949359,99808,"swim parkas for women","B07C1XH6KJ","Speedo Unisex-Adult Parka Jacket Fleece Lined Elite,Speedo Black,Medium","I","data/esci1500_thumbs/img/B07C1XH6KJ.jpg"
1719462,87671,"rigid wet saw","B001LYMU98","Ridgid R3030 Fuego One Handed Reciprocating Saw","I","data/esci1500_thumbs/img/B001LYMU98.jpg"
1727673,88089,"rockets wristband","B07BSPF98H","Houston Rockets NBA Big Logo Drawstring Backpack","I","data/esci1500_thumbs/img/B07BSPF98H.jpg"
1919058,98205,"stl blues hat","B07L914JHB","Vintage St. Louis Ice Hockey Sticks State Outline T-Shirt","I","data/esci1500_thumbs/img/B07L914JHB.jpg"
1739336,88686,"rotator cuff pillow","B01781S9O2","DonJoy UltraSling IV Shoulder Support Sling, X-Large","I","data/esci1500_thumbs/img/B01781S9O2.jpg"
1671874,85205,"rachel maddow","0999810405","Secret Bad Girl: A Sexual Trauma Memoir and Resolution Guide","I","data/esci1500_thumbs/img/0999810405.jpg"
1816469,92764,"shoes with wheels for boys","B01N29NGYW","HEELYS Boys' Motion Plus Sneaker, Charcoal, 3 Medium US Big Kid","I","data/esci1500_thumbs/img/B01N29NGYW.jpg"
1861425,95161,"smile amazon prime","B08L8DW6DX","Ecolution Original Microwave Micro-Pop Popcorn Popper, Borosilicate Glass, 3-in-1 Lid, Dishwasher Safe, BPA Free, 3 Quart Family Size, Teal","I","data/esci1500_thumbs/img/B08L8DW6DX.jpg"
1672580,85242,"radar gun for baseball","B079Q131YX","GoSports Baseball & Softball Xtraman Dummy Batter Pitching Training Mannequin | Practice Pitching Aid for Improved Accuracy and Safety","I","data/esci1500_thumbs/img/B079Q131YX.jpg"
1764458,90004,"samsung crg5","B005NJRMXG","Samsung MLT-D103L Toner Cartridge Black, High Yield for mL-2950ND, 2955ND, 2955DW, Scx-4701ND, 4728FD, 4729FD, 4729FW, 4726FN, 4705ND","I","data/esci1500_thumbs/img/B005NJRMXG.jpg"
1921667,98349,"storing food without refrigeration","B000FBQRHE","Butter Bell - The Original Butter Bell Crock by L. Tremain, French Ceramic Butter Dish, Classic White Raised Floral Design","I","data/esci1500_thumbs/img/B000FBQRHE.jpg"
1722821,87839,"rita konig interior design","1505113652","Theology of Home: Finding the Eternal in the Everyday","I","data/esci1500_thumbs/img/1505113652.jpg"
1696482,86489,"red sox glasses","B000SDDIKI","NFL New England Patriots Chef Hat and Apron Set, Navy, One Size","I","data/esci1500_thumbs/img/B000SDDIKI.jpg"
1750883,89289,"ruzell aftershave","B00VS4HLPY","REUZEL Pink Pomade Grease, Heavy Hold, 4 oz.","I","data/esci1500_thumbs/img/B00VS4HLPY.jpg"
1665113,84853,"qsc speakers","B0056AZ8RO","Crown XTi2002 Two-channel, 800-Watt at 4Ω Power Amplifier","I","data/esci1500_thumbs/img/B0056AZ8RO.jpg"
1889528,96610,"speck s8 blue","B06W55K724","Speck Products Presidio Clear Cell Phone Case for Samsung Galaxy S8 Plus ONLY - Clear/Clear","I","data/esci1500_thumbs/img/B06W55K724.jpg"
1655614,84368,"puppy halloween costumes for girls","B01M3OCQN2","Smiffy's Dalmatian Kids Fancy Dress Dog Puppy Book Day Week Boys Girls Childrens Costume BLACK AND WHITE Medium","I","data/esci1500_thumbs/img/B01M3OCQN2.jpg"
1674229,85323,"rag doll kindergarten","B003ZSILSC","Where Rag Dolls Hide Their Faces","I","data/esci1500_thumbs/img/B003ZSILSC.jpg"
1721096,87753,"ring panic button 2 pack","B07ZB2DFMB","Ring Alarm Keypad (2nd Gen)","I","data/esci1500_thumbs/img/B07ZB2DFMB.jpg"
1930844,98853,"such a fun age kindle","B01M5IJM2U","The Seven Husbands of Evelyn Hugo: A Novel","I","data/esci1500_thumbs/img/B01M5IJM2U.jpg"
1663364,84772,"pyra figure","B089FTKVFV","WizKids D&D Icons of The Realms: Adult White Dragon Premium Figure","I","data/esci1500_thumbs/img/B089FTKVFV.jpg"
1724733,87933,"roadtripper","B07CN9T8RC","Radio Flyer Busy Buggy, Sit to Stand Toddler Ride On Toy, Ages 1-3, Red","I","data/esci1500_thumbs/img/B07CN9T8RC.jpg"
1749820,89233,"rustic ceiling fan without light","B07ZDF488Z","Hunter Fan Company 50409 Hunter Rustic 52 Inch Starklake Indoor or Outdoor Ceiling Fan with 3 LED Edison Bulbs, Pull Chain Control, and Quiet 3 Speed Motor, 52, Natural Iron Finish","I","data/esci1500_thumbs/img/B07ZDF488Z.jpg"
1818576,92881,"shorts overalls for women loose fit","B00IJ9GLM0","Dickies Women's Denim Bib Overall, Medium Stonewash, 20W Regular","I","data/esci1500_thumbs/img/B00IJ9GLM0.jpg"
1888085,96528,"sparklers for weddings extra long","B00GJU86OC","Blue Demon ER4043 X 3/32"" X 36"" X 10LB Box general purpose aluminum TIG welding rod","I","data/esci1500_thumbs/img/B00GJU86OC.jpg"
1746472,89061,"ruffled shorts","B07KD76MZX","Simple Joys by Carter's Girls' 3-Pack Bloomer Short, White/Dot/Pink, 0-3 Months","I","data/esci1500_thumbs/img/B07KD76MZX.jpg"
1685003,85890,"rcia study guide","1786571765","Lonely Planet Costa Rica 13 (Travel Guide)","I","data/esci1500_thumbs/img/1786571765.jpg"
1759436,89731,"saints row 3 pc","B088C8D7M1","Saints Row The Third Remastered - Xbox One [Digital Code]","I","data/esci1500_thumbs/img/B088C8D7M1.jpg"
1864574,95316,"snark tuner violin","B01H74YY62","Snark SN1X Clip-On Chromatic Tuner (Current Model)","I","data/esci1500_thumbs/img/B01H74YY62.jpg"
1774352,90565,"sarah jio books","1496728416","Churchill's Secret Messenger: A WW2 Novel of Spies & the French Resistance","I","data/esci1500_thumbs/img/1496728416.jpg"
1651235,84148,"pullover half zip up women","B07PB26LJT","Amazon Essentials Men's Standard Full-Zip Fleece Mock Neck Sweatshirt, Black Small","I","data/esci1500_thumbs/img/B07PB26LJT.jpg"
1844400,94245,"skype phone without computer","B078Z4HBFG","Ooma Telo Air 2 VoIP Free Home Phone Service with wireless and Bluetooth connectivity. Affordable Internet-based landline replacement. Unlimited nationwide calling. Low international rates,Black","I","data/esci1500_thumbs/img/B078Z4HBFG.jpg"
1740595,88754,"round plant holder","B00OBYM7W0","American Garden Works PH-10 Wall Mount Pot Holder, 10"", Black","I","data/esci1500_thumbs/img/B00OBYM7W0.jpg"
2034878,104219,"tophe oil","B000NB9LLA","NOW Solutions, Sweet Almond Oil, 100% Pure Moisturizing Oil, Promotes Healthy-Looking Skin, Unscented Oil, 4-Ounce","I","data/esci1500_thumbs/img/B000NB9LLA.jpg"
1742910,88870,"royal blue top girl 2t","B010XIUWJC","Clementine Little Girls' Toddler Long Sleeve Basic T-Shirt Three-Pack,White/Royal/Pink,4T","I","data/esci1500_thumbs/img/B010XIUWJC.jpg"
1774364,90565,"sarah jio books","B00G3L6N88","Grand Central: Original Stories of Postwar Love and Reunion","I","data/esci1500_thumbs/img/B00G3L6N88.jpg"
1639821,83556,"produce scale decore","B01JK4OEHQ","Ozeri Pronto Digital Multifunction Kitchen and Food Scale, Compact, Teal Blue","I","data/esci1500_thumbs/img/B01JK4OEHQ.jpg"
1930048,98813,"sublimationprinter","B08P3X7LHT","Canon PIXMA G1220 Single Function MegaTank Inkjet Printer, Print Only, Black, (4469C002)","I","data/esci1500_thumbs/img/B08P3X7LHT.jpg"
1695657,86441,"red paris decor for bedroom","B00NBBZOMY","HOMCOM Retro Button-Tufted Royal Design High Back Armless Chair with Thick Padding and Rubberwood Legs, Black","I","data/esci1500_thumbs/img/B00NBBZOMY.jpg"
1788016,91299,"sea salt ice cream","B005HIOP5G","SaltWorks Pure Ocean Sea Salt, Coarse Grain, 5 Pound Bag","I","data/esci1500_thumbs/img/B005HIOP5G.jpg"
1946041,99632,"swanson multivitamin without iron","B00068UBYQ","Swanson Ashwagandha Powder Supplement-Ashwagandha Root & Aerial Parts Supplement Promoting Stress Relief & Energy Support-Ayurvedic Supplement for Natural Wellness (100 Capsules, 450mg Each)","I","data/esci1500_thumbs/img/B00068UBYQ.jpg"
1901996,97271,"sram battery charger","B004LYW6WG","SRAM PG1050 11-36 10-Speed Bicycle Cassette","I","data/esci1500_thumbs/img/B004LYW6WG.jpg"
1955181,100086,"t2 power rack","B07B6FBYZS","Fitness Reality - Juego de Accesorios para Tubos de Acero de 5 x 5 cm","I","data/esci1500_thumbs/img/B07B6FBYZS.jpg"
1746264,89048,"ruffle coat","B07YQVSNBZ","Jessica Simpson Girls' Baby and Toddler Layette Set, Flutter Ruffle Coral Cloud, 12M","I","data/esci1500_thumbs/img/B07YQVSNBZ.jpg"
1809649,92420,"sheer essence","B017WX0XQ8","essence Sheer & Shine Lipstick, 06 Frosted","I","data/esci1500_thumbs/img/B017WX0XQ8.jpg"
1974452,101025,"teach with science phenomena","1912715481","Wicca Natural Magic Kit: The Sun, The Moon, and The Elements: Elemental Magic, Moon Magic, and Wheel of the Year Magic (Wicca Starter Kit Series)","I","data/esci1500_thumbs/img/1912715481.jpg"
1784196,91094,"scotty makes stuff","B006A4MO68","Gimbal's Licorice Scottie Dogs, 11.5 oz (SUGAR)","I","data/esci1500_thumbs/img/B006A4MO68.jpg"
1942726,99462,"surf shorts for men","B07S113M5X","Quiksilver Men's Union Amphibian Hybrid 20 Inch Outseam Water Friendly Short, Navy Blazer, 34","I","data/esci1500_thumbs/img/B07S113M5X.jpg"
1684068,85842,"rbt","B085QNJ996","Enjoy Parenting: The busy mom's behavior toolbox","I","data/esci1500_thumbs/img/B085QNJ996.jpg"
