"example_id","query_id","query","product_id","product_title","esci_label","sim_orig","sim_adv","delta_held_out","rank_orig","rank_adv","rank_lift"
353787,16932,"black woven storage basket","B08D73WPCZ","Joyeen Small Plastic Weave Baskets, Storage Bins, 6 Pack","E",0.24943125247955322,0.2652134299278259,0.015782177448272705,1,1,0
117382,4818,"5xl carhartt shirts for men big and tall","B07KBQQ43F","Carhartt Men's Rugged Flex Rigby Short Sleeve Work Shirt, Gravel, X-Large","E",0.23332108557224274,0.23635363578796387,0.0030325502157211304,1,1,0
1391488,70694,"morral táctico 5.11","B004D1UPIY","5.11 RUSH MOAB 6 Tactical Sling Pack Military Molle Backpack Bag, Style 56963, Black","E",0.22126631438732147,0.22779440879821777,0.006528094410896301,2,2,0
387586,18639,"bose earbuds","B08CJCTG6Z","Bose Sport Earbuds - Wireless Earphones - Bluetooth In Ear Headphones for Workouts and Running, Triple Black","E",0.26267096400260925,0.2947360873222351,0.032065123319625854,2,1,1
1902867,97309,"ssd hard drive internal","B072R78B6Q","SanDisk Ultra 3D SSD de 500 GB con hasta 560 MB/s de velocidad de lectura / hasta 530 MB/s de velocidad de escritura","E",0.23496180772781372,0.24235278367996216,0.0073909759521484375,2,2,0
1567443,79800,"picture hangers without nails heavy duty","B073XR4X72","Command Large Picture Hanging Strips, White, Holds up to 16 lbs, 14-Pairs, Easy to Open Packaging","E",0.21818256378173828,0.22373796999454498,0.005555406212806702,11,4,7
1902862,97309,"ssd hard drive internal","B07NNRTTCM","Western Digital 1TB WD Green Internal PC SSD Solid State Drive - SATA III 6 Gb/s, 2.5""/7mm, Up to 550 MB/s - WDS100T2G0A","E",0.2552979290485382,0.2535366117954254,-0.001761317253112793,1,1,0
136908,5747,"Pockets on both sides. Brown leather. Extra large. ","B07H7S6QBR","Kenneth Cole Reaction Manhattan Commuter Slim Backpack 16"" Laptop Computer & Tablet Travel, Business, Work, School Bookbag, Cognac, Colombian Leather","E",0.19237372279167175,0.2219974845647812,0.029623761773109436,2,2,0
1768723,90261,"samsung s10+ case","B07N9GDT4H","OTTERBOX DEFENDER SERIES SCREENLESS EDITION Case for Galaxy S10+ - BLACK","E",0.2739783227443695,0.2889992892742157,0.015020966529846191,2,1,1
1395518,70905,"motor tool dewalt","B06WW85XHR","DEWALT Angle Grinder Tool, 4-1/2-Inch to 6-Inch, Trigger Switch (DWE43116)","E",0.2694768011569977,0.296830415725708,0.027353614568710327,1,1,0
100419,4027,"4 1/2 angle grinder","B00Z5LTO7O","Makita GA4542C SJSII High Power Angle Grinder, 4-1/2""","E",0.2543560862541199,0.2555968165397644,0.0012407302856445312,1,1,0
216452,9869,"apple watch chargee","B07ZNT29ZF","Powlaken Watch Charger, Magnetic Charging Cable Cord Compatible with Apple Watch Series Se, 6, 5, 4, 3, 2, 1","E",0.09472466260194778,0.08736598491668701,-0.007358677685260773,390,423,-33
286138,13429,"basketball","B01C5A2WJO","Little Tikes Easy Score Basketball Set, Blue, 3 Balls - Amazon Exclusive","E",0.23265866935253143,0.24130845069885254,0.008649781346321106,2,1,1
94294,3764,"36 inch shower curtain rod","B000ASIK9U","Zenna Home Tension Stall Shower Rod, 27""-40"", White","E",0.24814793467521667,0.2794467806816101,0.03129884600639343,3,1,2
1685607,85921,"reading cushion","B0117SNG0O","Linenspa Shredded Foam Pillow Perfect for Back Support While Relaxing, Gaming, Reading, or Watching TV - Soft Velour Cover, Standard, Stone","E",0.2430918961763382,0.24564319849014282,0.0025513023138046265,1,1,0
182942,8122,"all superhero lego sets","B078C9LXCM","LEGO Marvel Super Heroes Avengers: Infinity War Thanos: Ultimate Battle 76107 Guardians of the Galaxy Starship Action Construction Toy (674 Pieces) (Discontinued by Manufacturer)","E",0.23203706741333008,0.23124736547470093,-0.0007897019386291504,3,3,0
1425318,72406,"nature made multivitamin without iron","B004M7PJBW","Nature Made Maximin Pack, 30 Day Supply","E",0.25953584909439087,0.25072771310806274,-0.008808135986328125,1,1,0
653281,32430,"depends night defense large for women","B008RJV1JK","Depend FIT-FLEX Incontinence Underwear for Women, Disposable, Maximum Absorbency, Large, Blush, 52 Count (2 Packs of 26) (Packaging May Vary)","E",0.2609102725982666,0.2779708802700043,0.01706060767173767,2,1,1
1380051,70106,"modern ceiling fan without light","B002K8DBOC","kathy ireland HOME Loft 60 Inch Ceiling Fan | Indoor/Outdoor Fixture with 3 Weather Resistant Blades | Modern Industrial Design with 4-Speed Motor and Wall Control, Barbeque Black","E",0.25812116265296936,0.27747443318367004,0.019353270530700684,3,1,2
364152,17466,"blue shampoo aveda","B0016JDLO6","AVEDA by Aveda: Blue Malva Color Shampoo 33.8 OZ","E",0.3381606936454773,0.2999700605869293,-0.038190633058547974,1,1,0
71031,2718,"2 yr old boy toys","B004UU9ZB6","Fisher-Price Harley-Davidson Tough Trike [Amazon Exclusive] , Black","E",0.20654727518558502,0.2221037745475769,0.015556499361991882,6,1,5
2213387,113561,"wood slat bed frame","B074Q4Z46S","ZINUS Trisha Metal Platforma Bed Frame / Wood Slat Support / No Box Spring Needed / Easy Assembly, Twin","E",0.2373436838388443,0.23079819977283478,-0.0065454840660095215,2,2,0
231455,10636,"ashley longshore","0847866467","Ashley Longshore: I Do Not Cook, I Do Not Clean, I Do Not Fly Commercial","E",0.2661915421485901,0.216037780046463,-0.050153762102127075,1,1,0
849367,42495,"free time unlimited","B078HQBS21","Fire HD 8 Kids Edition Tablet, 8"" HD Display, 32 GB, Blue Kid-Proof Case (Previous Generation - 8th)","E",0.12525016069412231,0.14758187532424927,0.022331714630126953,204,21,183
622744,30858,"curtain tie backs without hooks","B01MSUTJIV","Amazon Basics Decorative Curtain Drapery Holdback, Set of 2, Dark Bronze (Espresso)","E",0.22655406594276428,0.21557950973510742,-0.01097455620765686,4,5,-1
25748,907,"1 wheel skates without breaks","B08RYXKNCP","JAJAHOHO Roller Skates for Girls, Adjustable Convertible 2-in-1 Skates, Junior Size 6 7 8 9, Tri-Wheels to Inline Skates 3 Wheels, Roller Blades for Kids Boys Toddler Outdoor (Blue, Junior Size 6-9)","E",0.24464468657970428,0.25380367040634155,0.009158983826637268,1,1,0
2043107,104637,"toys for 8 year old boy educations","B07T1NZD27","Sillbird STEM 12-in-1 Education Solar Robot Toys -190 Pieces DIY Building Science Experiment Kit for Kids Aged 8-10 and Older,Solar Powered by The Sun","E",0.2296968251466751,0.22901152074337006,-0.0006853044033050537,3,3,0
317924,15085,"best friends girl","B001L9EXSY","My Best Friend's Girl [Blu-ray]","E",0.2241886705160141,0.22016549110412598,-0.0040231794118881226,1,1,0
1284148,65108,"makeup","B00B4YVU4G","NYX PROFESSIONAL MAKEUP Makeup Setting Spray, Matte Finish , 2.03 Fl Oz (Pack of 1)","E",0.1655246913433075,0.16286207735538483,-0.0026626139879226685,10,10,0
1269888,64398,"lysa terkeurst books it wasnt","0310094348","It's Not Supposed to Be This Way Study Guide: Finding Unexpected Strength When Disappointments Leave You Shattered","E",0.32389938831329346,0.31380540132522583,-0.010093986988067627,1,1,0
1495623,76059,"orgain organic protein powder under $25","B07PXNNFGT","Orgain Organic Protein + Superfoods Powder, Vanilla Bean - 21g of Protein, Vegan, Plant Based, 5g of Fiber, No Dairy, Gluten, Soy or Added Sugar, Non-GMO, 2.02lb","E",0.3428768217563629,0.3612026870250702,0.018325865268707275,1,1,0
1061944,53655,"intex pool cover 32 x 16","B075R75Q8T","Intex 28051 Solar Roller","E",0.1605958789587021,0.16982345283031464,0.009227573871612549,66,46,20
925931,46521,"gold tulle rolls for nalloons","B0757DCGJZ","SINKSONS 20 Pieces Gold Confetti Balloons, 12 Inches Party Balloons With Golden Paper Confetti Dots For Party Decorations Wedding Decorations And Proposal (Gold)","E",0.2693677842617035,0.23351719975471497,-0.035850584506988525,1,1,0
1833162,93644,"simple human g bags","B010B2L04G","simplehuman Code H Custom Fit Drawstring Trash Bags, 30-35 Liter / 8-9 Gallon, White, 60 Count, Liners","E",0.2770988941192627,0.2780168950557709,0.0009180009365081787,1,1,0
1845600,94310,"sleep white noise machine","B00JU8P8VY","Adaptive Sound Technologies LectroFan Premium White Noise Sound Machine with 20 Unique Non-Looping Fan and White Noise Sounds and Sleep Timer, White, unscented, 1 Count","E",0.2701941132545471,0.24980495870113373,-0.02038915455341339,1,1,0
2061391,105595,"tub stopper and hair catcher","B004L04X5S","Danco 10306, Tub/Drain Protector Hair Cather and Strainer, Hair Drain Clog Prevention Drain Snake, Snare and Auger","E",0.2379796952009201,0.1924581676721573,-0.04552152752876282,1,37,-36
532055,26188,"chump t shirts","B078LC7GCX","Champion Men's Classic Jersey Script T-Shirt, Black/Black, X-Large","E",0.22746722400188446,0.24483177065849304,0.01736454665660858,1,1,0
1613303,82185,"pool table ping pong table top combo","B001CCHHX8","Fat Cat by GLD PRODUCTS Original 2-in-1, 7-Foot Pockey Game Table (Air Hockey and Billiards)","E",0.27212560176849365,0.28099679946899414,0.008871197700500488,1,1,0
1021837,51549,"household ventilation fans","B00NHJHTFU","Broan-NuTone AE80LK Flex Bathroom Exhaust Ventilation LED Light, Energy Star Certified, 80 CFM, 0.7 Sones Bath Fan, White","E",0.21785613894462585,0.24236449599266052,0.024508357048034668,4,2,2
220856,10083,"ar15 flashlight with mount","B07TBBMYND","Streamlight 88071 ProTac Rail Mount HL-X USB 1000-Lumen Rechargeable Dual Fuel Long Gun Light With Remote Switch, Remote Retaining Clips, Mounting Hardware, USB Battery & Cord, Black – Box Packaged","E",0.2679062485694885,0.27511245012283325,0.0072062015533447266,1,1,0
1380059,70106,"modern ceiling fan without light","B07F7P2V7P","Minka-Aire F524-CL Roto 52 Inch Ceiling Fan 3 Blades in Coal Finish","E",0.27646830677986145,0.28355276584625244,0.007084459066390991,1,1,0
2027322,103843,"togas boys","B07B7HNLMG","Ravensburger - Gravitrax Kit de Inicio, Juego STEM innovador y educativo, Edad recomendada 8+, Construye tu propia pista de canicas - Dimensiones: 34 x 34 x 11 cm","E",0.08817794173955917,0.06860953569412231,-0.01956840604543686,301,421,-120
1706565,87009,"remote control ceiling fan without light","B00ESVXRE8","Hunter Fan Company 53125 Bridgeport 52 Inch Versatile Indoor/Outdoor Damp-Rated Home Ceiling Fan with Pull Chain Control without Light Fixture, 52"", White finish","E",0.25948670506477356,0.2700488269329071,0.010562121868133545,4,2,2
328880,15609,"big chief tablet for kindergarten","1441334580","Practice Writing Pad - Primary tablet great for grades Kindergarten and up. (40 Sheets)","E",0.15390419960021973,0.134622260928154,-0.019281938672065735,35,97,-62
293070,13785,"bathroom storage shelf","B07HN1BRGK","Amazon Basics Mesh Sliding Basket Drawer Storage Shelf Organizer, Silver","E",0.17939932644367218,0.15614977478981018,-0.023249551653862,15,45,-30
1301198,66004,"marvel lego minifigures set","B07WMLFCTQ","LEGO Marvel Spider-Man Spider-Jet vs Venom Mech 76150 Superhero Gift for Kids with Minifigures, Mech and Plane (371 Pieces)","E",0.262891948223114,0.26543930172920227,0.002547353506088257,1,1,0
539748,26566,"classic brand headboard","B074NDPZT5","Vibe Gel Memory Foam 12-Inch Mattress | CertiPUR-US Certified | Bed-in-a-Box, Twin XL","E",0.22631727159023285,0.22979432344436646,0.003477051854133606,6,6,0
153495,6579,"addidas volleyball bag","B0090WWUF2","adidas Team Speed Backpack, University Red, One Size Fits All","E",0.2957862615585327,0.2976555824279785,0.0018693208694458008,1,1,0
114927,4698,"50mm canon rf lens","B07H4G9ZKW","Canon RF 50mm f/1.2L USM Lens, Black (2959C002)","E",0.2863854467868805,0.270596444606781,-0.015789002180099487,1,1,0
847116,42375,"frame and box spring full","B017YETJFG","ZINUS SmartBase Heavy Duty Mattress Foundation / 18 Inch Metal Platform Bed Frame / No Box Spring Needed / Sturdy Steel Frame / Underbed Storage, Full","E",0.21880584955215454,0.2274421602487564,0.008636310696601868,2,2,0
1659548,84570,"purple hair dye for dark hair without bleach","B01M1N7IFY","L'Oreal Paris Feria Multi-Faceted Shimmering Permanent Hair Color, V28 Midnight Violet (Deepest Violet), Pack of 1, Hair Dye","E",0.252655953168869,0.2490811049938202,-0.003574848175048828,1,1,0
1613304,82185,"pool table ping pong table top combo","B001L2IBE8","Fat Cat Original 3-in-1 Green 7' Pockey Multi-Game Table - Air Hockey, Billiards and Table Tennis - Green","E",0.26631513237953186,0.24787649512290955,-0.018438637256622314,2,2,0
286117,13429,"basketball","B07D75Y7QR","Wilson NCAA MVP Rubber Basketball, Elementary - 25.5""","E",0.23361730575561523,0.2407567799091339,0.007139474153518677,1,1,0
342154,16298,"black and white air max shoes for women","B07ZJP7VZJ","Nike Air Pegasus 37 Womens Running Trainers BQ9647 Sneakers Shoes (UK 4.5 US 7 EU 38, Black White 002)","E",0.25258180499076843,0.2626374661922455,0.01005566120147705,1,1,0
47568,1710,"11 promax phone case without screen otterbox","B07W7F529G","OtterBox STRADA SERIES Case for iPhone 11 Pro Max - ESPRESSO (DARK BROWN/WORN BROWN LEATHER)","E",0.24816450476646423,0.2327217161655426,-0.01544278860092163,2,2,0
579515,28629,"control dvd","B07C2MGWTD","GE Backlit Universal Remote Control for Samsung, Vizio, LG, Sony, Sharp, Roku, Apple TV, TCL, Panasonic, Smart TV, Streaming Players, Blu-Ray, DVD, 4-Device, Black, 40081","E",0.1877751350402832,0.20203262567520142,0.014257490634918213,7,4,3
223847,10241,"argeneau vampire series","B00A9V3GTM","Under a Vampire Moon: An Argeneau Novel","E",0.21436162292957306,0.2578318417072296,0.043470218777656555,1,1,0
1219598,61827,"lg hbs tone retractable","B07WQ9LP6H","LG Tone Flex HBS-XL7 Bluetooth Wireless Stereo Neckband Earbuds with 32-Bit Hifi DAC Tune by Meridian Audio, Black","E",0.20256102085113525,0.19956783950328827,-0.002993181347846985,29,33,-4
205741,9342,"annin american flag 3x5","B003J36E50","Annin Flagmakers Model 2710 American Flag Tough-Tex The Strongest, Longest Lasting, 3x5 ft, 100% Made in USA with Sewn Stripes, Embroidered Stars and Brass Grommets","E",0.3197263479232788,0.30976882576942444,-0.00995752215385437,1,1,0
157068,6769,"adidas tech fit compression shorts men","B008IIZ81M","adidas Men's Techfit Compression Dig Short Tight, Black/Light Scarlet, Small","E",0.30727165937423706,0.3404577076435089,0.03318604826927185,1,1,0
571117,28198,"compact projector","B07YY87FXP","ELEPHAS 2020 Mini Movie Projector, 5000 Full HD 1080P Video Projector, with 50, 000 Hours LED Lamp Life and 200"" Display, Compatible with USB/HDMI/VGA/Laptop/iPhone/TV Stick/TF Card","E",0.24856087565422058,0.2580578029155731,0.009496927261352539,1,1,0
140933,5941,"a/c thermostats for home","B018A3DHJY","Honeywell Home RTH221B1039 RTH221B Programmable Thermostat, White","E",0.25624361634254456,0.27831876277923584,0.022075146436691284,1,1,0
819080,40888,"fitness inspire hr","B07MSYTQNM","Fitbit Inspire HR Heart Rate and Fitness Tracker, One Size (S and L Bands Included), 1 Count","E",0.18125906586647034,0.18986380100250244,0.008604735136032104,5,4,1
973769,48986,"hanes muscle shirts for men","B00ACIFP64","Hanes Ultimate Men's Control Crew Neck Undershirt-Multiple Packs Available, White-6 Pack, Large","E",0.2390618920326233,0.2465922236442566,0.007530331611633301,1,1,0
21195,745,"1 gallon ziplock bags the kind without the zip clip","B07BJ495GL","Amazon Brand - Solimo Gallon Food Storage Bags, 120 Count","E",0.24796012043952942,0.2566796839237213,0.008719563484191895,1,1,0
1712871,87346,"return a gift","B075Y8WBTS","App Store & iTunes Gift Cards - Email Delivery","E",0.17645685374736786,0.1861429214477539,0.009686067700386047,11,3,8
745475,37087,"electric keyboard piano","B07FDL3NGT","Teclado RockJam compacto de 61 teclas con soporte para partituras, fuente de alimentación, pegatinas para notas de piano y lecciones de piano simples","E",0.2487214207649231,0.23736076056957245,-0.011360660195350647,1,1,0
1006670,50742,"history of the world","B01G7PYQTM","23andMe Health + Ancestry Service: Personal Genetic DNA Test Including Health Predispositions, Carrier Status, Wellness, and Trait Reports (Before You Buy See Important Test Info Below)","E",0.1210489422082901,0.1524413377046585,0.03139239549636841,178,14,164
102544,4116,"4 seater patio set","B007XVXU1A","Christopher Knight Home Carolina Outdoor Acacia Sofa Set, 4-Pcs Set, Brown Patina + Cream Cushion","E",0.2495439052581787,0.26038268208503723,0.01083877682685852,1,1,0
1020735,51493,"hotas joystick","B07643TW2V","Thrustmaster T-Flight Hotas One (XBOX Series X/S & XOne and Windows)","E",0.2694877088069916,0.2609013020992279,-0.008586406707763672,1,1,0
1203352,60972,"led lights without plug","B014STP24C","Koopower [Remote and Timer 40 LED Outdoor Fairy Lights - 8 Modes Battery Operated Strings (120 Hours of Lighting,IP65 Waterproof,Warm White)","E",0.23873357474803925,0.21291090548038483,-0.02582266926765442,4,10,-6
965423,48553,"halloween costumes for boys","B00TO8QRC4","Rubies Child's The Original Inflatable Dinosaur Costume, T-Rex, Small","E",0.16386544704437256,0.17919762432575226,0.0153321772813797,16,7,9
32724,1162,"10 and 8 yr old. make up without the nieal plush","B00E24BM2U","ALEX Toys Hair Chalk Salon Girls Hair Activity","E",0.18679247796535492,0.17128629982471466,-0.015506178140640259,3,12,-9
1048130,52886,"impact to socket 1/2 inch drive","B000JL9I5I","TEKTON 1/2 Inch Drive 6-Point Impact Socket Set, 10-Piece (11-24 mm) | 4815","E",0.19475987553596497,0.18973582983016968,-0.005024045705795288,10,16,-6
2005973,102736,"things to get teens for christmas","B0812BN1L1","What Do You Meme? Family Edition - The Hilarious Family Game for Meme Lovers","E",0.2242564857006073,0.21899816393852234,-0.005258321762084961,1,1,0
252336,11676,"b450 motherboard","B07WF6ZQST","MSI Arsenal Gaming AMD Ryzen 2ND and 3rd Gen AM4 M.2 USB 3 DDR4 DVI HDMI Crossfire ATX Motherboard (B450 TOMAHAWK MAX II)","E",0.25882482528686523,0.26591822504997253,0.0070933997631073,1,1,0
125452,5206,"760 cover girl","B0018QJFE2","CoverGirl Smoothers Liquid Make Up, Classic Tan 760, 1-Ounce Packages (Pack of 2)","E",0.1890510618686676,0.1745915412902832,-0.0144595205783844,3,6,-3
237844,10942,"athletic greens powder","B0786Q851W","Vibrant Health, Green Vibrance, 25.04 Ounce","E",0.27917999029159546,0.271754652261734,-0.00742533802986145,1,1,0
597708,29566,"counter stools 25 inches","B0166POV1Q","Signature Design by Ashley Glosco Farmhouse 25.5"" Counter Height Saddle Barstool, 2 Count, Two-Tone Brown","E",0.26921308040618896,0.28835397958755493,0.019140899181365967,1,1,0
1444044,73410,"night stand single","B01NBJMHFK","Furinno 11157GYW/BK Andrey End Table Nightstand with Bin Drawer, 1-Pack, French Oak Grey","E",0.24189475178718567,0.24335017800331116,0.0014554262161254883,1,1,0
1505343,76578,"outdoor fans without lights","B0842RLBSK","Hunter Fan Company 59609 Trimaran Ceiling Fan, 52, Matte Black Finish","E",0.23238429427146912,0.25104787945747375,0.01866358518600464,1,1,0
1184455,59991,"large bamboo wall art","B01BS54XTO","Madison Park Wall Art Living Room Décor - Scenery Triptych Canvas Home Accent Modern Dining Bathroom Decoration, Ready to Hang Painting for Bedroom, Multi-Sizes, Natural Forest Reflection 3 Piece","E",0.24689586460590363,0.24245376884937286,-0.004442095756530762,2,2,0
1434979,72915,"nesoresso vertuoline pods","B01N05APQY","Nespresso Capsules VertuoLine, Medium and Dark Roast Coffee, Variety Pack, Stormio, Odacio, Melozio, 10 Count (Pack of 3)","E",0.3046343922615051,0.3119358420372009,0.007301449775695801,1,1,0
1299844,65928,"mars lego set","B083JWZNW7","LEGO Ideas International Space Station 21321 Building Kit, Adult Set for Display, Makes a Great Birthday Present (864 Pieces)","E",0.25471773743629456,0.28290170431137085,0.028183966875076294,1,1,0
51877,1891,"12 volt amp","B0071HZ5EQ","Pyle Home Mini Audio Amplifier - 60W Portable Dual Channel Surround Sound HiFi Stereo Receiver w/ 12V AC Adapter, AUX, MIC IN, Supports Smart Phone, iPhone, iPod, MP3 For 2-8ohm Speakers - Pyle PFA200","E",0.27151504158973694,0.2796780467033386,0.008163005113601685,2,1,1
182506,8097,"all left for dead video games for xbox 360","B00KVSQAGO","Grand Theft Auto V Xbox One","E",0.21507979929447174,0.20966105163097382,-0.005418747663497925,1,1,0
1142832,57874,"kids kindle fire tablet","B07KD718K4","Fire HD 10 Kids Tablet – 10.1” 1080p full HD display, 32 GB, Pink Kid-Proof Case (2019 Release)","E",0.28769099712371826,0.2952362895011902,0.007545292377471924,3,1,2
1513244,76996,"oz naturals vitamin c serum for face","B01B5G45R6","artnaturals Anti Aging Vitamin C Serum for Face, Facial Skin Care Products 3 pack, Hyaluronic Acid and Retinol Serum (3 x 1 Fl Oz / 30ml), Anti Wrinkle and Dark Circle Remover","E",0.2365271896123886,0.2502313554286957,0.013704165816307068,1,1,0
1168302,59191,"kurig coffee machines","B083248S3B","Keurig K-Slim Coffee Maker, Single Serve K-Cup Pod Coffee Brewer, 8 to 12 oz. Brew Sizes, Black","E",0.26887983083724976,0.2692643404006958,0.0003845095634460449,1,1,0
1779194,90818,"scar prevention cuts","B003DGWTXE","ScarAway Advanced Skincare Silicone Scar Sheets, Silicone Scar Sheets for Body Scar, Surgical Scar, Burn Scar, Acne Scar and Keloid Scar Treatment, 6 Sheets","E",0.2523496448993683,0.24905963242053986,-0.00329001247882843,1,1,0
210988,9597,"apollo 11","1534440305","Moonshot: The Flight of Apollo 11 (Richard Jackson Books (Atheneum Hardcover))","E",0.20276488363742828,0.22354544699192047,0.020780563354492188,3,3,0
45086,1618,"10w30 marine oil","B07V48QK2V","Quicksilver 10W-30 Synthetic Marine Engine Oil - 1 Quart","E",0.21080312132835388,0.2483672946691513,0.037564173340797424,2,1,1
243311,11232,"australian botanical sunscreen spf 50","B01M8G39OW","Australian Gold Botanical Sunscreen Tinted Face Mineral Lotion SPF 50, 3 Ounce | Broad Spectrum | Water Resistant","E",0.15938828885555267,0.16129030287265778,0.0019020140171051025,21,21,0
36244,1293,"10 qt stainless steel pot without aluminum","B07HHXV5QB","Circulon Radiance Hard Anodized Nonstick Stock Pot/Stockpot with Lid - 10 Quart, Gray","E",0.2828100323677063,0.2965278923511505,0.013717859983444214,1,1,0
344240,16410,"black cargo pants women","B07NLYNYMN","Dickies Women's Stretch Twill Straight Leg Cargo Pant, Rinsed Black, 6","E",0.26937004923820496,0.2577967345714569,-0.011573314666748047,1,1,0
1731937,88311,"rolling desk chair without arms","B00E97HEW2","Flash Furniture Mid-Back Black Quilted Vinyl Swivel Task Office Chair","E",0.23384468257427216,0.2347150444984436,0.0008703619241714478,4,3,1
14140,485,"01 ford mustang 3.8 tan seat covers without headrest","B089Y2ZJQH","Motor Trend LuxeFit Beige Faux Leather Car Seat Cover for Front Seats, 1 Piece – Premium Universal Fit Interior Protector, Padded Leather Seat Cover Cushion for Auto Truck Van & SUV","E",0.2301829755306244,0.2627841830253601,0.03260120749473572,1,1,0
583067,28817,"cool tissues kleenex","B07YL9BVHD","Kleenex Expressions Ultra Soft Facial Tissues, 8 Cube Boxes, 65 Tissues per Box (520 Total Tissues)","E",0.27909842133522034,0.28707966208457947,0.00798124074935913,1,1,0
714563,35560,"drip drop","B07NRBN6WG","DripDrop ORS - Electrolyte Powder For Dehydration Relief Fast - For Workout, Sweating, Illness, & Travel Recovery - Watermelon, Berry, Lemon Variety Pack - 32 x 8oz Servings","E",0.21467263996601105,0.2128582000732422,-0.0018144398927688599,1,1,0
92573,3682,"32 inch smart tv 4k","B01CG8NFQO","Sony 32-inch 720p Smart LED TV (KDL32W600D, 2016 Model)","E",0.2546067237854004,0.2517699897289276,-0.0028367340564727783,2,2,0
2136947,109464,"wall clock digital","B06XDSQRMJ","La Crosse Technology 513-1419-WA-INT Atomic Large Full Digital Calendar Clock, 9.84"" L x 1.14"" W x 7.48"" H, Walnut","E",0.23283424973487854,0.23495447635650635,0.0021202266216278076,2,2,0
387606,18639,"bose earbuds","B0117RFOEG","Bose SoundSport, In-Ear Sports Headphones for Apple devices, (Water and Sweat Resistant Headphones), Charcoal","E",0.28435587882995605,0.2706650197505951,-0.013690859079360962,1,1,0
1285509,65177,"makeup without titanium dioxide","B008C13146","Maybelline Dream Fresh Skin Hydrating BB cream, 8-in-1 Skin Perfecting Beauty Balm with Broad Spectrum SPF 30, Sheer Tint Coverage, Oil-Free, Light/Medium, 1 Fl Oz","E",0.15907055139541626,0.15364141762256622,-0.005429133772850037,59,73,-14
945267,47526,"grid mirror","B00505BFF4","Howard Elliott Superior Hanging Rectangular Window Design Wall Mirror, Accent, Bronze, Eegant Beveled Frameless Windowpane Décor Mirrors, Hang Horizontal or Vertical, 34 x 38 Inch","E",0.28770798444747925,0.26370251178741455,-0.024005472660064697,1,1,0
1369792,69560,"mini vending machine","B01BMSFF4Y","Dr. STEM Toys Kids Talking ATM Machine Savings Piggy Bank with Digital Screen, Electronic Calculator That Counts Real Money, and Safe Box for Kids, Silver","E",0.20140314102172852,0.23350216448307037,0.03209902346134186,1,1,0
207646,9440,"anti-theft crossbody bags for women leather","B01CG1MW2Y","Travelon Anti-Theft Heritage Hobo Bag, Pewter, 11.5 X 9.5 X 3","E",0.21999913454055786,0.22653283178806305,0.006533697247505188,1,1,0
261128,12144,"baby shark bath toys singing","B07Q2MNW1Z","Baby Alive, Baby Shark Blonde Hair Doll, with Tail & Hood, Inspired by Hit Song & Dance, Waterplay Toy for Kids Ages 3 Years Old & Up (Amazon Exclusive), Pink","E",0.2820844352245331,0.26640334725379944,-0.015681087970733643,1,1,0
210993,9597,"apollo 11","0813056179","Picturing Apollo 11: Rare Views and Undiscovered Moments","E",0.25999391078948975,0.24409553408622742,-0.01589837670326233,1,1,0
370088,17766,"board games for kids","B00UPAYY70","5 Second Rule Junior","E",0.26249244809150696,0.26513025164604187,0.002637803554534912,1,1,0
1474111,74975,"oakley valve","B003DQPBXE","Oakley Holbrook Sunglasses, Matte Black Frame/Warm Grey Lens, One Size","E",0.25482165813446045,0.23100203275680542,-0.02381962537765503,1,1,0
402047,19372,"bracelet making kit age 8","B01N02MNVQ","Just My Style ABC Beads by Horizon Group Usa, 1000+ Charms & Beads, Alphabet Charms, Accent Beads, Seed Beads, Star Beads, Wax Beading Cord, Satin Cord & Key Ring Included, Bright","E",0.2385895699262619,0.24674314260482788,0.008153572678565979,1,1,0
555683,27406,"coffee maker not keurig","B00EI7DPS0","Hamilton Beach Scoop Single Serve Coffee Maker, Fast Brewing, Stainless Steel (49981A)","E",0.23706397414207458,0.24551184475421906,0.00844787061214447,2,2,0
167550,7318,"air fryer oven","B0872DQV7Z","Kalorik MAXX® AFO 46045 SS Digital Air Fryer Oven 26 Quart 10-in-1 Countertop Toaster Oven & Air Fryer Combo - Grill, Rotisserie, Dehydrator, Pizza Oven, & More | 1750W | Stainless Steel","E",0.2566602826118469,0.2757091224193573,0.019048839807510376,1,1,0
189386,8461,"amanzon","B01K8RMDO0","Amazon.com Gift Card in a Black Gift Box (Classic Black Card Design)","E",0.16350588202476501,0.16529670357704163,0.0017908215522766113,73,58,15
1183761,59963,"laptop under 300 dollars","B0886L3CFV","HP Stream 11.6-inch HD Laptop, Intel Celeron N4000, 4 GB RAM, 32 GB eMMC, Windows 10 Home in S Mode with Office 365 Personal for 1 Year (11-ak0020nr, Diamond White)","E",0.22882235050201416,0.25901687145233154,0.030194520950317383,2,1,1
1639124,83522,"probably something that has a good amd ryzen processor in it with metal build quality and a nice va panel screen  ","B07SXMZLPK","AMD Ryzen 7 3700X with Wraith Prism cooler 3.6GHz 8コア / 16スレッド 36MB 65W【国内正規代理店品】 100-100000071BOX","E",0.2207518219947815,0.20992547273635864,-0.010826349258422852,2,3,-1
94292,3764,"36 inch shower curtain rod","B00LUYNCR8","iDesign Cameo Metal Tension Rod, Adjustable Customizable Curtain Rod for Bathtub, Shower Stall, Closet, Doorway, 26-42 Inches, Matte Black","E",0.219200000166893,0.2470839023590088,0.027883902192115784,11,4,7
39047,1400,"100 headset without micrphone","B07RJHH6Q8","SteelSeries Arctis 9X Wireless Gaming Headset – Integrated Xbox Wireless + Bluetooth – 20+ Hour Battery Life – for Xbox One and Series X","E",0.23225551843643188,0.23564393818378448,0.0033884197473526,2,1,1
1639030,83516,"proactiv cleanser 1","B004DOYM2Q","Proactiv Acne Cleanser - Benzoyl Peroxide Face Wash and Acne Treatment - Daily Facial Cleanser and Hyularonic Acid Moisturizer with Exfoliating Beads - 90 Day Supply, 6 Oz","E",0.34041628241539,0.3365827202796936,-0.003833562135696411,1,1,0
410604,19828,"brincolines para adultos","B07DJ5NH8V","10FT Trampoline with Enclosure Net Outdoor Jump Rectangle Trampoline - ASTM Approved-Combo Bounce Exercise Trampoline with PVC Spring Cover Padding for Kids and Adults","E",0.1745196282863617,0.18384164571762085,0.009322017431259155,18,9,9
310548,14692,"beer themed gifts for women","B07F7167QH","I LIKE CRAFTS Craft Beer Microbrew Hops Funny Gift Dad Men T-Shirt","E",0.23948664963245392,0.23561139404773712,-0.003875255584716797,1,1,0
30014,1060,"1/2 inch binder","B07NXBNRQT","Avery Heavy Duty View 3 Ring Binder, 0.5"" One Touch Slant Ring, Holds 8.5"" x 11"" Paper, 1 White Binder (79380)","E",0.21709027886390686,0.2120208442211151,-0.005069434642791748,3,3,0
1850927,94587,"small ball pit","B079Y9CQX8","FoxPrint Basketball Ball Pit - Toddler Ball Pit Tent - Sensory Ball Pit with Basketball Hoop & Zippered Storage Bag - 4'/120cm - Balls not Included","E",0.3092021048069,0.30420976877212524,-0.00499233603477478,1,1,0
431816,20959,"bycicle card deck guardians","B07ZWM87WY","Bicycle 1885 Anniversary Playing Cards (packaging may vary) , White","E",0.2685732841491699,0.26759910583496094,-0.0009741783142089844,1,1,0
1549853,78855,"pentek big blue filter","B0045LUE4W","Pentair Pentek 150237 Big Blue Filter Housing, 1"" NPT #10 Whole House Heavy Duty Water Filter Housing with High-Flow Polypropylene (HFPP) Cap and Pressure Relief Button, 10-Inch, Black/Blue","E",0.174077108502388,0.18972691893577576,0.015649810433387756,1,1,0
86903,3415,"3 port gigabit switch","B0000BVYT3","NETGEAR 5-Port Gigabit Ethernet Unmanaged Switch (GS105NA) - Desktop or Wall Mount, and Limited Lifetime Protection","S",0.270911306142807,0.28047990798950195,0.009568601846694946,1,1,0
205722,9342,"annin american flag 3x5","B00F544LUG","Annin Flagmakers Model 2750 American Flag, 8 by 12-Feet, not_Applicable","S",0.2395668476819992,0.24067261815071106,0.001105770468711853,2,2,0
320750,15226,"beth caudill","B07RS51TT3","She's Not the One (Matthews Family Book 1)","S",0.146388977766037,0.16375504434108734,0.017366066575050354,67,3,64
329961,15667,"big nate book 4-6","0007589042","Big Nate Series Collection Lincoln Peirce 6 Books Box Set Gift Pack (Big Nate on a Roll, Goes for Broke, the Boy with the Biggest Head in the World, Strikes Again, Flips Out, in the Zone)","S",0.32969504594802856,0.3181418180465698,-0.01155322790145874,1,1,0
30439,1075,"1/2 pvc coupling without stop","B007Q2GRVG","U4801 11/2 HXH COUPLING PVC","S",0.2562839388847351,0.20054805278778076,-0.055735886096954346,2,22,-20
410188,19808,"bright light table lamps","B07DRKDFJS","LED Desk Lamp,JUKSTG Eye-Caring Table Lamp,Adjustable Desk Light,Home Office Lamps with USB Charging Port,7 Brightness Levels 4 Lighting Modes,Blue Light Filter,Touch Control,14W Reading Lamp,Silver","S",0.2069007009267807,0.21215292811393738,0.005252227187156677,1,1,0
309930,14654,"beef jerky for dad","B01FA1BLQ0","Cattleman's Cut Original Beef Jerky, 10 Ounce","S",0.22855985164642334,0.24034446477890015,0.011784613132476807,1,1,0
47724,1716,"11 x 24 x 60 kitchen shelving unit white without wheels","B002ACO6LA","Honey-Can-Do 4-Tier Chrome Shelving unit-200 lbs, 4-Tier","S",0.24692457914352417,0.2624107897281647,0.015486210584640503,2,1,1
127436,5309,"8.5 x 11 frame white","B01616HZMM","MCS Format Frames, 8.5 x 11 in, Black, 12 Count","S",0.2311950922012329,0.22156867384910583,-0.009626418352127075,4,5,-1
89437,3538,"3/4 petsafe replacement collar","B074YFMXZZ","PetSafe Add-A-Dog Remote Training Collar – Perfect for Small, Medium and Large Dogs – Choose from Tone, Vibration, or 15 Levels of Static Stimulation – Waterproof and Durable – Rechargeable","S",0.25440096855163574,0.28278571367263794,0.028384745121002197,2,1,1
263092,12247,"baby travel bouncer","B071W4V146","Fisher-Price Baby's Bouncer, Green/Blue/Grey (DTG94)","S",0.24957191944122314,0.2565594017505646,0.006987482309341431,2,2,0
1236417,62678,"link akc","B072XMDHTZ","Tractive 3G GPS Dog Tracker – Dog Tracking Device with Unlimited Range","S",0.1362990140914917,0.15196886658668518,0.01566985249519348,355,181,174
125771,5223,"7th generation free & clear laundry detergent packs","B01M10LBSQ","Seventh Generation Laundry Detergent Packs, Fragrance Free, 75 Count","S",0.37330758571624756,0.38788941502571106,0.014581829309463501,1,1,0
620207,30733,"cup phone holder for car for galaxy","B07X2WGT72","Mpow Car Phone Mount, Dashboard Windshield Car Phone Holder with Long Arm, Strong Sticky Gel Suction Cup, Anti-Shake Stabilizer Compatible iPhone 12 11 pro/11 pro max/XS/XR/X/8/7,Galaxy, Moto and More","S",0.2816840410232544,0.2889617085456848,0.00727766752243042,1,1,0
130298,5447,"9 inch wall clock","B078W67K8H","Unity Cambourne Non-Ticking Sweeping Wall Clock in Chrome Silver 20cm / 8-Inch","S",0.250629186630249,0.22677862644195557,-0.023850560188293457,1,2,-1
234357,10765,"assassins creed odyssey switch","B07DJ1PVJG","Assassins Creed Odyssey (PS4)","S",0.28908979892730713,0.3241285979747772,0.03503879904747009,1,1,0
312379,14797,"bella 8 in 1 grill station","B0098HR0PY","Weber 46110001 Spirit E-210 Gas Grill | Liquid Propane, 2-Burner | Black","S",0.23348797857761383,0.23172469437122345,-0.0017632842063903809,2,2,0
133069,5596,"9x12 bright white const paper 50ct","B000QE391W","SunWorks Construction Paper, Bright White, 12"" x 18"", 50 Sheets","S",0.20643553137779236,0.2618284821510315,0.055392950773239136,3,1,2
1467424,74628,"nude racerback sports bra","B00JAC12W4","Bali Women's One Smooth U Ultra Light Illusion Neckline Underwire Bra, Nude,38DD","S",0.22769418358802795,0.27296051383018494,0.04526633024215698,2,1,1
327946,15567,"big and tall office chair 500lbs cheap desk chair","B014FK0L22","Flash Furniture Big & Tall Office Chair | Black Leather Swivel Executive Desk Chair with Wheels","S",0.25689470767974854,0.26608482003211975,0.009190112352371216,2,1,1
313243,14845,"belly support shorts for pregnancy","B01IVSE8YG","Motherhood Maternity Women's Maternity Essential Stretch Crop Length Secret Fit Belly Leggings, Black, Medium","S",0.24980345368385315,0.26575547456741333,0.01595202088356018,1,1,0
210991,9597,"apollo 11","1501106295","One Giant Leap: The Impossible Mission That Flew Us to the Moon","S",0.2319146990776062,0.21799412369728088,-0.013920575380325317,2,2,0
145189,6138,"abu garcia baitcasting combo","B011LV6N8O","Abu Garcia SMAX3/701MH Silver Max Fishing Rod and Baitcast Fishing Reel Combo, 7 Feet, Medium Heavy Power","S",0.23760022222995758,0.24371789395809174,0.006117671728134155,2,1,1
328129,15573,"big and tall track pants","B071G1WWZN","adidas Men's Originals Superstar Track Pants, Black, Small","S",0.2718476951122284,0.2733604907989502,0.0015127956867218018,2,2,0
61849,2341,"18 month coat boy","B07RLYJZ63","Carter's Baby Boys Adventure Bubble Jacket, Armour Gray/Azul/Radioactive, 18 Months","S",0.20692074298858643,0.2044578641653061,-0.0024628788232803345,1,1,0
118141,4848,"6 drawers tall chest","B071W9L4JG","South Shore Gramercy 6-Drawer Double Dresser, Pure Black with Brushed Nickel Handles","S",0.19280125200748444,0.18896342813968658,-0.0038378238677978516,8,10,-2
177509,7829,"alegra allergy 60 mg","B077NZVXKF","Wellness Basics - Allergy Relief - Fexofenadine HCL (180mg Tablet - 150 Count) Long-Lasting 24-Hour Relief - Non Drowsy - Prescription-Strength Antihistamine - Relieves Indoor & Outdoor Allergies","S",0.25152456760406494,0.2579103410243988,0.006385773420333862,1,1,0
1852274,94664,"small cooler","B00GZQ80BE","Coleman Cooler| 16-Quart Portable Cooler |EZ-Clean Excursion Cooler Ideal for Picnics and Barbecues","S",0.2770652174949646,0.28885918855667114,0.011793971061706543,1,1,0
301377,14206,"beachy storage bench for bedroom","B01H7ASFP2","SIMPLIHOME Waverly 48 inch Wide Rectangle Ottoman Bench Natural Tufted Footrest Stool, Linen Look Polyester Fabric for Living Room, Bedroom, Traditional","S",0.23375645279884338,0.2409401535987854,0.007183700799942017,1,1,0
899441,45106,"giant blank card","B075CTXSH6","American Greetings Single Panel Blank Cards with Envelopes, Rainbow Colors (200-Count)","S",0.17328843474388123,0.1741199493408203,0.0008315145969390869,44,43,1
1209341,61279,"lego duplo cars","B01CU9WL5A","LEGO DUPLO Town Truck & Tracked Excavator 10812 Dump Truck and Excavator Kids Construction Toy with DUPLO Construction Worker Figures (26 Pieces)","S",0.2523419260978699,0.2584312856197357,0.006089359521865845,1,1,0
527055,25910,"christmas gifts","B00MV9FCFQ","Gamestop Gift Cards - E-mail Delivery","S",0.15541519224643707,0.17635540664196014,0.02094021439552307,92,11,81
155559,6690,"adidas leggings women high waisted","B08777GXJS","adidas womens 3-Stripes 3/4 Tights Black/White Medium","S",0.3235028386116028,0.2971247434616089,-0.026378095149993896,1,1,0
71015,2717,"2 yr old boy police car","B01FWKFTJY","Kid Trax Police Rescue Motorcycle 6V Battery-Powered Ride-On Toy,Black,6 Volt","S",0.2766348421573639,0.2813982665538788,0.004763424396514893,1,1,0
1917622,98124,"stickers for kids food","B07BJ5L7N3","Fashion Angels 1000+ Ridiculously Cute Stickers for Kids - Fun Craft Stickers for Scrapbooks, Planners, Gifts and Rewards, 40-Page Sticker Book for Kids Ages 6+ and Up","S",0.2398485541343689,0.2432515025138855,0.0034029483795166016,1,1,0
167729,7328,"air guns","B00T9S3OBQ","Benjamin BPBD3S Bulldog .357 PCP Hunting Rifle With Reversible Sidelever Bolt Action, Black","S",0.2095205932855606,0.22183063626289368,0.012310042977333069,1,1,0
145185,6138,"abu garcia baitcasting combo","B07KZ6C7QT","LEW'S FISHING Mach 1 Speed Spool SLP Combo, Left-Hand Retrieve, Baitcast Combo, Baitcasting Reel, Fishing Reel and Fishing Rod, Fishing Gear and Equipment, Fishing Accessories (MH1SHLA610MH)","S",0.23804867267608643,0.2372104525566101,-0.0008382201194763184,1,2,-1
119387,4911,"6 x 12 floor register oil rubbed bronze","B002OUCATS","Accord ABBBWH15 Baseboard Register with Sunburst Design, 15-Inch(Duct Opening Measurement), White","S",0.16557040810585022,0.1634359061717987,-0.0021345019340515137,70,75,-5
160778,6974,"adult thomas the train shirt","B07YGNYY4M","This Train Conductor Costume - Halloween Train Driver T-Shirt","S",0.28454482555389404,0.26030421257019043,-0.024240612983703613,1,1,0
1689039,86103,"receivers 7.1 channel","B0071I3OF2","Wireless Bluetooth Power Amplifier System - 420W 5.1 Channel Home Theater Surround Sound Audio Stereo Receiver Box w/ RCA, AUX, Mic w/ Echo, Remote - For Subwoofer Speaker - Pyle PT588AB Black","S",0.21613995730876923,0.22750461101531982,0.011364653706550598,2,1,1
787604,39234,"face sunscreen for sensitive skin","B01M8G39OW","Australian Gold Botanical Sunscreen Tinted Face Mineral Lotion SPF 50, 3 Ounce | Broad Spectrum | Water Resistant","S",0.21517059206962585,0.17171740531921387,-0.04345318675041199,3,26,-23
900903,45175,"gift cards for olive garden","B076CXY1MN","Darden Restaurants Gift Card $25","S",0.32893896102905273,0.35056230425834656,0.021623343229293823,1,1,0
906720,45493,"girl without a country","B018ER7ILE","Journey Interrupted: A Family Without a Country in a World at War","S",0.15298475325107574,0.1749766618013382,0.02199190855026245,15,3,12
482457,23603,"cashew oil for warts","B01NALN8Q9","Castor Oil (2oz), USDA Certified Organic, 100% Pure, Cold Pressed, Hexane Free by Kate Blanc Cosmetics. Stimulate Growth for Eyelashes, Eyebrows, Hair. Skin Moisturizer & Hair Treatment Starter Kit","S",0.23228073120117188,0.2232813537120819,-0.008999377489089966,1,1,0
341368,16254,"black and decker 40v blower","B07MVLM292","Greenworks 40V (110 MPH / 390 CFM) Cordless Axial Blower, 3.0Ah Battery and Charger Included LB-390","S",0.23884055018424988,0.23842114210128784,-0.00041940808296203613,2,2,0
705942,35124,"dr brandt do not age","B072K1LNNY","Korean Skin Care K Beauty - 20% Vitamin C Hyaluronic Acid Serum + CE Ferulic Acid Provides Potent Anti Aging, Anti Wrinkle Korean Beauty 1oz","S",0.14600950479507446,0.1496928334236145,0.003683328628540039,26,21,5
160803,6975,"adult toothpaste not mint","B07P5NH63L","Tom's of Maine Natural Luminous White Toothpaste with Fluoride, Clean Mint, 4.7 oz. 3-Pack (Packaging May Vary)","S",0.2169986516237259,0.1972096860408783,-0.019788965582847595,2,4,-2
95443,3821,"380 reloading dies","B000NTNJ1K","LEE PRECISION 90622, 3 Die Carbide Set.325 ACP","S",0.17283056676387787,0.21802203357219696,0.04519146680831909,7,1,6
2017019,103307,"tiny chapsticks","B004FHZKOA","Aquaphor Lip Repair Ointment - Long-lasting Moisture to Soothe Dry Chapped Lips Tube, 0.35 Fl Oz (Pack of 1)","S",0.17983147501945496,0.18980014324188232,0.009968668222427368,6,4,2
1013728,51127,"honest baby detergent laundry","B001RZQW18","Dreft Stage 1: Newborn Liquid Laundry Detergent (HE),Natural for Baby, Newborn, or Infant, 50 oz, 32 loads","S",0.2496672123670578,0.28198638558387756,0.03231917321681976,1,1,0
2080946,106582,"under $10","B00LH3DMUO","Amazon Basics - Pilas alcalinas AAA de 1,5 voltios, gama Performance, paquete de 36 (el aspecto puede variar)","S",0.18404386937618256,0.15924425423145294,-0.024799615144729614,7,213,-206
234351,10765,"assassins creed odyssey switch","B07W22BBD3","Assassin's Creed III Remastered + Assassin's Creed Liberation Remastered NSW (Nintendo Switch)","S",0.19415947794914246,0.2767351269721985,0.08257564902305603,8,2,6
108804,4413,"4moms pack and play","B01BMAW2UM","Joovy Room²-Playard, Portable-Playard, Playpen, Black","S",0.2285449057817459,0.23624227941036224,0.007697373628616333,2,1,1
247451,11430,"avengers animated tv series","B00H57T5FC","The Avengers: Earth's Mightiest Heroes, Season 2 [Blu-ray]","S",0.29863911867141724,0.279011607170105,-0.019627511501312256,1,1,0
50178,1810,"12 ft paint sprayer hose","B001NOGIKS","HYDE 09997 Acrylic Knockdown Knife, 18-inch","S",0.1871849149465561,0.18443810939788818,-0.0027468055486679077,20,24,-4
2226234,114229,"xbox 1tb ssd external harddrive","B07QLQ62ZB","Tianken 500G Hard Drive External HDD for Xbox 360, Gray","S",0.23239246010780334,0.21141420304775238,-0.020978257060050964,4,8,-4
313183,14841,"belly firming patch","B003CJP13W","NIVEA Skin Firming and Toning Body Gel-Cream with Q10, 6.7 Oz Tube","S",0.20283296704292297,0.22690695524215698,0.02407398819923401,3,1,2
1937595,99190,"sunfire subwoofer","B00MJ1YR8Y","Klipsch R-12SW Subwoofer","S",0.2681053578853607,0.29315733909606934,0.025051981210708618,1,1,0
210560,9578,"aphid killer","B004TSU748","BioAdvanced 701901 12-Month Tree and Shrub Protect and Feed Insect Killer and Fertilizer, 32-Ounce, Concentrate","S",0.17487791180610657,0.2042647749185562,0.029386863112449646,7,4,3
131966,5536,"95 length grey block curtains","B01BN4FLEG","Exclusive Home Curtains Chateau Striped Faux Silk Grommet Top Curtain Panel Pair, 54x96, Black Pearl","S",0.2818948030471802,0.2717593014240265,-0.010135501623153687,1,1,0
1504237,76520,"outdoor bar table and chairs set","B002USUJV0","Linon Brown 3-Piece Table Faux Marble Tavern Set, 42"" w x 22.25"" d x 36"" h","S",0.24344633519649506,0.27342236042022705,0.029976025223731995,1,1,0
106448,4299,"49ers gym apparel","B0071A06BK","Russell Athletic Men's Mesh Short with Pockets, True Red, Large","S",0.24137689173221588,0.24464216828346252,0.003265276551246643,1,1,0
2245267,115164,"youth archery target","B00AI9IXJS","Morrell Yellow Jacket 19 Pound Portable Stinger Adult Field Point Archery Bag Target with 2 Shooting Sides, 10 Bullseyes, and Carry Handle, Yellow","S",0.21896174550056458,0.23663944005966187,0.01767769455909729,1,1,0
1561303,79466,"phillps air fryers best seller prime","B07QHSZGXC","COSORI Accessories XL, Set of 6 Fit all 5.8Qt, 6Qt Air Fryer BPA Free, Dishwasher Safe, Non-stick Coating, C158-6AC, Black","S",0.18517567217350006,0.18414002656936646,-0.001035645604133606,7,7,0
349451,16694,"black onesies baby","B0744PMZVG","Simple Joys by Carter's Baby Boys' 4-Pack Pant, Black/Gray/Dino/Anchor, 3-6 Months","S",0.18806934356689453,0.20838198065757751,0.020312637090682983,4,2,2
47207,1693,"11 inch doll clothes","B07TJNPV76","BARWA 36 Pack Doll Clothes and Accessories 5 PCS Fashion Dresses 5 Tops 5 Pants Outfits 3 PCS Wedding Gown Dresses 3 Sets Swimsuits Bikini for 10 Hangers 10shoes 11.5 inch Doll","S",0.21729764342308044,0.22983282804489136,0.012535184621810913,1,1,0
113475,4627,"50 gallon tote","B00V87CQYM","Sterilite 14699002 40 Gallon/151 Liter Wheeled Industrial Tote, Black Lid & Base w/ Racer Red Handle & Latches, 2-Pack","S",0.23334473371505737,0.2285240739583969,-0.004820659756660461,2,2,0
138658,5824,"a general introduction to the bible by norman l. geisler","0785266429","End Times Fiction: A Biblical Consideration Of The Left Behind Theology","S",0.16765578091144562,0.18195335566997528,0.014297574758529663,4,2,2
1706567,87009,"remote control ceiling fan without light","B00DF4ICOY","Hunter Fan Company 51059 Hunter Indoor Low Profile IV Ceiling Fan with Pull Chain Control, 42"", White Finish","S",0.24408769607543945,0.26266685128211975,0.018579155206680298,5,2,3
247494,11432,"avengers books for kids 3-5","1484716582","World of Reading: Hulk This is Hulk","S",0.230531245470047,0.2667020261287689,0.036170780658721924,2,2,0
105190,4238,"42” glass top table","B003DYZQKY","LIFETIME 80160 Commercial Height Adjustable Folding Utility Table, 4 Feet, White Granite","S",0.2247038334608078,0.2430018186569214,0.018297985196113586,1,1,0
89566,3543,"3/4 squire guitar","B005N2C0MG","Squier 6 String Solid-Body Electric Guitar, Right Handed, 2 Tone Sunburst (0310202503)","S",0.24824798107147217,0.23930317163467407,-0.008944809436798096,1,2,-1
199320,9004,"ancient remedies dr axe","0768417864","Essential Oils: Ancient Medicine","S",0.20324458181858063,0.2895697355270386,0.08632515370845795,3,1,2
322930,15339,"bh cosmetics","B01GNVG89Q","BS-MALL 13 PCS Makeup Brush Set Premium Synthetic Silver Foundation Blending Blush Face Powder Brush Makeup Brush Kit","S",0.22445020079612732,0.23474974930286407,0.010299548506736755,3,2,1
59140,2215,"15x70 binoculars","B003AM87Q4","Celestron - SkyMaster 25x70 Binocular - Large Aperture Binoculars with 70mm Objective Lens - 25x Magnificiation High Powered Binoculars - Includes Carrying Case","S",0.2573229968547821,0.2840571105480194,0.026734113693237305,1,1,0
1311569,66527,"maxforce carpenter ant bait gel","B00TXFE4RI","Syngenta Advion Ant Gel 4 tubes 30 grams each","S",0.20932403206825256,0.23179928958415985,0.022475257515907288,2,1,1
2000279,102419,"the story and its writer 10th edition","0525555374","Turtles All the Way Down","S",0.16386035084724426,0.16745761036872864,0.003597259521484375,24,22,2
2089921,107077,"upright infant seat","B07WKBW6Y8","Summer Infant 3 in 1 Floor 'N More Support Seat, Feeding & Booster Chair for Toddlers with Machine Washable Fabric Seat and Removable Dining Tray, Aqua, 18.25"" l x 8.25"" b x 14.25"" h","S",0.2686696946620941,0.31722044944763184,0.04855075478553772,1,1,0
1960135,100320,"taco vs burrito","B07WC2Z9HF","On a Scale of One to T-Rex by Exploding Kittens: A Card Game for People Who Are Bad at Charades - Family Card Game- Card Games for Adults, Teens & Kids","S",0.12799058854579926,0.1275506466627121,-0.0004399418830871582,37,39,-2
154780,6647,"adidas boston marathon 7 shoes","B07KX8C6JJ","adidas Women's Adizero Boston 8 Running Shoe, Black/White/Black, 7.5 M US","S",0.25859129428863525,0.2525964677333832,-0.005994826555252075,1,1,0
1671537,85188,"race tracks for boys","B073GWF8P8","Anki Overdrive: Fast & Furious Edition","S",0.15677718818187714,0.17932341992855072,0.022546231746673584,30,10,20
1461629,74326,"normal people sally rooney","1503943372","Beneath a Scarlet Sky: A Novel","S",0.16793382167816162,0.17381006479263306,0.0058762431144714355,6,3,3
520355,25555,"children melatonin zarbees","B08L7KFZ4F","Zarbee's Baby Calming Massaging Balm with Shea Butter, Lavender and Chamomile, 2 Ounce","S",0.2868219017982483,0.29038968682289124,0.0035677850246429443,1,1,0
209187,9514,"aoc agon ag352ucg6 black edition","B07R5R9VR9","LG 34GL750-B 34 Inch 21: 9 Ultragear Curved Wfhd (2560 X 1080) IPS 144Hz G-SYNC Compatible Gaming Monitor,Black","S",0.21788978576660156,0.2327333241701126,0.014843538403511047,1,1,0
118140,4848,"6 drawers tall chest","B074HV4X9D","Tvilum Scottsdale 6 Drawer Double Dresser, White Wood Grain","S",0.25096938014030457,0.24660137295722961,-0.004368007183074951,1,1,0
204472,9270,"anker power strip","B000J2EN4S","Belkin Power Strip Surge Protector - 12 AC Multiple Outlets & 8 ft Long Flat Plug Heavy Duty Extension Cord for Home, Office, Travel, Computer Desktop, Laptop & Phone Charging Brick (3,940 Joules)","S",0.2801254093647003,0.27097898721694946,-0.009146422147750854,2,2,0
214611,9779,"apple power adapter and lightning cable","B00A83I8G2","Apple 12W USB Power Adapter (for iPhone, iPad)","S",0.26122188568115234,0.18279221653938293,-0.07842966914176941,2,19,-17
234358,10765,"assassins creed odyssey switch","B00BMFIXOW","Assassin's Creed IV Black Flag - PlayStation 4","S",0.18666578829288483,0.21007372438907623,0.023407936096191406,13,3,10
751836,37423,"elsa white dress frozen 2 adult","B00UM453RY","Leg Avenue 3 Piece Classic Cinderella Gown Full Length Family Friendly Princess Dress and Headband Set for Adult Women, Blue, Small","S",0.24606531858444214,0.23818281292915344,-0.007882505655288696,1,1,0
82166,3222,"2nd grade reading games","B0009K8PS0","Learning Resources Snap It Up! Phonics & Reading Card Game, Homeschool, Reading Game, 90 Cards Included, Ages 6+","S",0.2062668651342392,0.19676199555397034,-0.00950486958026886,2,3,-1
1029478,51950,"huggies overnight size 4","B006Q5ZUQM","Seventh Generation Free & Clear Overnight Diapers, Size 4, 24 ct","S",0.25256022810935974,0.25250309705734253,-5.7131052017211914e-05,1,1,0
294475,13857,"batman lego sets 4-7","B08HVZMW1S","LEGO Classic Creative Transparent Bricks 11013 Building Kit with Transparent Bricks; Inspires Imaginative Play, New 2021 (500 Pieces)","S",0.1971617341041565,0.19777068495750427,0.0006089508533477783,6,6,0
1488461,75709,"oneplus tv 55 inch","B08Z8PQ4KB","Hisense 55A6G 55-Inch 4K Ultra HD Android Smart TV with Alexa Compatibility (2021 Model)","S",0.2477264255285263,0.2623898386955261,0.014663413166999817,1,1,0
34465,1230,"10 inch saute pan nonstick without long handle","B009HBKQ16","Tramontina 80114/535DS Professional Aluminum Nonstick Restaurant Fry Pan, 10"", NSF-Certified","S",0.2972925305366516,0.29850244522094727,0.0012099146842956543,1,1,0
206140,9363,"ant attack","B07L7G598H","ATTACK OF THE KILLER ANTS","S",0.22583341598510742,0.25128456950187683,0.02545115351676941,1,1,0
113481,4627,"50 gallon tote","B06ZZ3XHBW","HOMZ 3410CLRDC.05 Plastic Storage, Modular Stackable Storage Bins with Blue Latching Handles, 7.5 Quart, Clear, 5-Pack","S",0.20173977315425873,0.23221179842948914,0.030472025275230408,9,3,6
1398165,71051,"mous iphone xr case","B07GZLTHN8","i-Blason Cosmo Full-Body Bumper Case with Built-in Screen Protector for iPhone XR 2018 Release, Pink Marble, 6.1""","S",0.2677799463272095,0.24153932929039001,-0.026240617036819458,3,4,-1
67628,2579,"2 iron golf club","B078J536SJ","Callaway Golf 2018 Men's Rogue X Individual Iron, Left Hand, KBS Max 90 Steel Shaft, Regular Flex, 7 Iron","S",0.2355368435382843,0.24366120994091034,0.008124366402626038,1,1,0
1596449,81299,"playset for babies","B01N6PR5D2","Fisher-Price  Laugh & Learn  Servin  Up Fun Food Truck","S",0.21371214091777802,0.24053382873535156,0.026821687817573547,6,1,5
47722,1716,"11 x 24 x 60 kitchen shelving unit white without wheels","B0030BEPPW","5-Tier Chrome Heavy-Duty Adjustable Shelving Unit with 200-lb Per Shelf Weight Capacity","S",0.2570042610168457,0.2675354480743408,0.010531187057495117,1,1,0
589217,29136,"corner curved tv wall mount 65 inch","B01KBEOM2G","Amazon Basics Heavy-Duty Full Motion Articulating TV Wall Mount for 32-80 inch TVs up to 130 lbs, fits LED LCD OLED Flat Curved Screens","S",0.2517848014831543,0.290189266204834,0.03840446472167969,1,1,0
95288,3814,"38 ddd push up bras for women","B01NCTRZ82","Hanes Women’s Oh So Light Comfort Flex Fit Wire Free Bra, black/Nude, M","S",0.24575474858283997,0.2503652572631836,0.004610508680343628,1,1,0
239920,11052,"au lait hand wash","B00NQ91T8E","Scottish Fine Soaps Au Lait Milk Bath Powder 500g 17.6oz","S",0.2729405164718628,0.29521170258522034,0.022271186113357544,1,1,0
51973,1897,"12 volt g4 pin base","B006G4PDR4","Philips Halogen Landscape Lighting T3 12-Volt Light Bulb: 3000-Kelvin, 10-Watt, G4 Base, 2-Pack","S",0.16898061335086823,0.16565757989883423,-0.0033230334520339966,57,65,-8
1983077,101461,"tenis rebook classic para hombre","B077ZJX6LL","Reebok mens Royal Bb4500 Hi2 Walking Shoe, Black/White/Primal Red/Light, 13 US","S",0.21474260091781616,0.20560204982757568,-0.009140551090240479,3,3,0
1263987,64101,"lucite accent chair","B00QMK1SAS","Roundhill Furniture Noas Contemporary Round Tufted Back Tilt Swivel Accent Chair, White","S",0.23838640749454498,0.23770061135292053,-0.0006857961416244507,1,1,0
107361,4341,"4k 3d tv","B084JBTYHJ","SAMSUNG 65-inch Class Crystal UHD TU-8000 Series - 4K UHD HDR Smart TV with Alexa Built-in (UN65TU8000FXZA, 2020 Model)","S",0.21414822340011597,0.24924927949905396,0.03510105609893799,8,1,7
2180118,111787,"windex without ammonia","B002QH412S","Glass Plus Glass Cleaner, 32 Fl Oz Bottle, Multi-Surface Glass Cleaner","S",0.21926231682300568,0.25100085139274597,0.031738534569740295,2,1,1
110071,4477,"4xl tshirts for men big and tall soft","B07JB8D26R","Fruit of the Loom Men's Stay Tucked Crew T-Shirt, White-Tall Sizes, XX-Large Tall (6pack)","S",0.2320951670408249,0.20301297307014465,-0.029082193970680237,1,3,-2
292234,13742,"bathroom lighting with outlet","B002OM87RK","Nuvo SF77/990 with Convenience Outlet with U Channel Glass, 2-Light","S",0.1958058774471283,0.20387175679206848,0.008065879344940186,3,2,1
733304,36498,"easy green aquarium fertilizer","B00G25IBCQ","Fluval Plant Micro Nutrient for Aquariums, 8.4-Ounce","S",0.22109441459178925,0.27455204725265503,0.053457632660865784,1,1,0
107631,4355,"4k graphics card","B06ZZ6FMF8","SAPPHIRE Radeon 11265-05-20G Pulse RX 580 8GB GDDR5 Dual HDMI/ DVI-D/ Dual DP OC with Backplate (UEFI) PCI-E Graphics Card Graphic Cards","S",0.21512463688850403,0.22356292605400085,0.008438289165496826,3,1,2
172669,7587,"airpods without case","B08C4KWM9T","Bose QuietComfort Noise Cancelling Earbuds - Bluetooth Wireless Earphones, Triple Black, the World's Most Effective Noise Cancelling Earbuds","S",0.22695142030715942,0.23694083094596863,0.009989410638809204,4,3,1
731024,36382,"earbuds for iphone xr","B01M0GB8CC","Apple EarPods with Lightning Connector - White","S",0.2774876356124878,0.26268354058265686,-0.014804095029830933,1,1,0
606745,30049,"crest cinnamon toothpaste","B01BNEWDFQ","Colgate Cavity Protection Toothpaste with Fluoride -White 6 Ounce (Pack of 6)","S",0.2238178700208664,0.24062061309814453,0.016802743077278137,2,1,1
330935,15713,"big wheels for kids","B01MRQF9EY","Hauck Batmobile Pedal Go Kart, Superhero Ride-On Batman Vehicle, Kids 4 and Older, Peddle & Patrol the Streets of Gotham just like Batman, Race-Styled Pedals & Rubber Wheels [Amazon Exclusive] , Black","S",0.19791460037231445,0.20335233211517334,0.005437731742858887,6,5,1
208439,9478,"antique train sets for adults","B07BF2KJKB","Lionel Santa Fe Diesel Passenger Ready-to-Play Set, Battery-powered Model Train with Remote","S",0.22316759824752808,0.23118837177753448,0.008020773530006409,1,1,0
12912,444,"0.5 lead pencil without grip","B08BJFR7V4","Paper Mate Clearpoint Mechanical Pencil, 0.7 mm, Assorted, Refillable, 10-pack","S",0.21420079469680786,0.21810239553451538,0.0039016008377075195,3,3,0
107351,4340,"4k 2mp action camera","B07DGR98VQ","Wyze Cam Pan 1080p Pan/Tilt/Zoom Wi-Fi Indoor Smart Home Camera with Night Vision, 2-Way Audio, Works with Alexa & the Google Assistant, White - WYZECP1","S",0.20256595313549042,0.20027458667755127,-0.002291366457939148,3,5,-2
2101005,107648,"v8 splash juice 24 pack","B076T5K3JQ","Gatorade Classic Thirst Quencher, Variety Pack, 12 Fl Oz (Pack of 24)","S",0.22206273674964905,0.2236206829547882,0.0015579462051391602,1,1,0
82723,3247,"2tb external hard drive xbox one","B00IRV005E","LaCie Rugged Mini 2TB External Hard Drive Portable HDD - USB 3.0 USB 2.0 Compatible, Drop Shock Dust Rain Resistant Shuttle Drive, For Mac And PC Computer (LAC9000298), orange","S",0.20319095253944397,0.17869782447814941,-0.024493128061294556,12,28,-16
92048,3659,"310 shakes for weight loss","B07H7L9TSH","SlimFast Keto Meal Replacement Powder, Vanilla Cake Batter, Low Carb with Whey & Collagen Protein, 10 Servings","S",0.20859183371067047,0.22409126162528992,0.015499427914619446,3,1,2
85734,3363,"3 inch foam roller for physical therapy & exercise","B00YLZPXD4","Yes4All Premium USA Medium Density Round PE Foam Roller for Physical Therapy - 18 inch (Black) 9UAZ","S",0.28911545872688293,0.30604517459869385,0.016929715871810913,1,1,0
591247,29236,"corsair hs70 headband","B07SKCLW2G","Razer Kraken Gaming Headset: Lightweight Aluminum Frame, Retractable Noise Isolating Microphone, for PC, PS4, PS5, Switch, Xbox One, Xbox Series X & S, Mobile, 3.5 mm Audio Jack, Mercury White","S",0.21927638351917267,0.22642482817173004,0.007148444652557373,4,4,0
2171331,111307,"white slim christmas tree with lights","B01IUDN5XM","National Tree Company 'Feel Real' Pre-lit Artificial Christmas Tree | Includes Pre-strung White Lights and Stand | Ridgewood Spruce Slim - 14 ft","S",0.23170936107635498,0.20715460181236267,-0.02455475926399231,2,3,-1
666798,33118,"dicontinued compound mitersaw","B004UOG4KM","DEWALT Miter Saw Stand, Heavy Duty (DWX725), Silver","C",0.21872709691524506,0.2470477670431137,0.028320670127868652,3,1,2
283336,13294,"barrel burner","B079JBK9G9","Char Broil All-Season Grill Cover, 2 Burner: Medium","C",0.15548622608184814,0.18002180755138397,0.024535581469535828,75,22,53
1823893,93161,"sig mpx magazine","B00XNCTQG6","Sig Sauer MPX .177 Cal CO2 Powered SIG20R Red Dot Air Rifle 30 Rounds, Flat Dark Earth, One Size","C",0.2542891204357147,0.2446596324443817,-0.009629487991333008,1,1,0
3257,108,"$90 iphone not chage","B07R9XZSGL","3-Axis Gimbal Stabilizer for iPhone 12 11 PRO MAX X XR XS Smartphone Vlog Youtuber Live Video Record with Sport Inception Mode Face Object Tracking Motion Time-Lapse - Hohem iSteady Mobile Plus","C",0.14791102707386017,0.17733988165855408,0.02942885458469391,62,18,44
64341,2449,"1st baby girl birthday elmo","B07V1RJSFQ","MAGIFIRE Wooden Toddler Puzzles Gifts Toys for 1 2 3 Year Old Boys Girls Baby Infant Kid Learning Educational 6 Animal Shape Jigsaw Eco Friendly Child Kid Montessori Stem Travel Toy","C",0.1368516981601715,0.15195538103580475,0.01510368287563324,14,4,10
2078720,106470,"ultra thin band wngagement ring","B002YC83MO","Weiman Jewelry Cleaner Liquid – Restores Shine and Brilliance to Gold, Diamond, Platinum Jewelry and Precious Stones – 7 Ounce","C",0.17362713813781738,0.19086873531341553,0.017241597175598145,9,4,5
2020839,103494,"to shred bin","B0013CM0KW","Rubbermaid Commercial Products Slim Jim Plastic Rectangular Trash/Garbage Can with Venting Channels, 23 Gallon, Gray (FG354060GRAY)","C",0.25549498200416565,0.2300119400024414,-0.025483042001724243,1,1,0
688714,34229,"dodge cummins exhaust system","B00GMNL8LO","DC Sports EX-1012B Performance Bolt-On Resonated Muffler Slant Tip with Clamps and Adapters for Fitment on Most Cars, Sedans, and Trucks - Matte Black Powdercoat","C",0.21755504608154297,0.1975448727607727,-0.020010173320770264,1,3,-2
1308980,66396,"matrix black and decker","B004LY59V6","BLACK+DECKER LBXR20 Decker 20V Lithium Battery, Compatible with Black & Decker","C",0.18270154297351837,0.18835943937301636,0.005657896399497986,34,18,16
144236,6091,"above the ground pool 60","B088JWRWGM","PAXCESS Cordless Automatic Pool Cleaner, Robotic Pool Cleaner with 5000mAh Rechargeable Battery, 60-90 Mins Working Time, IPX8 Waterproof, Lightweight, Good for Cleaning In-Ground/Above Ground Pool","C",0.15769529342651367,0.15074148774147034,-0.006953805685043335,29,46,-17
3250,108,"$90 iphone not chage","B07Q2SJNZ5","iPhone Charger, DAZHWA 3pack 6ft Phone Charger Nylon Braided Lightning Cable Cell Phone Fast Charger Cable Cord USB Cable Compatible iPhone 13/12 /11 Pro Max/XS/XR/X/8/7/6S/6 /iPad More","C",0.1874130517244339,0.17985570430755615,-0.007557347416877747,10,15,-5
574888,28391,"computer sound systems","B004M18O60","Logitech Z906 5.1 Surround Sound Speaker System - THX, Dolby Digital and DTS Digital Certified - Black","C",0.2266942262649536,0.25890547037124634,0.032211244106292725,5,1,4
1283731,65089,"make up","B0773PWTY3","BESTOPE PRO Premium Synthetic Foundation Blending Face Powder Blush Concealers Eye Shadows Make Up Brushes Kit (RoseGold)","C",0.1738220751285553,0.2070406973361969,0.0332186222076416,6,1,5
1218315,61761,"lexus rear side bumper lights","B079L3WBDN","Marsauto 194 LED Light Bulb 6000K 168 T10 2825 5SMD LED Replacement Bulbs for Car Dome Map Door Courtesy License Plate Lights (Pack of 10)","C",0.176534041762352,0.1871545910835266,0.010620549321174622,10,5,5
1752918,89403,"ryobi miter saw stand","B01BW94EYK","POWERTEC MT4000MBA Miter Saw Stand Mounting Brackets – Set of 2","C",0.17889127135276794,0.1775323748588562,-0.0013588964939117432,8,8,0
209160,9513,"ao smith water tank","B001ATC4I6","AO Smith 100108260 Aluminum Anode Rod","C",0.1460474282503128,0.15945802628993988,0.013410598039627075,48,29,19
216182,9854,"apple watch band with case","B07HSSDV4S","Spigen Apple Watch バンド Series 7 45mm / 44mm 一体型 ケース カバー 耐衝撃 PC TPU 二重構造 スポーツバンド 落下 衝撃 吸収 耐久性 傷防止 Series 7 / SE/Series 6 / Series 5 / Series 4 対応 ラギッド・アーマー プロ 062CS25324 (ブラック)","C",0.2546386122703552,0.25003913044929504,-0.004599481821060181,1,1,0
139909,5888,"a seperate peace john knowles","B00E8HNKT4","Study Guide for A Separate Peace by John Knowles","C",0.3537939190864563,0.20195889472961426,-0.15183502435684204,1,1,0
32223,1143,"1/5 scale","B00D5T4TFK","Savox 0.17/555.5 High Voltage Servo (1/5 Scale)","C",0.14330913126468658,0.15107107162475586,0.007761940360069275,219,147,72
36740,1310,"10 succulent plants without plastic containers","B07FNF1VFQ","Classic Home and Garden Patio Pot Ocean 13"" Honeysuckle, 13 Inch","C",0.17331984639167786,0.16914819180965424,-0.004171654582023621,3,3,0
77872,3018,"24 volt electric plug trolling motor","B00K8DADZ6","Attwood 14367-6 Trolling Motor Quick Connect Kit","C",0.1836625337600708,0.20108351111412048,0.017420977354049683,16,7,9
1101190,55679,"jeans dye dark blue","B001JGNPM4","Rit Dye RIT COLORSTAY, 8 fl oz, Dye Fixative","C",0.2178967148065567,0.23047848045825958,0.01258176565170288,1,1,0
842468,42124,"fore stick","B07RQ3SWKY","Certified Refurbished Fire TV Cube, hands-free with Alexa built in, 4K Ultra HD, streaming media player, released 2019","C",0.10011957585811615,0.11910208314657211,0.018982507288455963,386,239,147
177708,7839,"alesis forge drum kit","B0002CZYW0","Alesis SR-16 | Studio-Grade Standalone Drum Machine With On-Board Sound Li-brary, Performance Driven I/O and In-Built Effects 100 patterns","C",0.204289510846138,0.22085149586200714,0.01656198501586914,1,1,0
2183936,111989,"winsheild","B016NA9V78","Rain-X 5079279-2 Latitude 2-IN-1 Water Repellency Wiper Blade, 22"" (Pack of 1)","C",0.16202004253864288,0.18216034770011902,0.020140305161476135,196,46,150
272338,12742,"ball ball birthday cake","B00II4W51W","Soccer Ball Pick Birthday Candles, 6ct","C",0.20869013667106628,0.17763732373714447,-0.031052812933921814,1,5,-4
817169,40789,"fiskars axe sharpener","B00EOVRX06","Fiskars 375581-1001 Chopping Axe, 28-Inch , Black","C",0.30568575859069824,0.2668761610984802,-0.03880959749221802,1,1,0
1671402,85183,"race car track hot wheels","B074RPD49S","Hot Wheels Track Builder MULTI LOOP BOX","C",0.22701305150985718,0.2927752435207367,0.06576219201087952,1,1,0
1094186,55303,"jack black shave essentials set","B075YWTSRP","Jack Black - Beard Wash, 6 fl oz - PureScience Formula, Aloe & Panthenol, Multifunctional Beard Treatment, Softens Facial Hair, Removes Oil and Dirt, Conditions Facial Hair and Skin","C",0.2368987798690796,0.2343025952577591,-0.0025961846113204956,2,2,0
761682,37934,"erasable pens","0321036638","Physiology Coloring Book, The","C",0.13971109688282013,0.1468524932861328,0.007141396403312683,52,40,12
71826,2756,"20 amp deepcycle battery","B08C2JN76Q","Renogy 12V 20A AC-to-DC Portable Battery Charger Plug-and-Play with 12AWG Alligator Clips for Lithium-iron Phosphate Batteries","C",0.1857263147830963,0.1977923959493637,0.012066081166267395,23,19,4
42348,1514,"100” curtain rod without center bracket","B010RYA5JE","Kenney Mfg KN870-11 Single Curtain Rod Support","C",0.2101510763168335,0.21659797430038452,0.006446897983551025,14,10,4
46460,1668,"10” dutch oven without legs,","B07DR5GTQD","Lodge 4-in-1 Camp Dutch Oven Tool, 10.82, Black","C",0.15438921749591827,0.17392918467521667,0.0195399671792984,63,27,36
333798,15848,"bill browder book red notice","B07T3VV5NQ","Summary Of RED NOTICE : A True Story of High Finance, Murder, and One Man's Fight for Justice By Bill Browder","C",0.3234608471393585,0.3160494863986969,-0.007411360740661621,1,1,0
139913,5888,"a seperate peace john knowles","0791056635","John Knowles's a Separate Peace (Bloom's Modern Critical Interpretations)","C",0.11450694501399994,0.33109888434410095,0.216591939330101,200,2,198
159787,6915,"adult coloring book and pen set","1680223186","Color & Frame - In the Forest (Adult Coloring Book)","C",0.2482839822769165,0.26370713114738464,0.01542314887046814,2,1,1
1708567,87116,"replacement plastic floor for metal kennel","B000QFT1R2","Dog Crate 1536DDU MidWest ICrate 36 Inches Double Door Folding Metal Dog Crate w/ Divider Panel, Floor Protecting Feet & Leak Proof Dog Tray Intermediate Dog Breed, Black","C",0.2451063096523285,0.2465151697397232,0.0014088600873947144,1,1,0
842475,42124,"fore stick","B078KSHVCS","Mission Cables MC45 - Cable USB de corriente para el Amazon Fire TV, color negro","C",0.14292745292186737,0.1629531979560852,0.020025745034217834,86,31,55
166641,7274,"air cone filter kit","B07P7XXGW1","K&N Air Filter Cleaning Kit: Squeeze Bottle Filter Cleaner and Black Oil Kit; Restores Engine Air Filter Performance; Service Kit-99-5050BK","C",0.180009126663208,0.22405709326267242,0.044047966599464417,48,6,42
125713,5220,"7th gen fire","B07RR6HQKX","Amazon Fire HD 10 Tablet Case, Twilight Blue","C",0.15147267282009125,0.15551018714904785,0.004037514328956604,43,34,9
669155,33227,"digital camera with micro sd slot","B07FCR3316","SanDisk 256GB Extreme microSDXC UHS-I Memory Card with Adapter - Up to 160MB/s, C10, U3, V30, 4K, A2, Micro SD - SDSQXA1-256G-GN6MA","C",0.22625553607940674,0.21468301117420197,-0.011572524905204773,2,3,-1
578511,28577,"contacts lenses","B004O2A29E","Clear Care Cleaning & Disinfecting Solution with Lens Case, Twin Pack, 12 Fl Oz","C",0.12297134101390839,0.1260143667459488,0.0030430257320404053,154,136,18
162321,7050,"aeropress","B006CQ1ZHI","DEATH WISH COFFEE Ground Coffee Dark Roast [16 oz.] The World's Strongest Coffee - Organic, Fair Trade, Strong Coffee Grounds from Arabica, Robusta (1-Pack)","C",0.18777203559875488,0.18546831607818604,-0.0023037195205688477,6,6,0
1565563,79706,"piano","1476814767","100 of the Most Beautiful Piano Solos Ever","C",0.1913667917251587,0.18480806052684784,-0.006558731198310852,3,3,0
280256,13143,"barbie 4 wheel","B01IL0XM3W","Replacement Battery for Fisher-Price Power Wheels 12-Volt Battery","C",0.07367349416017532,0.1034611389040947,0.029787644743919373,415,229,186
16258,579,"08 wrangler jk without hitch","B001GN29LI","CURT 55124 Vehicle-Side Custom 4-Pin Trailer Wiring Harness, Fits Select Jeep Wrangler JK","C",0.15399940311908722,0.16058115661144257,0.006581753492355347,19,16,3
153232,6565,"add 12v power truck bed","B0747NTDJW","Mophorn Hydraulic Pump 12 Quart Hydraulic Power Unit Single Acting Hydraulic Power Unit with Steel Reservoir for Dump Trailer Truck Car Lift Unit 12V DC (Steel, 12 Quart Single Acting)","C",0.22135888040065765,0.23705491423606873,0.015696033835411072,2,2,0
291013,13673,"bathing suit girl with shorts","B07F1J71PK","City Threads Girls' Swimming Suit Bottom Board Short Swim Athletic Shorts Beach Pool Camp Running Sports Wicking Fast Dry, Turquoise, 2T","C",0.2206909954547882,0.21875369548797607,-0.0019372999668121338,1,1,0
1154501,58479,"kit homes prefabricated","B06XRTBJHK","ARROW 6' x 5' EZEE Galvanized Steel Low Gable Shed Charcoal, Storage Shed with Peak Style Roof","C",0.19560037553310394,0.19385573267936707,-0.0017446428537368774,1,1,0
328341,15583,"big bang theory season 12 dvd","B00T5D4R1Q","Big Bang Theory: Season 8","C",0.29140713810920715,0.2907898426055908,-0.000617295503616333,1,1,0
1247930,63286,"logitech autopilot panel","B00Z0UWWYC","Logitech G29 Driving Force Feedback Racing Wheel ドライビングフォース ロジテック レーシングホイール 輸入品","C",0.17915193736553192,0.22262077033519745,0.04346883296966553,13,1,12
432794,21006,"c-pap","B00H27NBDM","NO CPAP NEEDED: CPAP Alternative Sleep Apnea Cure","C",0.20983465015888214,0.22755931317806244,0.017724663019180298,1,1,0
270757,12655,"baking pans 10x15","B0017Z20V4","Fat Daddio's Sheet Cake Pan, 10 x 15 x 3 Inch, Silver","C",0.2707242965698242,0.2853223979473114,0.014598101377487183,1,1,0
284609,13355,"base plate","B00KLE8034","Toto THU9492 Washlet S300/350E Baseplate Assembly","C",0.21269120275974274,0.20889653265476227,-0.0037946701049804688,5,6,-1
354987,16994,"blacksmithing","B005DE8HUS","Picard Hammer - Blacksmiths' Tong (0004930-300)","C",0.19682878255844116,0.21928521990776062,0.022456437349319458,2,1,1
135979,5709,"I would get a Windows laptop that could support online gaming. Full keyboard with num pad and a large monitor.","B016MAK38U","Redragon K552 Mechanical Gaming Keyboard 87 Keys 60% Small TKL Mechanical Computer Keyboard KUMARA USB Wired Cherry MX Blue Equivalent Switches for Windows PC Gamers (Black Red LED Backlit)","C",0.22401243448257446,0.1997794657945633,-0.02423296868801117,1,3,-2
161610,7016,"adventure time costume baby","B00IU8NNBC","Adventure Time 12"" Plush: BMO","C",0.22141854465007782,0.23921328783035278,0.017794743180274963,1,1,0
159790,6915,"adult coloring book and pen set","0692927999","I Am Confident, Brave & Beautiful: A Coloring Book for Girls","C",0.20005226135253906,0.21004916727542877,0.00999690592288971,11,9,2
2144570,109866,"water","B01FXN3E74","Brita Standard Everyday Water Filter Pitcher, White, Large 10 Cup, 1 Count","C",0.19409242272377014,0.20798806846141815,0.01389564573764801,2,1,1
519611,25513,"chikko not coffee","B07ZHNDYDY","CHEFMAN Single Serve One Cup Coffee Maker, up to 14 Oz, InstaCoffee Brews in 30 Seconds, Compatible with K Cup Pods, Grounds & Loose-Leaf Tea, Reusable Filter, Black/Stainless Steel (Mug Not Included)","C",0.2033088058233261,0.18499380350112915,-0.01831500232219696,1,2,-1
279225,13094,"bar style dartboard","B00PAT5HXQ","Viper Dart Caddy Solid Wood Wall Mounted Dart Holder / Stand, Displays 4 Sets of Steel or Soft Tip Darts, for all Sisal & Electronic Dartboards, Surrounds & Cabinets, Mahogany Finish","C",0.19497272372245789,0.21731838583946228,0.022345662117004395,1,1,0
24447,862,"1 plas 7 pro","B07D998212","SanDisk SSD PLUS 1TB Internal SSD - SATA III 6 Gb/s, 2.5""/7mm, Up to 535 MB/s - SDSSDA-1T00-G26","C",0.1963636577129364,0.20375873148441315,0.007395073771476746,5,3,2
1883428,96279,"sorting hat","B077QSHBXZ","Alex and Ani Harry Potter Sorting Hat Bracelet","C",0.1775311678647995,0.17380329966545105,-0.0037278681993484497,3,3,0
1149053,58204,"kindle fire","B013TMNPBQ","Made for Amazon SanDisk 128GB microSD Memory Card for Fire Tablets and Fire -TV","C",0.10968569666147232,0.11294306069612503,0.00325736403465271,408,391,17
1241272,62930,"little dutch","B07DR5GTQD","Lodge 4-in-1 Camp Dutch Oven Tool, 10.82, Black","C",0.13009023666381836,0.14119356870651245,0.011103332042694092,105,51,54
1308950,66395,"matrix biolage shine renewal","B00IW2AU3A","BIOLAGE Volumebloom Conditioner | Weightless Moisture For Long-Lasting Voluminous Hair | For Fine Hair | Paraben & Silicone-Free | Vegan ​","C",0.2564963698387146,0.26301515102386475,0.0065187811851501465,2,2,0
2096198,107416,"usb-c cable","B00VU2NHVG","Apple MJ1L2AM/A USB-C VGA Multiport Adapter","C",0.26461291313171387,0.24450074136257172,-0.02011217176914215,2,4,-2
1437136,73031,"neutrogena microdermabrasion","B00NR1YQHM","Neutrogena Hydro Boost Hyaluronic Acid Hydrating Water Gel Daily Face Moisturizer for Dry Skin, Oil-Free, Non-Comedogenic Face Lotion","C",0.26465973258018494,0.2532210946083069,-0.011438637971878052,2,2,0
1697931,86567,"redi whip cream","B000VDSTV8","McCormick All Natural Pure Vanilla Extract, 1 fl oz","C",0.17449237406253815,0.16293925046920776,-0.011553123593330383,12,21,-9
334920,15909,"binder stickers","B017HA44DY","AVERY Margin Ultra Tabs, 2.5"" x 1"", 2-Side Writable, Assorted Pastel Color, 24 Repositionable Tabs (74769)","C",0.2340439260005951,0.24165791273117065,0.0076139867305755615,5,4,1
1920101,98262,"stone oven repair kit","B01MQW8AEM","Gorilla 8050002 10 Ounce Cartridge Clear Silicone Sealant, 1-Pack","C",0.18887826800346375,0.17922931909561157,-0.009648948907852173,7,12,-5
219892,10040,"aquarium light","B01LY8WSKY","GloFish Color Changing Aquarium Plant, Blue Large, Aquarium Décor, Changes Color Under Blue And Black LEDs, Cycle Light Décor","C",0.17066630721092224,0.19519492983818054,0.0245286226272583,7,2,5
206086,9359,"ansungtangmyun","B013HB0CC4","Chung Jung One O'Food Medium Hot Pepper Paste Gold (Gochujang), Chili Paste, Korean Traditional Sunchang Brown Rice Red Pepper Paste, No Corn Syrup 1.1lb, Medium Hot (500g)","C",0.20106357336044312,0.21930932998657227,0.01824575662612915,1,1,0
2068447,105944,"tv risers for flat screens","B077MJZ6ZG","PERLESMITH Universal TV Stand - Table Top TV Stand for 37-55 inch LCD LED TVs - Height Adjustable TV Base Stand with Tempered Glass Base & Wire Management, VESA 400x400mm","C",0.2521340250968933,0.2641357183456421,0.01200169324874878,2,1,1
5538,184,"(thermos funtainer without the handle on the lid) - 2 pack","B078G7PLNS","Seattle Sports Mug-It! Adjustable Universal Mug Handle Adapter for Water Bottles, Tumblers, Pint, or Jug","C",0.16320428252220154,0.18238143622875214,0.019177153706550598,40,22,18
36727,1310,"10 succulent plants without plastic containers","B002IMHK2E","The HC Companies GAB12000E35C012LRTOP Garden Bowl Planter, 12"", Terra Cotta","C",0.18097682297229767,0.1751878559589386,-0.00578896701335907,2,2,0
1070319,54092,"iphone 11 pro max phone","B07FP41MC5","Trianium (3 Packs) Screen Protector Designed for Apple iPhone 11 Pro Max, iPhone XS Max (6.5"" 2018) Premium HD Clarity 0.25mm Tempered Glass Screen Protector Easy Installation Alignment Case (3-Pack)","C",0.21035568416118622,0.1903144121170044,-0.020041272044181824,6,10,-4
101528,4074,"4 inch pvc pipe","B00HXHAE2W","NDS DWV/SCH40 X S&D Hub PVC Adapter, 4 in, 4 Inch","C",0.2147558629512787,0.20730318129062653,-0.007452681660652161,6,8,-2
842475,42124,"fore stick","B078KSHVCS","Made for Amazon, USB Power Cable (Eliminates the Need for AC Adapter)","C",0.14292745292186737,0.1629531979560852,0.020025745034217834,86,31,55
1920099,98262,"stone oven repair kit","B000UEYZ4S","Rutland Products Fire Brick, 6 count, Pack of 1","C",0.21540169417858124,0.23242560029029846,0.017023906111717224,2,1,1
2144576,109866,"water","B0023UL86A","Prodyne Fruit Infusion Flavor Pitcher, 2.9 qt clear, 93 oz","C",0.19400423765182495,0.19916434586048126,0.005160108208656311,3,1,2
293807,13824,"bathtub with air jets","B0721R63Q8","Electric Bathtub Bubble Massage Mat - Waterproof Tub Massaging Spa, Full Body Bubbling Bath Thermal Massager Machine w/ Heat, Motorized Air Pump, Aroma Clip for Oil - SereneLife PHSPAMT24HT","C",0.192330464720726,0.18072795867919922,-0.011602506041526794,2,2,0
12487,427,"0.25 cotton thread for beads without wax","B006DRFACW","SuppleMax Illusion Beading Cord, 0.30 mm / .012 in, Clear Monofilament, 50 m / 164 ft","C",0.18780604004859924,0.17336511611938477,-0.014440923929214478,2,7,-5
286727,13463,"baskets for gifts","B07W963GSJ","Rotary Scissors Cutting Tool by Slice, Bladeless Scissors, 10598 Ambidextrous Cutter Ideal for Cutting Gift Wrap, Gift Basket Cellophane, Paper 1 Pack","C",0.09897739440202713,0.15959471464157104,0.060617320239543915,307,26,281
2041902,104579,"toyota camry le 09 monroe shocks front","B000C3ZDY8","KYB SB102 - Strut Boot","C",0.12302722781896591,0.15016937255859375,0.027142144739627838,131,51,80
1896688,96996,"sport king seat covers for trucks","B07Q2SX3MR","Dreamer Car Seat Cushion for Car Seat Driver to Improve Driving View - Memory Foam Wedge Shape Car Pillow for Driving Seat to Promote Healthy Driving Posture (Black)","C",0.23392944037914276,0.2497142106294632,0.015784770250320435,3,2,1
71845,2756,"20 amp deepcycle battery","B07Q5VYPCF","Renogy 12V 20A DC to DC On-Board Battery Charger for Flooded, Gel, AGM, and Lithium, Using Multi-Stage Charging in RVs, Commercial Vehicles, Boats, Yachts, 20A","C",0.22651800513267517,0.23726573586463928,0.010747730731964111,9,4,5
1034211,52208,"hybrid youth bike","B00012M5MS","Schwinn Thrasher Bike Helmet, Lightweight Microshell Design, Adult, Carbon","C",0.15664714574813843,0.16307848691940308,0.0064313411712646484,12,7,5
1308953,66395,"matrix biolage shine renewal","B00DG0AXKI","BIOLAGE Advanced Fiberstrong Conditioner | Detangles & Reinforces Hair Strength, Moisture & Elasticity | For Fragile, Damaged Hair | 33.8 Fl. Oz.","C",0.30127668380737305,0.24295353889465332,-0.05832314491271973,1,2,-1
16729,598,"0rganic potting without fertelizer for roses","B002Y08J2A","Espoma AP16 16-Quart Organic Potting Mix","C",0.22643843293190002,0.2036314308643341,-0.022807002067565918,1,1,0
182922,8122,"all superhero lego sets","B0858MYF21","LEGO DC Batboat The Penguin Pursuit! 76158 Top Batman Building Toy for Kids, with Super-Hero Minifigures, 2 Boats, a Batarang and an Umbrella, Great Holiday or Birthday Gift (54 Pieces)","C",0.23570391535758972,0.23296520113945007,-0.0027387142181396484,2,2,0
470000,22936,"carbohydrate powder","B0015R36SK","Optimum Nutrition Serious Mass Proteina en Polvo, Mass Gainer Alto en Proteína, con Vitaminas, Creatina y Glutamina, Chocolate, 8 Porciones, 2,73kg, Embalaje Puede Variar","C",0.16152320802211761,0.17788764834403992,0.016364440321922302,46,18,28
214315,9763,"apple pencil 2","B07RQ5PS3N","Replacement Tips Compatible with Apple Pencil 2 Gen iPad Pro Pencil - Apple Pencil iPencil Nib for iPad Apple Pencil 1 st/Pencil 2 Gen White 2 Pack","C",0.18562094867229462,0.1725815236568451,-0.013039425015449524,19,25,-6
20071,705,"1 contacts not more than three dollars","B005JRB9TU","Opti-Free Puremoist Multi-Purpose Disinfecting Solution with Lens Case, (Packaging may vary), 2 Fl Oz (Pack of 1)","C",0.19897161424160004,0.20248164236545563,0.003510028123855591,2,1,1
1094199,55303,"jack black shave essentials set","B000J5A2K4","Jack Black Pit Boss Antiperspirant & Deodorant , 2.75 ounce","C",0.256794273853302,0.2893959879875183,0.03260171413421631,1,1,0
337406,16043,"bird light bulbs","B00GRFZ2SM","Newhouse Lighting WLG1B Ca Metal Guard for Ceiling Fan, Pendant String Light and Vintage Lamp Shades/Cover, Industrial Wire Fixture Iron Bird Cage, 1 Count (Pack of 1), Black","C",0.15251761674880981,0.164683535695076,0.012165918946266174,39,23,16
255536,11835,"baby bullet","B00700C94S","Magic Bullet BBSK-0801 Baby Bullet - Storage Kit (with To Go Tube & Lid), 8.3 x 3.9 x 8.1 inches, Green","C",0.14183704555034637,0.1409658044576645,-0.0008712410926818848,89,92,-3
2099012,107558,"utv flag","B0033YS6UQ","Tusk Quick Release Flag Pole Holder 1/4"" Pole Black","C",0.10559184849262238,0.10757114738225937,0.0019792988896369934,318,308,10
1440812,73232,"newborn hospital essentials","B003AM93BW","Aveeno Baby Essential Daily Care Baby & Mommy Gift Set Featuring a Variety of Skin Care and Bath Products to Nourish Baby and Pamper Mom, Baby Gift for New and Expecting Moms, 7 Items","C",0.22103466093540192,0.21185803413391113,-0.009176626801490784,1,2,-1
191057,8557,"amazon fire tablet charger cord","B01J2G4VBG","Amazon 5W USB Official OEM Charger and Power Adapter for Fire Tablets and Kindle eReaders - Black","C",0.25282594561576843,0.2569168508052826,0.00409090518951416,2,1,1
102191,4103,"4 pin lavalier microphone sure","B003D2YRLA","In Ear Back Electric Microphone - Portable Omnidirectional Wired Headset Pro Voice Audio Condenser Mic with 4 Pin Mini XLR Cable Wire and Windscreen - For Shure System - Pyle Pro PMEMS10 (Skin Tone)","C",0.28225207328796387,0.2670111358165741,-0.01524093747138977,1,1,0
669167,33227,"digital camera with micro sd slot","B0143IIP4W","SanDisk Ultra 64GB Class 10 SDXC UHS-I Memory Card up to 80MB/s (SDSDUNC-064G-GN6IN)","C",0.18386757373809814,0.19511057436466217,0.011243000626564026,19,9,10
1112383,56274,"joola ping pong table","B07Q2M8N1H","JOOLA Blizzard & Blackout - Competition Ping Pong Paddle Set - Includes 2 Table Tennis Rackets, 5 Ping Pong Balls, and Storage Box - Indoor and Outdoor Compatible","C",0.24603958427906036,0.23547057807445526,-0.010569006204605103,1,2,-1
26410,933,"1'' oil hose","B00HTV2OPM","EZ-108 RH Oil Drain Valve with removable Hose End Combo","C",0.2023726999759674,0.1838608682155609,-0.018511831760406494,10,30,-20
669163,33227,"digital camera with micro sd slot","B06XWN9Q99","SAMSUNG (MB-ME32GA/AM) 32GB 95MB/s (U1) microSDHC EVO Select Memory Card with Full-Size Adapter","C",0.22251883149147034,0.21884657442569733,-0.0036722570657730103,3,3,0
328340,15583,"big bang theory season 12 dvd","B000W91RUG","The Big Bang Theory: Season 1","C",0.28604862093925476,0.3039796054363251,0.017930984497070312,2,1,1
42322,1514,"100” curtain rod without center bracket","B07C2H5SPZ","Decopolitan Ball Single Telescoping Drapery Rod Set, Long, Silver, 72 to 144-Inch","C",0.24022123217582703,0.2215934693813324,-0.01862776279449463,2,6,-4
171807,7538,"airpods 2","B082BLZD31","SUPCASE Unicorn Beetle Pro Series Case Designed for Airpods 1 & 2, Full-Body Rugged Protective Case with Carabiner for Apple Airpods 1st & 2nd (DarkGreen)","C",0.18193961679935455,0.1840335875749588,0.002093970775604248,12,12,0
2078523,106460,"ultra low temp glue gun","B00OBC4CU2","AdTech 220-345-5 Hot Glue Sticks 4 Inch Mini Size, Net Weight - 5 lbs , White","C",0.12262891232967377,0.12464902549982071,0.002020113170146942,211,198,13
931274,46801,"gopro strap mount","B01171X0UW","Neewer 50-In-1 Action Camera Accessory Kit, Compatible with GoPro Hero10/Hero9/Hero8/Hero7, GoPro Max, GoPro Fusion, Insta360, DJI Osmo Action/Action 2, AKASO, APEMAN, Campark, SJCAM","C",0.20524930953979492,0.20897136628627777,0.003722056746482849,7,7,0
344966,16447,"black cube storage","B01NH9QVT0","DII Hard Sided Collapsible Fabric Storage Container for Nursery, Offices, & Home Organization, (13x13x13"") - Solid Black","C",0.2784191966056824,0.2767947316169739,-0.001624464988708496,1,1,0
1013737,51128,"honest beauty fundation fairest color","B07F4614F4","Honest Beauty Organic Beauty Facial Oil with Avocado + Apricot + Jojoba Oil | Dermatologist Tested + Hypoallergenic & Vegan + Cruelty free| 1 fl. oz.","C",0.20992496609687805,0.22728753089904785,0.0173625648021698,1,1,0
895021,44873,"generator with automatic transfer switch","B007HS0ONG","Elkhart (LPT50BRD 50 Amp Automatic Transfer Switch","C",0.1840692162513733,0.18350818753242493,-0.0005610287189483643,10,10,0
1072934,54233,"iphone 7 charger for broken charging","B01F9RH5M4","Amazon Basics Nylon Braided Lightning to USB A Cable, MFi Certified Apple iPhone Charger, Rose Gold, 6-Foot","C",0.21950027346611023,0.2253497838973999,0.005849510431289673,3,3,0
1810161,92444,"sheets of thin plastic for cricut","B00MFTLNU0","Scotch Thermal Laminating Pouches, 5 Mil Thick for Extra Protection, 100-Pack, 8.9 x 11.4 inches, Letter Size Sheets, Clear (TP5854-100)","C",0.2359694540500641,0.2317393273115158,-0.004230126738548279,1,1,0
1751047,89299,"rv black water hose","B000BUU5WW","Camco 20 Ft (43051) Sidewinder RV Sewer Hose Support, Made From Sturdy Lightweight Plastic, Won't Creep Closed, Holds Hoses in Place - No Need for Straps","C",0.20786873996257782,0.24494166672229767,0.03707292675971985,7,2,5
472652,23075,"cardstock color printer","B07Q2WYFRZ","Astrobrights Mega Collection, Colored Paper,""Joyful"" 5-Color Assortment, 625 Sheets, 24 lb/89 gsm, 8.5"" x 11"" - MORE SHEETS! (91624)","C",0.15769656002521515,0.1640213429927826,0.006324782967567444,75,50,25
47705,1716,"11 x 24 x 60 kitchen shelving unit white without wheels","B07GT27XDJ","VASAGLE Bathroom Shelf, 5-Tier DIY Storage Rack, Industrial Style Extendable Plant Stand with Adjustable Shelf, for Living Room, Bathroom, Balcony, Kitchen, Rustic Look UBSC25BX","C",0.21296104788780212,0.21316000819206238,0.0001989603042602539,7,7,0
1184387,59987,"large art supply box for kids","B06XW16JWR","Crayola All That Glitters Art Case Coloring Set, Toys, Gift for Kids Age 5+, Pink","C",0.25959324836730957,0.2742672860622406,0.01467403769493103,2,1,1
354994,16994,"blacksmithing","B005DDSXJE","Picard Hammer - Blacksmiths' Tong, flat nosed (0004700-300)","C",0.18839594721794128,0.1913556307554245,0.0029596835374832153,3,3,0
1853978,94762,"small instruments","B081T2XV68","Amazon Basics 1/4 Inch Tweed Cloth Jacket Right-Angle Instrument Cable - 10 Foot (Black & Gray)","C",0.15081918239593506,0.15283779799938202,0.0020186156034469604,61,55,6
586612,29001,"cord for switch to tv","B00A128S24","TP-Link TL-SG105 | 5 Port Gigabit Unmanaged Ethernet Network Switch, Ethernet Splitter | Plug & Play | Fanless Metal Design | Shielded Ports | Traffic Optimization | Limited Lifetime Protection","C",0.17375729978084564,0.16327449679374695,-0.010482802987098694,60,101,-41
1992823,101981,"the first years bottle","B00005BXKM","The First Years 2-in-1 Simple Serve Bottle Warmer | Quickly Warm Bottles of Breastmilk or Formula | Sanitize Pacifiers | Compact Design | Holds Wide Narrow and Angled Bottles","C",0.1900957077741623,0.1957867443561554,0.005691036581993103,3,3,0
2173147,111413,"whiteboard hooks hang","B073XS3CHW","Command Small Picture Hanging Strips, 18-Pairs (36-Strips), Decorate Damage-Free, Easy to Open Packaging","C",0.17365509271621704,0.16719681024551392,-0.006458282470703125,43,62,-19
2173147,111413,"whiteboard hooks hang","B073XS3CHW","3M コマンド ファスナー キレイにはがせる 掲示用タブ フレーム パック Sサイズ 白 4組耐荷重1.8kg 18組 PH202-18NA","C",0.17365509271621704,0.16719681024551392,-0.006458282470703125,43,62,-19
160846,6976,"adult toy","1541146921","You Are Fucking Awesome: A Motivating Swear Word Coloring Book for Adults","I",0.1398361325263977,0.1620859056711197,0.022249773144721985,342,134,208
204065,9245,"anjou coconut oil","B005V4ZLNG","Plant Therapy Clary Sage Essential Oil 100% Pure, Undiluted, Natural Aromatherapy, Therapeutic Grade 10 mL (1/3 oz)","I",0.07578455656766891,0.05900002643465996,-0.016784530133008957,382,449,-67
14829,512,"04 f150 black beadlight without amber","B01I9XVAB2","DNA Motoring HL-OH-F1504-CH-AM Chrome Amber Headlights Replacement Compatible with 04-08 F-150/06-08 Mark LT","I",0.20139823853969574,0.21776947379112244,0.016371235251426697,6,3,3
135969,5709,"I would get a Windows laptop that could support online gaming. Full keyboard with num pad and a large monitor.","B07SXMZLPK","AMD Ryzen 7 3700X with Wraith Prism cooler 3.6GHz 8コア / 16スレッド 36MB 65W【国内正規代理店品】 100-100000071BOX","I",0.1888439953327179,0.18216021358966827,-0.006683781743049622,7,11,-4
45271,1623,"10x 7 x 2decorative pastry boxes 10x7x2 without window","B004TW8930","Decor Grates ADH410-NKL Floor Register, 4x10, Brushed Nickel","I",0.20182250440120697,0.18083254992961884,-0.020989954471588135,6,19,-13
133895,5628,"A standard laptop running on windows. It has good sound and graphics","B086MBQKH2","Acer Chromebook Spin 311 Convertible Laptop, Intel Celeron N4020, 11.6"" HD Touch, 4GB LPDDR4, 32GB eMMC, Gigabit Wi-Fi 5, Bluetooth 5.0, Google Chrome, CP311-2H-C679","I",0.18684816360473633,0.21520724892616272,0.02835908532142639,5,1,4
1439712,73175,"new thriller series","B07FRX55RK","Rosario + Vampire: The Complete Series [Blu-ray]","I",0.15262115001678467,0.15704600512981415,0.00442485511302948,39,33,6
114109,4661,"50 ways to soothe yourself without food","B0894Q5NZV","Communication Skills Training: How to Talk to Anyone, Connect Effortlessly, Develop Charisma, and Become a People Person","I",0.11646886169910431,0.12869121134281158,0.012222349643707275,320,201,119
24560,866,"1 port coax 1 port cat5e without wall plate","B0034XRLGQ","Legrand - On-Q WP3401WH Single Gang, 1 Port Keystone Wall Plate, White","I",0.22777695953845978,0.21203340590000153,-0.015743553638458252,2,3,-1
1947356,99705,"sweaters with rappers on them","B003H9LGL8","Men's Sterling Silver Crucifix Pendant Necklace with Stainless Steel Chain, 24""","I",0.06553701311349869,0.09385842084884644,0.028321407735347748,135,41,94
15555,551,"06 town and country ac compressor","B00JBKJKDI","UAC Universal Air Conditioner CO 29001C A/C Compressor and Clutch, GREY","I",0.22859904170036316,0.23301492631435394,0.004415884613990784,1,1,0
341844,16280,"black and gold warm ups","B071KHZZPW","adidas Men’s Core18 Training Pants, Black/White, Medium","I",0.17571215331554413,0.16741733253002167,-0.008294820785522461,1,3,-2
1662185,84713,"puzzle kit for kids to paint on it","B07L11KNHW","Plugo Count by PlayShifu - Math Games with Stories for 4-10 Years - STEM Toys with Sequences, Comparison, Addition, Subtraction, Multiplication (App-Based)","I",0.18531841039657593,0.1998569816350937,0.014538571238517761,30,18,12
42294,1513,"100’ air hose retractable reel without hose","B08B5XG8DB","Giraffe Retractable Garden Hose Reel 1/2"" 100ft with 9 Pattern Hose Nozzle, Wall Mounted Water Hose Reel Automatic Rewind with Any Length Lock and 180° Swivel Bracket","I",0.2399590015411377,0.24813304841518402,0.008174046874046326,3,2,1
1885572,96401,"sp 41","B00AN89RQM","Maxpower 561714B Mower Blades, yellow","I",0.17788563668727875,0.17066822946071625,-0.0072174072265625,13,22,-9
27377,961,"1-year old toys","B07BPZNM9G","LeapFrog Scout and Violet 100 Words Book (Amazon Exclusive), Purple","I",0.19281892478466034,0.2031424194574356,0.010323494672775269,8,6,2
174235,7663,"ajenjo herb","B00F1J791S","Gaia Herbs Eleuthero Root, Vegan Liquid Capsules, 60 Count, Healthy Energy and Stamina, Mental Endurance, Metabolic Efficiency and Stress Resistance, Siberian Ginseng 554mg","I",0.14929750561714172,0.15057697892189026,0.0012794733047485352,114,106,8
347173,16568,"black heels 80’s heels","B0000ASD62","Reebok Women's Freestyle Hi Walking Shoe, Black, 9","I",0.17269933223724365,0.19112834334373474,0.01842901110649109,3,1,2
10242,348,".40 cal suppressor oil filter not as it seems","B001O4GRY4","Baldwin Filters Oil Filter, Spin-On, Full-Flow, Red","I",0.21963125467300415,0.21679434180259705,-0.0028369128704071045,1,1,0
1108240,56046,"jms580","B07SQZYW2V","CORSAIR M.2 SSD Force MP600シリーズ 1TB CSSD-F1000GBMP600 HD2593","I",0.1745576411485672,0.1932910978794098,0.01873345673084259,80,15,65
5030,165,"(8 pck, one without packaging ) umbra single","B00JM5GW10","Play-Doh Modeling Compound 10-Pack Case of Colors, Non-Toxic, Assorted, 2 oz. Cans, Ages 2 and up, Multicolor (Amazon Exclusive)","I",0.11787839978933334,0.1041349396109581,-0.013743460178375244,381,434,-53
81526,3190,"2b or not 2b","B07DRXBGXR","Got2b Ultra Glued Invincible Styling Hair Gel, 6 Ounce (Pack of 3)","I",0.17441444098949432,0.1915397346019745,0.017125293612480164,2,1,1
1795779,91704,"senhizer wireless mic","B00HVLUR86","audio-technica プロフェッショナルモニターヘッドホン ATH-M50x ブラック スタジオレコーディング / ミキシング / DJ /トラックメイキング","I",0.17402228713035583,0.1688893884420395,-0.005132898688316345,67,82,-15
19789,695,"1 carry-on bag not exceeding 22 x 16 x 10 in","B001AS81U2","Excedrin Extra Strength Pain Reliever, 24-ct","I",0.15336689352989197,0.1627105474472046,0.009343653917312622,56,36,20
1395842,70920,"motorcycle clubs are not street gangs","B0858TS47Q","LEGO Technic Ducati Panigale V4 R 42107 Motorcycle Toy Building Kit, Build A Model Motorcycle, Featuring Gearbox and Suspension (646 Pieces),","I",0.1738823652267456,0.1649353802204132,-0.008946985006332397,2,2,0
1444045,73410,"night stand single","B01IU6RJYA","Linenspa 8 Inch Memory Foam and Innerspring Hybrid Medium-Firm Mattress-Twin Mattress","I",0.18571434915065765,0.20113907754421234,0.015424728393554688,28,9,19
311234,14735,"behritone","B07N28P3W9","Squier by Fender Classic Vibe Bass VI - Laurel - Black","I",0.18756377696990967,0.1903703808784485,0.0028066039085388184,24,16,8
183030,8126,"all the colors of the dark blu ray","B0774D6HBB","The Dark Knight Trilogy [Blu-ray]","I",0.2313658595085144,0.2412649393081665,0.0098990797996521,1,1,0
117084,4803,"5x plus size pants","B010CZE87I","Just My Size Women's Plus-Size EcoSmart Sweatpants, Ebony, 4XL","I",0.24038121104240417,0.27593666315078735,0.03555545210838318,1,1,0
6921,229,"+women red shoes without lacies","B07PL1YTQ7","New Balance Women's 411 V1 Walking Shoe, White/White, 11","I",0.1826077401638031,0.16879995167255402,-0.013807788491249084,1,5,-4
885475,44369,"garbage compactor","B00VI78YXE","Rev-A-Shelf 53WC-2150SCDM-217 Double 50-Quart Undermount Kitchen Cabinet Pullout Waste Containers with Soft Close, Silver","I",0.22991597652435303,0.23965653777122498,0.009740561246871948,2,1,1
1277348,64761,"mag 4 bolt cleaning tool","B01M0F4NFO","GLORYFIRE Universal Gun Cleaning Kit Hunting Handgun Shot Gun Cleaning Kit for All Guns with Case Travel Size Portable Metal Brushes","I",0.2321404218673706,0.2095699906349182,-0.022570431232452393,4,17,-13
1846571,94363,"slide for bed without bed","B0788TG3SJ","Zinus Judy Upholstered Platform Bed Frame / Mattress Foundation / Wood Slat Support / No Box Spring Needed / Easy Assembly, Queen,Grey","I",0.19889120757579803,0.22222501039505005,0.023333802819252014,7,1,6
936084,47050,"grandma's poison ivy and oak soap","B074ZGHFRM","Cetaphil Bar Soap, Deep Cleansing Face and Body Bar, Pack of 3, For Dry to Normal, Sensitive Skin, Soap Free, Hypoallergenic, Paraben Free, Fragrance Free, Removes Makeup, Dirt and Oil","I",0.15506525337696075,0.15654191374778748,0.0014766603708267212,8,8,0
29963,1058,"1/2 in air hose reel 100 ft retractable without hose","B004DEA3HY","PENTAGON TOOLS - 3260 REEL KWIK 100 AIR REEL 3260 Pentagon Tools 3/8 300PSI Heavy Duty Retractable 100 Foot Air Hose & Reel Professional Grade","I",0.3209209144115448,0.33840247988700867,0.017481565475463867,1,1,0
1960170,100320,"taco vs burrito","B07K5BD5F4","Joking Hazard by Cyanide & Happiness - a funny comic building party game for 3-10 players, great for game night","I",0.10420161485671997,0.12375134229660034,0.01954972743988037,144,51,93
203117,9194,"animal print zip binder","B005JW6G2U","Avery 75308 Small Binder Pockets, Fold-Out, 5 1/2 x 9 1/4, Assorted (Pack of 3)","I",0.20735809206962585,0.21871092915534973,0.011352837085723877,3,1,2
2212,72,"$100 things that are not electronics","B007XVYPS2","VTech Spin and Learn Color Flashlight, Yellow","I",0.14150848984718323,0.13515037298202515,-0.006358116865158081,356,397,-41
1712171,87308,"retractable portable","B07ZNT29ZF","Powlaken Watch Charger, Magnetic Charging Cable Cord Compatible with Apple Watch Series Se, 6, 5, 4, 3, 2, 1","I",0.17124956846237183,0.17397922277450562,0.002729654312133789,215,199,16
1611393,82080,"pontiac solstice interioir door handle","B000J1HDWI","BOSS Audio Systems CH6520 Car Speakers - 250 Watts of Power Per Pair, 125 Watts Each, 6.5 Inch, Full Range, 2 Way, Sold in Pairs, Black","I",0.13213181495666504,0.14583854377269745,0.01370672881603241,52,33,19
2085535,106839,"unicorn tails book","B0084JUNVU","Crayola Light Up Tracing Pad Pink, Gifts for Girls & Boys, Age 6, 7, 8, 9","I",0.20632703602313995,0.21753351390361786,0.011206477880477905,2,1,1
81525,3190,"2b or not 2b","B07CTSS14R","OGX Coffee Scrub and Wash, Coconut 19.5 Fl Oz","I",0.08816539496183395,0.09355418384075165,0.005388788878917694,436,417,19
1066483,53893,"ipad pencil 1st generation","B07XL7G4HH","Apple iPad (10.2-inch, Wi-Fi, 32GB) - Silver (Previous Model)","I",0.18794532120227814,0.2026779055595398,0.014732584357261658,9,5,4
25062,884,"1 step motorhome cleaner without washing","B07F6N3RT6","BISSELL 2252 CleanView Swivel Upright Bagless Vacuum Carpet Cleaner, Green Pet","I",0.2126646190881729,0.2439778745174408,0.03131325542926788,3,1,2
144176,6087,"above ground slide for pool","B0777W9N81","Intex - 42"" Pool Ladder","I",0.19043461978435516,0.2102092206478119,0.019774600863456726,1,1,0
20079,705,"1 contacts not more than three dollars","B00BCXRUFC","Glade Solid Air Freshener, Deodorizer for Home and Bathroom, Lavender & Peach Blossom, 6 Oz, Pack of 1","I",0.11124008893966675,0.10251330584287643,-0.008726783096790314,282,358,-76
32737,1162,"10 and 8 yr old. make up without the nieal plush","B074RCV4HQ","Mattel Games Juego de cartas UNO Minecraft, juego de mesa para niños + 7 años (Mattel FPD61)","I",0.1721203476190567,0.17529791593551636,0.0031775683164596558,12,8,4
1267561,64286,"lung compressor","B004NDFRVC","dbx 266xs Professional Audio Compressor/Gate Dynamic Processor","I",0.1744944155216217,0.18035516142845154,0.005860745906829834,32,19,13
1424827,72384,"natural vitamins for anxiety","B07R8GD47V","Apple Cider Vinegar Gummy Vitamins by Goli Nutrition - Immunity & Detox - (1 Pack, 60 Count, with The Mother, Gluten-Free, Vegan, Vitamin B9, B12, Beetroot, Pomegranate)","I",0.17695271968841553,0.196645587682724,0.01969286799430847,12,6,6
276282,12942,"band tshirt dress","B01JZ4KFTM","SheIn Women's Summer Short Sleeve Loose Casual Tee T-Shirt Black Medium","I",0.1986543983221054,0.1997372806072235,0.001082882285118103,2,2,0
2216,72,"$100 things that are not electronics","B01B8R6V2E","Amazon Basics 100 Pack AAA High-Performance Alkaline Batteries, 10-Year Shelf Life, Easy to Open Value Pack","I",0.16858500242233276,0.16750429570674896,-0.0010807067155838013,144,150,-6
16758,599,"0rgans only not piano for sale","B07FDL3NGT","RockJam 61 Portable Electronic Keyboard with Key Note Stickers, Power Supply and Simply Piano App Content, Compact (RJ361)","I",0.19565449655056,0.20190200209617615,0.00624750554561615,2,2,0
1241390,62937,"little girl book","0062422502","Dear Girl,: A Celebration of Wonderful, Smart, Beautiful You!","I",0.2405291199684143,0.2501717805862427,0.00964266061782837,1,1,0
885483,44369,"garbage compactor","B073PNQDPM","SensorCan 13 Gallon Battery-FREE Automatic Sensor Kitchen Trash Can with Power Adapter, Oval Shape Stainless Steel Garbage Bin with AC Plug","I",0.22054627537727356,0.22248205542564392,0.0019357800483703613,3,3,0
314573,14910,"benchmade pocket knife replacement screws","B01B7MPG6W","Kershaw TX-Tool (TXTOOL); 4.8 in. Single-Position Multifunction Magnetic Bit Driver; Includes T-6, T-8, T-10, 2 Phillips and Slotted Screwdriver Bit; 1.1 oz, Black","I",0.1787831336259842,0.2030995935201645,0.024316459894180298,5,2,3
1639116,83522,"probably something that has a good amd ryzen processor in it with metal build quality and a nice va panel screen  ","B07SXMZLP9","AMD Procesador RYZEN9 3900x Socket AM4","I",0.22207696735858917,0.2101241946220398,-0.011952772736549377,1,3,-2
211051,9601,"apollo the race to the moon","1557539693","A Reluctant Icon: Letters to Neil Armstrong (Purdue Studies in Aeronautics and Astronautics)","I",0.1794864684343338,0.16313819587230682,-0.016348272562026978,4,4,0
640047,31746,"day cream with spf 30 anti aging","B00HNSSPDG","Neutrogena Triple Age Repair Night Cream (Noche Cuidado Antienvejecimiento) Estados Unidos","I",0.2430511862039566,0.2523566782474518,0.009305492043495178,2,1,1
248071,11461,"avent natural bottle caps","B07CL24B4G","Philips Avent Natural Baby Bottle, Clear, 11oz, 4pk, SCF016/47","I",0.24419203400611877,0.24259743094444275,-0.0015946030616760254,1,1,0
139733,5879,"a plus","B07MY4KWFP","Seagate Backup Plus Slim 2TB External Hard Drive Portable HDD – Silver USB 3.0 For PC Laptop And Mac, 1 year Mylio Create, 2 Months Adobe CC Photography (STHN2000401)","I",0.13650056719779968,0.15359486639499664,0.01709429919719696,402,219,183
136290,5722,"I would want a light weight protable laptop with a graphics card and alot of memory","B07SXMZLPK","AMD Ryzen 7 3700X with Wraith Prism cooler 3.6GHz 8コア / 16スレッド 36MB 65W【国内正規代理店品】 100-100000071BOX","I",0.22544071078300476,0.21291731297969818,-0.01252339780330658,2,7,-5
49301,1770,"11inch trunks without liner","B07856YYZG","Goodthreads Men's 7"" Inseam Swim Trunk, Aquifer, Large","I",0.18970641493797302,0.23181389272212982,0.0421074777841568,14,2,12
237872,10942,"athletic greens powder","B00K6JUG4K","Vital Proteins Collagen Peptides Powder - Pasture Raised, Grass Fed, unflavored 20 oz","I",0.19156739115715027,0.21096546947956085,0.019398078322410583,9,4,5
1012799,51075,"hommie smart watch","B01N1UX8RW","Bascula de Baño Digital Grasa Corporal, RENPHO Balanza Bluetooth Inteligente con App, Bascula Electrónica Analógica Monitores con Análisis Corporal, 13 Mediciónes de Peso IMC Visceral e Muscular","I",0.17570650577545166,0.19659367203712463,0.020887166261672974,4,3,1
1885565,96401,"sp 41","B0786QNS9B","Crucial MX500 500GB 3D NAND SATA 2.5 Inch Internal SSD, up to 560MB/s - CT500MX500SSD1","I",0.14299927651882172,0.13482794165611267,-0.008171334862709045,154,226,-72
251776,11648,"b07hg8b419 kids","B07H8WS1FT","Fire 7 Kids tablet, 7"" Display, ages 3-7, 16 GB, Blue Kid-Proof Case","I",0.16845691204071045,0.1713305562734604,0.002873644232749939,22,13,9
160792,6974,"adult thomas the train shirt","B0002M4S4A","Dickies Hickory Striped Bib Overalls, Hickory Stripe, 36x32","I",0.17044664919376373,0.18791252374649048,0.017465874552726746,7,5,2
738324,36751,"educated book tara westover","0425284700","Before We Were Yours: A Novel","I",0.2104632556438446,0.19791558384895325,-0.012547671794891357,1,3,-2
1135,34,"#4 pads without wings","B0014GXBTG","Seventh Generation Ultrathin Pads, Regular with wings, Free & Clear, 18 count","I",0.22167620062828064,0.2783224284648895,0.05664622783660889,1,1,0
29432,1039,"1/16th scale gravity wagon without tractor","B00Q5IBHLC","Bruder John Deere 7930 1:16 Scale Double Wheeled Tractor, Ages 4+","I",0.18794018030166626,0.207058385014534,0.019118204712867737,4,3,1
733870,36529,"eat veggies not friends","045149699X","Dining In: Highly Cookable Recipes: A Cookbook","I",0.1474805325269699,0.17676544189453125,0.02928490936756134,8,3,5
221612,10125,"arcade console fitting","B001UW9Z6M","Arcade Zone - Nintendo Wii","I",0.19598804414272308,0.2095278799533844,0.013539835810661316,2,1,1
1847351,94406,"slim diaper changing pad","B077D3JKVR","Baby Wipes, Pampers Aqua Pure Sensitive Water Baby Diaper Wipes, Hypoallergenic and Unscented, 6X Pop-Top Travel Packs, 336 Count (Packaging May Vary)","I",0.21535161137580872,0.21275369822978973,-0.002597913146018982,5,5,0
2184718,112030,"winter placemats black and white plaid reversible","B00J3U6002","Eddie Bauer - 200404 Fairview Collection 100% Cotton Reversible & Light-Weight Quilt Bedspread with Matching Shams, 3-Piece Bedding Set, Pre-Washed for Extra Comfort, Full/Queen, Grey","I",0.24027536809444427,0.21132977306842804,-0.028945595026016235,1,3,-2
872211,43693,"futuro back support for men","B00CREYMW4","Futuro - 70005121614 FUTURO Deluxe Thumb Stabilizer, Small/Medium Black","I",0.22927001118659973,0.23142965137958527,0.0021596401929855347,1,1,0
257171,11924,"baby fisher price cat","B07DK6QJMM","Fisher-Price Taco Tuesday Gift Set","I",0.10828487575054169,0.08037448674440384,-0.027910389006137848,130,305,-175
792929,39509,"family costumes","B00TO6E0T8","Rubies Disfraz hinchable T-Rex, Talla única (Rubie's Spain 810481)","I",0.1744450330734253,0.18574105203151703,0.011296018958091736,3,3,0
2043116,104637,"toys for 8 year old boy educations","0763622281","Encyclopedia Prehistorica Dinosaurs : The Definitive Pop-Up","I",0.17864401638507843,0.172563835978508,-0.006080180406570435,54,63,-9
2144085,109846,"watch the game not your phone tshirt","B01M4S54JJ","That's What She Said Game - The Hilariously Twisted Party Game Adults Only","I",0.17152278125286102,0.16608089208602905,-0.00544188916683197,6,7,-1
1247499,63264,"loft bed without desk","B073WRF565","Amazon Basics Foldable, 14"" Black Metal Platform Bed Frame with Tool-Free Assembly, No Box Spring Needed - Full","I",0.2088361382484436,0.21652089059352875,0.007684752345085144,4,2,2
632222,31330,"dadorlian shirt","B07YQHQC9G","Star Wars The Mandalorian IG-11 Battle Ready T-Shirt","I",0.21440131962299347,0.2242550104856491,0.00985369086265564,3,2,1
2207137,113243,"womens shooting gear","B0131S86O4","SOG Specialty Knives & Tools SOG Ninja Tactical Daypack Backpack, Desert Clay, One Size","I",0.18147382140159607,0.184672012925148,0.003198191523551941,9,6,3
1783690,91066,"scotch lip balm","B07BV5LT27","Bissell Professional Pet Urine Elimator with Oxy and Febreze Carpet Cleaner Shampoo 48 Ounce","I",0.06287888437509537,0.09868862479925156,0.03580974042415619,458,270,188
213201,9701,"apple homepod","B016NY7784","Apple Pencil (1.ª Generación)","I",0.2091813087463379,0.2142210751771927,0.005039766430854797,3,3,0
3061,100,"$5 items","B00O869QUC","Amazonベーシック 乾電池 単4形 アルカリ 8個セット","I",0.15782274305820465,0.15287336707115173,-0.0049493759870529175,277,331,-54
1288757,65351,"man cave","B00ZAGVD1O","Ottomanson Hundred Dollar Bill runner rug, 22"" x 53', Multicolor","I",0.17762653529644012,0.18097597360610962,0.0033494383096694946,2,2,0
918896,46148,"gm crate engines 350","B000182DIS","Edelbrock 1406 Performer 600 CFM Square Bore 4-Barrel Air Valve Secondary Electric Choke Carburetor","I",0.22795511782169342,0.2245430201292038,-0.003412097692489624,1,1,0
185687,8265,"aloe vera water without latex","B006UZMXZY","Ardell, Tratamiento para pestañas (DUO Brush On Strip Lash Adhesive Clear), 5 g","I",0.2091408222913742,0.17007221281528473,-0.03906860947608948,2,20,-18
913374,45864,"glass green house","B01EZV35QU","Kasa Smart Light Switch HS200, Single Pole, Needs Neutral Wire, 2.4GHz Wi-Fi Light Switch Works with Alexa and Google Home, UL Certified, No Hub Required , White","I",0.11617998778820038,0.16927583515644073,0.053095847368240356,103,5,98
304185,14358,"beatles baby clothes","B07F37675K","Kids Beatles Sock Box Set","I",0.1768428236246109,0.1881258338689804,0.011283010244369507,6,3,3
705959,35124,"dr brandt do not age","B07PNCCLD2","CeraVe Vitamin C Serum with Hyaluronic Acid | Skin Brightening Serum for Face with 10% Pure Vitamin C | Fragrance Free | 1 Fl. Oz","I",0.11368399858474731,0.09871429949998856,-0.014969699084758759,260,418,-158
1243456,63049,"live not by lives","1250066115","How Not to Die: Discover the Foods Scientifically Proven to Prevent and Reverse Disease","I",0.16285625100135803,0.19610431790351868,0.033248066902160645,1,1,0
269080,12565,"bae watch red bathing suit","B06XWNFLQX","Amazon Essentials Men's Quick-Dry 9"" Swim Trunk, Red, Large","I",0.24148207902908325,0.25439581274986267,0.012913733720779419,1,1,0
653335,32431,"depends night defense medium for women","B0792H39SM","Depend FIT-FLEX Incontinence Underwear for Men, Maximum Absorbency, Disposable, Large, Grey, 52 Count (2 Packs of 26) (Packaging May Vary)","I",0.2618067264556885,0.27065831422805786,0.008851587772369385,3,3,0
3948,131,"'forget me not i' 2 piece framed print","B07VCK59HV","Geometric Mountain Canvas Wall Art for Office Bedroom,Rustic Wall Decor for Living Room Blue Sky Mountain Pictures on Canvas Prints,3 Piece Framed Rustic Home Decor Artwork","I",0.19015942513942719,0.1470932513475418,-0.043066173791885376,4,9,-5
38712,1386,"100 day girls","B076FNQWTF","The Girl Who Lived: A Thrilling Suspense Novel","I",0.11125977337360382,0.10620272159576416,-0.005057051777839661,254,303,-49
329237,15626,"big girl bath cloth","B06WD5TSX5","Simple Joys by Carter's Baby Boys' 6-Pack Short-Sleeve Bodysuit, White, Blue, Gray/Red, 0-3 Months","I",0.1728450059890747,0.19449235498905182,0.021647348999977112,32,7,25
1885571,96401,"sp 41","B00BB5YHEI","Remington F5-5800 Foil Shaver, Men's Electric Razor, Electric Shaver, Black","I",0.13492055237293243,0.1327173113822937,-0.002203240990638733,226,240,-14
73422,2822,"20"" stockings","B0735V67KT","Fruit of the Loom mens Cotton Work Gear Crew | Cushioned, Wicking, Durable 10 Pack Casual Sock, White, Shoe Size 6-12 US","I",0.1766732931137085,0.19932369887828827,0.022650405764579773,3,1,2
397293,19131,"boyfriend gifts","1594743061","How to Live with a Huge Penis: Advice, Meditations, and Wisdom for Men Who Have Too Much","I",0.15026764571666718,0.14973661303520203,-0.0005310326814651489,127,137,-10
657468,32635,"desk rack green gold","B006MISZOC","ZINUS SmartBase Tool-Free Assembly Mattress Foundation / 14 Inch Metal Platform Bed Frame / No Box Spring Needed / Sturdy Steel Frame / Underbed Storage, Full,Black","I",0.171264186501503,0.19761265814304352,0.026348471641540527,46,9,37
16000,570,"08 civic si fog lights without switch","B082NC67DP","Nilight - 90105C 3 Gang Aluminum Rocker Switch Panel 5 Pin ON/Off Pre-Wired Toggle Switch Panel With Rocker Switch Holder 12/24V for Marine Boat Car ATV UTV, 2 Years Warranty","I",0.20788857340812683,0.2193957269191742,0.011507153511047363,3,2,1
1965879,100612,"tank m2","B07B41WS48","AMD CPU Ryzen 5 2600 with Wraith Stealth cooler YD2600BBAFBOX","I",0.13537560403347015,0.13207779824733734,-0.0032978057861328125,124,157,-33
15395,544,"06 saturn ion fuel pump assembly without pump without pump","B00C7VWQUM","Bosch 0261222018 Original Equipment Self-Diagnosis Module","I",0.21377775073051453,0.21615594625473022,0.0023781955242156982,2,1,1
34582,1236,"10 intex pool without filter","B00I3N8DM8","Intex Type S1 Filter Cartridge for PureSpa, Twin Pack","I",0.20788894593715668,0.21850314736366272,0.010614201426506042,2,2,0
930422,46749,"google watch for women","B0777S47VQ","Star Trek: The Next Generation Bluetooth Communicator Badge","I",0.14171484112739563,0.11436018347740173,-0.027354657649993896,35,161,-126
1012288,51046,"homebrew water filter","B00BEUDWJQ","Rubbermaid Reveal Power Scrubber, Grout & Tile Bathroom Cleaner, Shower Cleaner, and Bathtub Cleaner, Multi-Purpose Scrub Brush","I",0.09660208970308304,0.11109449714422226,0.014492407441139221,285,202,83
29935,1058,"1/2 in air hose reel 100 ft retractable without hose","B01GJ7O6DE","ReelWorks CR625201S3A Heavy Duty Extension Cord Reel With Swivel Bracket, 12AWG/3C SJT, Triple Tap, 65 ft.","I",0.2710845470428467,0.27338719367980957,0.0023026466369628906,2,2,0
2189241,112272,"wise outdoor camera","B07DGR98VQ","Cámara Wyze Pan 1080P – Cámara de Interior Inteligente Wi-Fi para la casa con visión Nocturna y Audio radios, Compatible con Alexa","I",0.24689407646656036,0.250887393951416,0.003993317484855652,1,1,0
76664,2964,"234 torsion spring","B07H4BGY1W","Chamberlain Smart Garage Door Opener - Wall Mounted - myQ Smartphone Controlled - Ultra Quiet Space Saving Direct Drive, Model RJO20, Black","I",0.11333508789539337,0.13100503385066986,0.01766994595527649,354,265,89
1274743,64626,"macbook pro charger usb c apple","B07L32B9C2","Anker 4-Port USB 3.0 Hub, Ultra-Slim Data USB Hub with 2 ft Extended Cable [Charging Not Supported], for MacBook, Mac Pro, Mac mini, iMac, Surface Pro, XPS, PC, Flash Drive, Mobile HDD","I",0.217183455824852,0.24123816192150116,0.02405470609664917,8,5,3
30394,1074,"1/2 pint double wall containers without lids","B00BXDZSSC","Bodum Pavina Glass, Double-Wall Insulate Glass, Clear, 12 Ounces Each (Set of 2)","I",0.2224569022655487,0.22046703100204468,-0.0019898712635040283,5,5,0
21899,765,"1 inch 3 ring binder without clear pocket","B003087JT4","Avery Binder Pockets, Clear, 8.5"" x 11"", Acid-Free, Durable, 5 Slash Jackets (75243)","I",0.293965220451355,0.3197879195213318,0.025822699069976807,1,1,0
502458,24597,"chair cushions multi pack","B00MUZVKY8","American Baby Company Waterproof Fitted Crib and Toddler Protective Mattress Pad Cover, White, for Boys and Girls, 52x28x9 Inch (Pack of 1)","I",0.14806415140628815,0.22488902509212494,0.07682487368583679,84,3,81
16252,579,"08 wrangler jk without hitch","B001CF6WAO","Smittybilt JH45 Receiver Hitch , Black","I",0.1815231889486313,0.19369542598724365,0.012172237038612366,2,2,0
154637,6639,"adidas baby boy socks","B07SCYXQQV","adidas baby boys Goletto Vii Fg J Football Shoe, Core Black/Team Royal Blue/Team Royal Blue, 1 Little Kid US","I",0.20347297191619873,0.19046884775161743,-0.013004124164581299,6,8,-2
1149033,58204,"kindle fire","B07Y11LT52","Made For Amazon, 15W Type-C Wall Charger with USB-C Cable - Black","I",0.18745891749858856,0.2201753407716751,0.03271642327308655,12,5,7
293076,13785,"bathroom storage shelf","B01MQRRD6O","Amazon Basics - Perchero de montaje en pared, blanco","I",0.1867309808731079,0.13586026430130005,-0.05087071657180786,11,82,-71
1897633,97045,"sports water system","B07J3NMN9L","LifeStraw Flex Advanced Water Filter with Gravity Bag - Removes Lead, Bacteria, Parasites and Chemicals Blue, 1 gal","I",0.21859967708587646,0.22725240886211395,0.008652731776237488,3,2,1
270232,12627,"baja baby organic lavender lotion reviews","B006L1OA6M","Burt's Bees Baby Oil, Nourishing Skin Care, 100% Natural, 4 Ounce (Pack of 3)","I",0.22569391131401062,0.2319725602865219,0.0062786489725112915,2,1,1
49622,1783,"11x14 frame without mat","B079LM82RD","Amazon Basics 11"" x 14"" Photo Picture Frame or 8"" x 10"" with Mat - Black, 2-Pack","I",0.22150008380413055,0.23389843106269836,0.01239834725856781,3,2,1
421857,20434,"building up without tearing down","B00J56MMPQ","Ocusoft Retaine MGD Ophthalmic Emulsion, Milky White Solution, 30 count Single Use Containers, 0.01 Fluid Ounce","I",0.14166083931922913,0.15790621936321259,0.01624538004398346,221,52,169
29220,1032,"1.9 dome lid without slot","B084JFRDZK","[100 Sets - 16 oz.] Clear Plastic Cups with Straw Slot Lid, PET Crystal Clear Disposable 16oz Plastic Cups with lids","I",0.2004062831401825,0.19714435935020447,-0.0032619237899780273,16,17,-1
1908901,97638,"star wars bb8 costume adult","B01B8WW69Q","Rubie's Costume Star Wars Episode VII: The Force Awakens Deluxe BB-8 Inflatable Costume , Orange","I",0.30478328466415405,0.2924039363861084,-0.012379348278045654,1,1,0
73432,2822,"20"" stockings","B00JM8MWTI","Saucony Men's Multi-Pack Bolt Performance Comfort Fit No-Show Socks, Grey (6 Pairs), Shoe Size: 8-12","I",0.1574842929840088,0.18284271657466888,0.025358423590660095,29,2,27
